-7116, -5932, -4324, -1770, 1707, 5243, 7974, 9586, 10190, 10078, 9552, 8846, 8108, 7410, 6774, 6197, 5669, 5178, 4715, 4275, 3855, 3453, 3071, 2709, 2367, 2044, 1738, 1452, 1183, 932, 698, 480, 278, 93, -74, -225, -359, -479, -587, -686, -775, -853, -921, -980, -1032, -1077, -1113, -1140, -1159, -1172, -1178, -1179, -1174, -1167, -1161, -1162, -1174, -1213, -1384, -2323, -4702, -7887, -10544, -11971, -12108, -11078, -8727, -5022, -836, 2671, 4961, 6079, 6339, 6097, 5628, 5111, 4636, 4230, 3887, 3590, 3321, 3068, 2824, 2583, 2342, 2090, 1804, 1362, 44, -2826, -6432, -9339, -10845, -10356, -7457, -3124, 956, 3843, 5405, 5922, 5780, 5314, 4751, 4211, 3739, 3335, 2982, 2647, 2179, 718, -2449, -6270, -8672, -8156, -5063, -1221, 1898, 0, 0, 0, 0, 0, 0, 0, 0, 0, 0, 0, 0, 0, 0, 0, 0, 0, 0, 0, 0, 0, 0, 0, 0, 0, 0, 0, 0, 0, 0, 0, 0, 0, 0, 0, 0, 0, 0, 0, 0, 0, 0, 0, 0, 0, 0, 0, 0, 0, 0, 0, 0, 0, 0, 0, 0, 0, 0, 0, 0, 0, 0, 0, 0, 0, 0, 0, 0, 0, 0, 0, 0, 0, 0, 0, 0, 0, 0, 0, 0, 0, 0, 0, 0, 0, 0, 0, 0, 0, 0, 0, 0, 0, 0, 0, 0, 0, 0, 0, 0, 0, 0, 0, 0, 0, 0, 0, 0, 0, 0, 0, 0, 0, 0, 0, 0, 0, 0, 0, 0, 0, 0, 0, 0, 0, 0, 0, 0, 0, 0, 0, 0, 0, 0, 0, 0, 0, 0, 0, 0, 0, 0, 0, 0, 0, 0, 0, 0, 0, 0, 0, 0, 0, 0, 0, 0, 0, 0, 0, 0, 0, 0, 0, 0, 0, 0, 0, 0, 0, 0, 0, 0, 0, 0, 0, 0, 0, 0, 0, 0, 0, 0, 0
3507, 4518, 4717, 4432, 3924, 3262, 1761, -1299, -4998, -7325, -6859, -3999, -510, 2250, 3880, 4513, 4475, 4082, 3562, 3041, 2538, 1541, -914, -4641, -7851, -8556, -6233, -2444, 955, 3201, 4278, 4495, 4210, 3707, 3146, 2471, 951, -2083, -5796, -8736, -9985, -8860, -5497, -1352, 2083, 0, 0, 0, 0, 0, 0, 0, 0, 0, 0, 0, 0, 0, 0, 0, 0, 0, 0, 0, 0, 0, 0, 0, 0, 0, 0, 0, 0, 0, 0, 0, 0, 0, 0, 0, 0, 0, 0, 0, 0, 0, 0, 0, 0, 0, 0, 0, 0, 0, 0, 0, 0, 0, 0, 0, 0, 0, 0, 0, 0, 0, 0, 0, 0, 0, 0, 0, 0, 0, 0, 0, 0, 0, 0, 0, 0, 0, 0, 0, 0, 0, 0, 0, 0, 0, 0, 0, 0, 0, 0, 0, 0, 0, 0, 0, 0, 0, 0, 0, 0, 0, 0, 0, 0, 0, 0, 0, 0, 0, 0, 0, 0, 0, 0, 0, 0, 0, 0, 0, 0, 0, 0, 0, 0, 0, 0, 0, 0, 0, 0, 0, 0, 0, 0, 0, 0, 0, 0, 0, 0, 0, 0, 0, 0, 0, 0, 0, 0, 0, 0, 0, 0, 0, 0, 0, 0, 0, 0, 0, 0, 0, 0, 0, 0, 0, 0, 0, 0, 0, 0, 0, 0, 0, 0, 0, 0, 0, 0, 0, 0, 0, 0, 0, 0, 0, 0, 0, 0, 0, 0, 0, 0, 0, 0, 0, 0, 0, 0, 0, 0, 0, 0, 0, 0, 0, 0, 0, 0, 0, 0, 0, 0, 0, 0, 0, 0, 0, 0, 0, 0, 0, 0, 0, 0, 0, 0, 0, 0, 0, 0, 0, 0, 0, 0, 0, 0, 0, 0, 0, 0, 0, 0, 0, 0, 0, 0, 0, 0, 0, 0, 0, 0, 0, 0, 0
231, 208, 169, 127, 84, 50, 39, 49, 72, 94, 100, 75, 17, -62, -139, -196, -216, -178, -96, -5, 69, 114, 118, 76, -36, -246, -488, -613, -548, -341, -90, 128, 285, 372, 398, 386, 357, 321, 275, 223, 176, 144, 130, 125, 116, 85, 18, -91, -222, -318, -322, -226, -80, 50, 134, 176, 189, 182, 161, 133, 104, 58, -69, -333, -632, -778, -690, -441, -149, 101, 0, 0, 0, 0, 0, 0, 0, 0, 0, 0, 0, 0, 0, 0, 0, 0, 0, 0, 0, 0, 0, 0, 0, 0, 0, 0, 0, 0, 0, 0, 0, 0, 0, 0, 0, 0, 0, 0, 0, 0, 0, 0, 0, 0, 0, 0, 0, 0, 0, 0, 0, 0, 0, 0, 0, 0, 0, 0, 0, 0, 0, 0, 0, 0, 0, 0, 0, 0, 0, 0, 0, 0, 0, 0, 0, 0, 0, 0, 0, 0, 0, 0, 0, 0, 0, 0, 0, 0, 0, 0, 0, 0, 0, 0, 0, 0, 0, 0, 0, 0, 0, 0, 0, 0, 0, 0, 0, 0, 0, 0, 0, 0, 0, 0, 0, 0, 0, 0, 0, 0, 0, 0, 0, 0, 0, 0, 0, 0, 0, 0, 0, 0, 0, 0, 0, 0, 0, 0, 0, 0, 0, 0, 0, 0, 0, 0, 0, 0, 0, 0, 0, 0, 0, 0, 0, 0, 0, 0, 0, 0, 0, 0, 0, 0, 0, 0, 0, 0, 0, 0, 0, 0, 0, 0, 0, 0, 0, 0, 0, 0, 0, 0, 0, 0, 0, 0, 0, 0, 0, 0, 0, 0, 0, 0, 0, 0, 0, 0, 0, 0, 0, 0, 0, 0, 0, 0, 0, 0, 0, 0, 0, 0, 0, 0, 0, 0, 0, 0, 0, 0, 0, 0, 0, 0, 0, 0, 0, 0, 0, 0
935, 795, 658, 532, 418, 315, 219, 120, 10, -133, -424, -1489, -4026, -7444, -10313, -11393, -9820, -6015, -1716, 1650, 3675, 4535, 4612, 4267, 3767, 3283, 2900, 2619, 2403, 2209, 2014, 1817, 1633, 1468, 1319, 1181, 1048, 920, 800, 684, 572, 466, 368, 276, 190, 108, 22, -80, -206, -352, -537, -944, -2244, -4888, -8039, -10442, -11518, -11003, -8600, -4700, -589, 2617, 4570, 5423, 5524, 5224, 4786, 4352, 3968, 3633, 3335, 3056, 2786, 2521, 2266, 2029, 1814, 1619, 1438, 1268, 1108, 963, 831, 704, 576, 446, 320, 202, 95, 0, -85, -174, -314, -919, -2886, -6268, -9654, -11735, -11642, -8899, -4517, -285, 0, 0, 0, 0, 0, 0, 0, 0, 0, 0, 0, 0, 0, 0, 0, 0, 0, 0, 0, 0, 0, 0, 0, 0, 0, 0, 0, 0, 0, 0, 0, 0, 0, 0, 0, 0, 0, 0, 0, 0, 0, 0, 0, 0, 0, 0, 0, 0, 0, 0, 0, 0, 0, 0, 0, 0, 0, 0, 0, 0, 0, 0, 0, 0, 0, 0, 0, 0, 0, 0, 0, 0, 0, 0, 0, 0, 0, 0, 0, 0, 0, 0, 0, 0, 0, 0, 0, 0, 0, 0, 0, 0, 0, 0, 0, 0, 0, 0, 0, 0, 0, 0, 0, 0, 0, 0, 0, 0, 0, 0, 0, 0, 0, 0, 0, 0, 0, 0, 0, 0, 0, 0, 0, 0, 0, 0, 0, 0, 0, 0, 0, 0, 0, 0, 0, 0, 0, 0, 0, 0, 0, 0, 0, 0, 0, 0, 0, 0, 0, 0, 0, 0, 0, 0, 0, 0, 0, 0, 0, 0, 0, 0, 0, 0, 0, 0, 0, 0, 0, 0, 0, 0, 0, 0, 0, 0, 0, 0, 0, 0, 0, 0, 0, 0, 0, 0, 0, 0, 0, 0, 0, 0, 0, 0, 0, 0, 0, 0
1805, 4457, 5787, 6115, 5813, 5245, 4724, 4354, 4088, 3852, 3590, 3312, 3054, 2829, 2627, 2442, 2272, 2113, 1955, 1790, 1617, 1436, 1244, 1037, 825, 622, 424, 196, -138, -577, -971, -1246, -1546, -1885, -1919, -1491, -842, -246, 131, 193, -81, -562, -1029, -1301, -1265, -915, -391, 122, 506, 719, 748, 541, -161, -1790, -3946, -5183, -4782, -3376, -1957, -1015, -300, 536, 1409, 2088, 2477, 2588, 2459, 1877, 263, -2374, -4893, -6055, -5323, -3076, -377, 1862, 3287, 3930, 3976, 3624, 3108, 2664, 2366, 2155, 1913, 1568, 1258, 1136, 1165, 1216, 1154, 921, 646, 499, 467, 455, 415, 336, 243, 154, 77, 10, -54, -122, -195, -265, -325, -371, -403, -425, -438, -448, -456, -461, -456, -427, -371, -288, -187, -84, -24, -97, -367, -751, -1086, -1268, -1239, -968, -525, -64, 295, 508, 0, 0, 0, 0, 0, 0, 0, 0, 0, 0, 0, 0, 0, 0, 0, 0, 0, 0, 0, 0, 0, 0, 0, 0, 0, 0, 0, 0, 0, 0, 0, 0, 0, 0, 0, 0, 0, 0, 0, 0, 0, 0, 0, 0, 0, 0, 0, 0, 0, 0, 0, 0, 0, 0, 0, 0, 0, 0, 0, 0, 0, 0, 0, 0, 0, 0, 0, 0, 0, 0, 0, 0, 0, 0, 0, 0, 0, 0, 0, 0, 0, 0, 0, 0, 0, 0, 0, 0, 0, 0, 0, 0, 0, 0, 0, 0, 0, 0, 0, 0, 0, 0, 0, 0, 0, 0, 0, 0, 0, 0, 0, 0, 0, 0, 0, 0, 0, 0, 0, 0, 0, 0, 0, 0, 0, 0, 0, 0, 0, 0, 0, 0, 0, 0, 0, 0, 0, 0, 0, 0, 0, 0, 0, 0, 0, 0, 0, 0, 0, 0, 0, 0, 0, 0, 0, 0, 0, 0, 0, 0, 0, 0, 0, 0, 0, 0, 0, 0
3991, 4269, 4225, 3795, 3056, 2365, 1937, 1571, 646, -1525, -4694, -7702, -9669, -10397, -10087, -9050, -7291, -4466, -696, 3073, 5889, 7390, 7632, 6874, 5535, 4056, 2754, 1790, 1209, 1011, 1116, 1376, 1821, 2550, 3383, 3969, 3983, 2890, 307, -3097, -6088, -7936, -8511, -7707, -5241, -1456, 2422, 5340, 6989, 7539, 7325, 6637, 5588, 4274, 3002, 2103, 1643, 1457, 1387, 1403, 1498, 1631, 1740, 1746, 1483, 319, -2365, -5907, -8921, -10655, -10856, -9139, -5553, -1264, 2369, 0, 0, 0, 0, 0, 0, 0, 0, 0, 0, 0, 0, 0, 0, 0, 0, 0, 0, 0, 0, 0, 0, 0, 0, 0, 0, 0, 0, 0, 0, 0, 0, 0, 0, 0, 0, 0, 0, 0, 0, 0, 0, 0, 0, 0, 0, 0, 0, 0, 0, 0, 0, 0, 0, 0, 0, 0, 0, 0, 0, 0, 0, 0, 0, 0, 0, 0, 0, 0, 0, 0, 0, 0, 0, 0, 0, 0, 0, 0, 0, 0, 0, 0, 0, 0, 0, 0, 0, 0, 0, 0, 0, 0, 0, 0, 0, 0, 0, 0, 0, 0, 0, 0, 0, 0, 0, 0, 0, 0, 0, 0, 0, 0, 0, 0, 0, 0, 0, 0, 0, 0, 0, 0, 0, 0, 0, 0, 0, 0, 0, 0, 0, 0, 0, 0, 0, 0, 0, 0, 0, 0, 0, 0, 0, 0, 0, 0, 0, 0, 0, 0, 0, 0, 0, 0, 0, 0, 0, 0, 0, 0, 0, 0, 0, 0, 0, 0, 0, 0, 0, 0, 0, 0, 0, 0, 0, 0, 0, 0, 0, 0, 0, 0, 0, 0, 0, 0, 0, 0, 0, 0, 0, 0, 0, 0, 0, 0, 0, 0, 0, 0, 0, 0, 0, 0, 0, 0, 0, 0, 0, 0, 0, 0, 0, 0, 0, 0, 0, 0, 0, 0, 0, 0, 0, 0
6491, 7321, 7384, 6956, 6282, 5532, 4811, 4163, 3595, 3089, 2627, 2199, 1800, 1429, 1086, 769, 477, 207, -40, -268, -476, -671, -860, -1055, -1276, -1537, -1836, -2171, -2685, -3967, -6496, -9600, -12074, -13275, -13149, -11796, -9242, -5742, -1969, 1318, 3664, 4990, 5484, 5424, 5066, 4596, 4122, 3690, 3308, 2972, 2673, 2400, 2142, 1886, 1621, 1342, 1060, 775, 478, 154, -182, -460, -615, -678, -739, -1022, -1674, -2222, -2082, -1351, -476, 239, 686, 881, 895, 808, 673, 520, 375, 252, 156, 77, 3, -76, -175, -298, -442, -622, -906, -1476, -2667, -4540, -6494, -7784, -8114, -7618, -6475, -4694, -2467, -302, 1366, 2331, 2513, 2014, 1150, 277, -313, -459, -133, 623, 1643, 2630, 3333, 3622, 3400, 2327, 52, -2932, -5556, -7137, -7515, -6774, -5097, -2714, 47, 0, 0, 0, 0, 0, 0, 0, 0, 0, 0, 0, 0, 0, 0, 0, 0, 0, 0, 0, 0, 0, 0, 0, 0, 0, 0, 0, 0, 0, 0, 0, 0, 0, 0, 0, 0, 0, 0, 0, 0, 0, 0, 0, 0, 0, 0, 0, 0, 0, 0, 0, 0, 0, 0, 0, 0, 0, 0, 0, 0, 0, 0, 0, 0, 0, 0, 0, 0, 0, 0, 0, 0, 0, 0, 0, 0, 0, 0, 0, 0, 0, 0, 0, 0, 0, 0, 0, 0, 0, 0, 0, 0, 0, 0, 0, 0, 0, 0, 0, 0, 0, 0, 0, 0, 0, 0, 0, 0, 0, 0, 0, 0, 0, 0, 0, 0, 0, 0, 0, 0, 0, 0, 0, 0, 0, 0, 0, 0, 0, 0, 0, 0, 0, 0, 0, 0, 0, 0, 0, 0, 0, 0, 0, 0, 0, 0, 0, 0, 0, 0, 0, 0, 0, 0, 0, 0, 0, 0, 0, 0, 0, 0, 0, 0, 0, 0, 0, 0, 0, 0, 0, 0, 0, 0, 0
653, 860, 1021, 1124, 1201, 1278, 1328, 1302, 1195, 1027, 795, 490, 148, -154, -352, -415, -348, -172, 74, 330, 536, 663, 691, 596, 383, 116, -138, -347, -477, -456, -237, 111, 470, 791, 1095, 1364, 1494, 1392, 1062, 582, 62, -387, -685, -774, -650, -380, -76, 168, 315, 382, 407, 407, 375, 313, 244, 184, 129, 67, 12, -20, -37, -54, -84, -123, -154, -164, -159, -150, -148, -149, -141, -112, -66, -20, 20, 61, 91, 88, 53, 14, -3, -5, -6, -10, -13, -21, -55, -130, -234, -336, -404, -455, -544, -669, -749, -735, -659, -544, -361, -98, 185, 403, 525, 597, 662, 713, 709, 646, 564, 495, 439, 385, 346, 344, 379, 421, 438, 428, 406, 364, 265, 98, -99, -271, -371, -390, -366, -352, -382, -448, -529, -603, -655, -692, -756, -899, -1147, -1474, -1781, -1871, -1545, -787, 150, 0, 0, 0, 0, 0, 0, 0, 0, 0, 0, 0, 0, 0, 0, 0, 0, 0, 0, 0, 0, 0, 0, 0, 0, 0, 0, 0, 0, 0, 0, 0, 0, 0, 0, 0, 0, 0, 0, 0, 0, 0, 0, 0, 0, 0, 0, 0, 0, 0, 0, 0, 0, 0, 0, 0, 0, 0, 0, 0, 0, 0, 0, 0, 0, 0, 0, 0, 0, 0, 0, 0, 0, 0, 0, 0, 0, 0, 0, 0, 0, 0, 0, 0, 0, 0, 0, 0, 0, 0, 0, 0, 0, 0, 0, 0, 0, 0, 0, 0, 0, 0, 0, 0, 0, 0, 0, 0, 0, 0, 0, 0, 0, 0, 0, 0, 0, 0, 0, 0, 0, 0, 0, 0, 0, 0, 0, 0, 0, 0, 0, 0, 0, 0, 0, 0, 0, 0, 0, 0, 0, 0, 0, 0, 0, 0, 0, 0, 0, 0, 0, 0, 0, 0, 0, 0, 0, 0
4275, 3384, 1948, -253, -2812, -5055, -6601, -7408, -7593, -7222, -6258, -4771, -3043, -1363, 120, 1389, 2436, 3197, 3591, 3595, 3268, 2715, 2010, 1122, -90, -1761, -3738, -5504, -6544, -6717, -6173, -5112, -3748, -2354, -1178, -333, 234, 747, 1554, 2794, 4192, 5338, 5998, 6144, 5864, 5215, 4019, 2050, -430, -2767, -4454, -5293, -5289, -4580, -3415, -2073, -797, 234, 948, 1384, 1630, 1736, 1709, 1558, 1316, 972, 436, -401, -1522, -2735, -3794, -4535, -4918, -4993, -4841, -4543, -4148, -3662, -3090, -2460, -1802, -1140, -496, 122, 0, 0, 0, 0, 0, 0, 0, 0, 0, 0, 0, 0, 0, 0, 0, 0, 0, 0, 0, 0, 0, 0, 0, 0, 0, 0, 0, 0, 0, 0, 0, 0, 0, 0, 0, 0, 0, 0, 0, 0, 0, 0, 0, 0, 0, 0, 0, 0, 0, 0, 0, 0, 0, 0, 0, 0, 0, 0, 0, 0, 0, 0, 0, 0, 0, 0, 0, 0, 0, 0, 0, 0, 0, 0, 0, 0, 0, 0, 0, 0, 0, 0, 0, 0, 0, 0, 0, 0, 0, 0, 0, 0, 0, 0, 0, 0, 0, 0, 0, 0, 0, 0, 0, 0, 0, 0, 0, 0, 0, 0, 0, 0, 0, 0, 0, 0, 0, 0, 0, 0, 0, 0, 0, 0, 0, 0, 0, 0, 0, 0, 0, 0, 0, 0, 0, 0, 0, 0, 0, 0, 0, 0, 0, 0, 0, 0, 0, 0, 0, 0, 0, 0, 0, 0, 0, 0, 0, 0, 0, 0, 0, 0, 0, 0, 0, 0, 0, 0, 0, 0, 0, 0, 0, 0, 0, 0, 0, 0, 0, 0, 0, 0, 0, 0, 0, 0, 0, 0, 0, 0, 0, 0, 0, 0, 0, 0, 0, 0, 0, 0, 0, 0, 0, 0, 0, 0, 0, 0, 0, 0, 0, 0, 0, 0, 0, 0
6351, 8095, 8597, 7596, 5110, 1817, -1157, -3023, -3734, -3752, -3599, -3586, -3725, -3759, -3258, -1910, 110, 2166, 3495, 3536, 2224, 64, -2161, -3828, -4718, -4983, -4940, -4860, -4736, -4185, -2707, -256, 2498, 4662, 5549, 4760, 2520, -248, -2587, -3960, -4322, -4052, -3633, -3245, -2576, -1126, 1100, 0, 0, 0, 0, 0, 0, 0, 0, 0, 0, 0, 0, 0, 0, 0, 0, 0, 0, 0, 0, 0, 0, 0, 0, 0, 0, 0, 0, 0, 0, 0, 0, 0, 0, 0, 0, 0, 0, 0, 0, 0, 0, 0, 0, 0, 0, 0, 0, 0, 0, 0, 0, 0, 0, 0, 0, 0, 0, 0, 0, 0, 0, 0, 0, 0, 0, 0, 0, 0, 0, 0, 0, 0, 0, 0, 0, 0, 0, 0, 0, 0, 0, 0, 0, 0, 0, 0, 0, 0, 0, 0, 0, 0, 0, 0, 0, 0, 0, 0, 0, 0, 0, 0, 0, 0, 0, 0, 0, 0, 0, 0, 0, 0, 0, 0, 0, 0, 0, 0, 0, 0, 0, 0, 0, 0, 0, 0, 0, 0, 0, 0, 0, 0, 0, 0, 0, 0, 0, 0, 0, 0, 0, 0, 0, 0, 0, 0, 0, 0, 0, 0, 0, 0, 0, 0, 0, 0, 0, 0, 0, 0, 0, 0, 0, 0, 0, 0, 0, 0, 0, 0, 0, 0, 0, 0, 0, 0, 0, 0, 0, 0, 0, 0, 0, 0, 0, 0, 0, 0, 0, 0, 0, 0, 0, 0, 0, 0, 0, 0, 0, 0, 0, 0, 0, 0, 0, 0, 0, 0, 0, 0, 0, 0, 0, 0, 0, 0, 0, 0, 0, 0, 0, 0, 0, 0, 0, 0, 0, 0, 0, 0, 0, 0, 0, 0, 0, 0, 0, 0, 0, 0, 0, 0, 0, 0, 0, 0, 0, 0, 0, 0, 0, 0
2578, 2516, 1746, 501, -703, -1496, -1805, -1710, -1448, -1290, -1323, -1515, -1804, -2122, -2433, -2699, -2878, -2918, -2666, -1945, -738, 769, 2255, 3393, 3994, 4084, 3823, 3281, 2338, 978, -485, -1698, -2405, -2344, -1459, -188, 778, 990, 425, -636, -1780, -2603, -2875, -2628, -2012, -1146, -111, 1030, 2235, 3467, 4668, 5737, 6562, 7068, 7250, 7163, 6882, 6475, 5987, 5443, 4858, 4258, 3631, 2819, 1548, -403, -2958, -5628, -7823, -9162, -9560, -9233, -8540, -7782, -7103, -6527, -6033, -5619, -5311, -5091, -4794, -4141, -2818, -629, 0, 0, 0, 0, 0, 0, 0, 0, 0, 0, 0, 0, 0, 0, 0, 0, 0, 0, 0, 0, 0, 0, 0, 0, 0, 0, 0, 0, 0, 0, 0, 0, 0, 0, 0, 0, 0, 0, 0, 0, 0, 0, 0, 0, 0, 0, 0, 0, 0, 0, 0, 0, 0, 0, 0, 0, 0, 0, 0, 0, 0, 0, 0, 0, 0, 0, 0, 0, 0, 0, 0, 0, 0, 0, 0, 0, 0, 0, 0, 0, 0, 0, 0, 0, 0, 0, 0, 0, 0, 0, 0, 0, 0, 0, 0, 0, 0, 0, 0, 0, 0, 0, 0, 0, 0, 0, 0, 0, 0, 0, 0, 0, 0, 0, 0, 0, 0, 0, 0, 0, 0, 0, 0, 0, 0, 0, 0, 0, 0, 0, 0, 0, 0, 0, 0, 0, 0, 0, 0, 0, 0, 0, 0, 0, 0, 0, 0, 0, 0, 0, 0, 0, 0, 0, 0, 0, 0, 0, 0, 0, 0, 0, 0, 0, 0, 0, 0, 0, 0, 0, 0, 0, 0, 0, 0, 0, 0, 0, 0, 0, 0, 0, 0, 0, 0, 0, 0, 0, 0, 0, 0, 0, 0, 0, 0, 0, 0, 0, 0, 0, 0, 0, 0, 0, 0, 0, 0, 0, 0, 0, 0, 0, 0, 0, 0, 0
3023, 3425, 3456, 3229, 2849, 2399, 1938, 1500, 1099, 739, 417, 127, -134, -374, -600, -827, -1091, -1494, -2245, -3388, -4592, -5536, -6226, -6728, -7022, -7142, -7168, -7158, -7117, -6961, -6574, -5934, -5184, -4514, -3901, -3056, -1627, 447, 2728, 4600, 5744, 6184, 6106, 5724, 5213, 4682, 4186, 3735, 3287, 2718, 1760, 126, -2219, -4879, -7158, -8584, -9150, -9075, -8590, -7891, -7096, -6078, -4446, -2030, 747, 3211, 4816, 5179, 4152, 2149, -4, -1735, -2936, -3699, -4008, -3560, -2154, -167, 1713, 0, 0, 0, 0, 0, 0, 0, 0, 0, 0, 0, 0, 0, 0, 0, 0, 0, 0, 0, 0, 0, 0, 0, 0, 0, 0, 0, 0, 0, 0, 0, 0, 0, 0, 0, 0, 0, 0, 0, 0, 0, 0, 0, 0, 0, 0, 0, 0, 0, 0, 0, 0, 0, 0, 0, 0, 0, 0, 0, 0, 0, 0, 0, 0, 0, 0, 0, 0, 0, 0, 0, 0, 0, 0, 0, 0, 0, 0, 0, 0, 0, 0, 0, 0, 0, 0, 0, 0, 0, 0, 0, 0, 0, 0, 0, 0, 0, 0, 0, 0, 0, 0, 0, 0, 0, 0, 0, 0, 0, 0, 0, 0, 0, 0, 0, 0, 0, 0, 0, 0, 0, 0, 0, 0, 0, 0, 0, 0, 0, 0, 0, 0, 0, 0, 0, 0, 0, 0, 0, 0, 0, 0, 0, 0, 0, 0, 0, 0, 0, 0, 0, 0, 0, 0, 0, 0, 0, 0, 0, 0, 0, 0, 0, 0, 0, 0, 0, 0, 0, 0, 0, 0, 0, 0, 0, 0, 0, 0, 0, 0, 0, 0, 0, 0, 0, 0, 0, 0, 0, 0, 0, 0, 0, 0, 0, 0, 0, 0, 0, 0, 0, 0, 0, 0, 0, 0, 0, 0, 0, 0, 0, 0, 0, 0, 0, 0, 0, 0, 0, 0, 0
3948, 5566, 6452, 6275, 5114, 3328, 1376, -314, -1505, -2196, -2509, -2454, -1824, -430, 1547, 3416, 4339, 4146, 3545, 3258, 3210, 2708, 1415, -214, -1614, -2559, -2898, -2346, -763, 1486, 3610, 4889, 5062, 4301, 3025, 1552, -58, -1671, -3002, -3871, -4167, -3759, -2614, -925, 835, 2011, 0, 0, 0, 0, 0, 0, 0, 0, 0, 0, 0, 0, 0, 0, 0, 0, 0, 0, 0, 0, 0, 0, 0, 0, 0, 0, 0, 0, 0, 0, 0, 0, 0, 0, 0, 0, 0, 0, 0, 0, 0, 0, 0, 0, 0, 0, 0, 0, 0, 0, 0, 0, 0, 0, 0, 0, 0, 0, 0, 0, 0, 0, 0, 0, 0, 0, 0, 0, 0, 0, 0, 0, 0, 0, 0, 0, 0, 0, 0, 0, 0, 0, 0, 0, 0, 0, 0, 0, 0, 0, 0, 0, 0, 0, 0, 0, 0, 0, 0, 0, 0, 0, 0, 0, 0, 0, 0, 0, 0, 0, 0, 0, 0, 0, 0, 0, 0, 0, 0, 0, 0, 0, 0, 0, 0, 0, 0, 0, 0, 0, 0, 0, 0, 0, 0, 0, 0, 0, 0, 0, 0, 0, 0, 0, 0, 0, 0, 0, 0, 0, 0, 0, 0, 0, 0, 0, 0, 0, 0, 0, 0, 0, 0, 0, 0, 0, 0, 0, 0, 0, 0, 0, 0, 0, 0, 0, 0, 0, 0, 0, 0, 0, 0, 0, 0, 0, 0, 0, 0, 0, 0, 0, 0, 0, 0, 0, 0, 0, 0, 0, 0, 0, 0, 0, 0, 0, 0, 0, 0, 0, 0, 0, 0, 0, 0, 0, 0, 0, 0, 0, 0, 0, 0, 0, 0, 0, 0, 0, 0, 0, 0, 0, 0, 0, 0, 0, 0, 0, 0, 0, 0, 0, 0, 0, 0, 0, 0, 0, 0, 0, 0, 0, 0, 0
5863, 6207, 4274, 776, -2706, -5127, -6325, -6558, -6189, -5534, -4807, -4125, -3531, -3024, -2526, -1475, 929, 4395, 7647, 9734, 10328, 9177, 6204, 2297, -1103, -3018, -3118, -1792, 122, 2025, 3625, 4640, 4885, 4509, 3861, 3276, 2981, 3012, 3166, 3132, 2836, 2475, 2151, 1742, 1003, -446, -2724, -5200, -7084, -8061, -7961, -6274, -2921, 977, 0, 0, 0, 0, 0, 0, 0, 0, 0, 0, 0, 0, 0, 0, 0, 0, 0, 0, 0, 0, 0, 0, 0, 0, 0, 0, 0, 0, 0, 0, 0, 0, 0, 0, 0, 0, 0, 0, 0, 0, 0, 0, 0, 0, 0, 0, 0, 0, 0, 0, 0, 0, 0, 0, 0, 0, 0, 0, 0, 0, 0, 0, 0, 0, 0, 0, 0, 0, 0, 0, 0, 0, 0, 0, 0, 0, 0, 0, 0, 0, 0, 0, 0, 0, 0, 0, 0, 0, 0, 0, 0, 0, 0, 0, 0, 0, 0, 0, 0, 0, 0, 0, 0, 0, 0, 0, 0, 0, 0, 0, 0, 0, 0, 0, 0, 0, 0, 0, 0, 0, 0, 0, 0, 0, 0, 0, 0, 0, 0, 0, 0, 0, 0, 0, 0, 0, 0, 0, 0, 0, 0, 0, 0, 0, 0, 0, 0, 0, 0, 0, 0, 0, 0, 0, 0, 0, 0, 0, 0, 0, 0, 0, 0, 0, 0, 0, 0, 0, 0, 0, 0, 0, 0, 0, 0, 0, 0, 0, 0, 0, 0, 0, 0, 0, 0, 0, 0, 0, 0, 0, 0, 0, 0, 0, 0, 0, 0, 0, 0, 0, 0, 0, 0, 0, 0, 0, 0, 0, 0, 0, 0, 0, 0, 0, 0, 0, 0, 0, 0, 0, 0, 0, 0, 0, 0, 0, 0, 0, 0, 0, 0, 0, 0, 0, 0, 0, 0, 0, 0, 0, 0, 0, 0, 0, 0, 0
5018, 7014, 7848, 7384, 5760, 3525, 1386, -163, -899, -696, 441, 2104, 3512, 3755, 2382, 235, -955, -278, 1587, 3459, 4681, 5092, 4742, 3763, 2268, 519, -801, -1153, -773, -407, -695, -1708, -3002, -4114, -4798, -5093, -5329, -5789, -6432, -6879, -6437, -4515, -1402, 1746, 3992, 5134, 5390, 5097, 4547, 3918, 3215, 2234, 747, -1092, -2590, -3084, -2586, -1676, -1080, -1205, -1869, -2642, -3237, -3535, -3565, -3536, -3815, -4596, -5638, -6399, -6309, -5091, -2769, 321, 0, 0, 0, 0, 0, 0, 0, 0, 0, 0, 0, 0, 0, 0, 0, 0, 0, 0, 0, 0, 0, 0, 0, 0, 0, 0, 0, 0, 0, 0, 0, 0, 0, 0, 0, 0, 0, 0, 0, 0, 0, 0, 0, 0, 0, 0, 0, 0, 0, 0, 0, 0, 0, 0, 0, 0, 0, 0, 0, 0, 0, 0, 0, 0, 0, 0, 0, 0, 0, 0, 0, 0, 0, 0, 0, 0, 0, 0, 0, 0, 0, 0, 0, 0, 0, 0, 0, 0, 0, 0, 0, 0, 0, 0, 0, 0, 0, 0, 0, 0, 0, 0, 0, 0, 0, 0, 0, 0, 0, 0, 0, 0, 0, 0, 0, 0, 0, 0, 0, 0, 0, 0, 0, 0, 0, 0, 0, 0, 0, 0, 0, 0, 0, 0, 0, 0, 0, 0, 0, 0, 0, 0, 0, 0, 0, 0, 0, 0, 0, 0, 0, 0, 0, 0, 0, 0, 0, 0, 0, 0, 0, 0, 0, 0, 0, 0, 0, 0, 0, 0, 0, 0, 0, 0, 0, 0, 0, 0, 0, 0, 0, 0, 0, 0, 0, 0, 0, 0, 0, 0, 0, 0, 0, 0, 0, 0, 0, 0, 0, 0, 0, 0, 0, 0, 0, 0, 0, 0, 0, 0, 0, 0, 0, 0, 0, 0, 0, 0, 0, 0, 0, 0, 0, 0, 0, 0
-2416, 191, 3059, 5622, 7411, 8331, 8553, 8327, 7869, 7329, 6793, 6298, 5853, 5454, 5092, 4744, 4390, 4016, 3625, 3226, 2823, 2415, 1984, 1460, 737, -275, -1600, -3097, -4500, -5587, -6326, -6752, -6728, -6036, -4649, -2827, -977, 533, 1548, 2186, 2676, 3095, 3384, 3494, 3447, 3312, 3143, 2964, 2781, 2591, 2391, 2180, 1964, 1751, 1546, 1353, 1173, 1005, 844, 687, 535, 387, 241, 97, -40, -170, -299, -442, -619, -846, -1146, -1546, -2046, -2622, -3295, -4159, -5316, -6732, -8168, -9307, -9922, -9960, -9471, -8454, -6828, -4615, -2097, 309, 2333, 3930, 5127, 5918, 6310, 6374, 6208, 5907, 5539, 5154, 4778, 4428, 4106, 3805, 3522, 3256, 3007, 2770, 2540, 2313, 2090, 1869, 1648, 1425, 1203, 984, 766, 543, 313, 80, -144, -362, -593, -895, -1342, -1932, -2571, -3193, -3803, -4380, -4868, -5228, -5458, -5650, -5946, -6339, -6596, -6390, -5500, -3935, -1952, 29, 0, 0, 0, 0, 0, 0, 0, 0, 0, 0, 0, 0, 0, 0, 0, 0, 0, 0, 0, 0, 0, 0, 0, 0, 0, 0, 0, 0, 0, 0, 0, 0, 0, 0, 0, 0, 0, 0, 0, 0, 0, 0, 0, 0, 0, 0, 0, 0, 0, 0, 0, 0, 0, 0, 0, 0, 0, 0, 0, 0, 0, 0, 0, 0, 0, 0, 0, 0, 0, 0, 0, 0, 0, 0, 0, 0, 0, 0, 0, 0, 0, 0, 0, 0, 0, 0, 0, 0, 0, 0, 0, 0, 0, 0, 0, 0, 0, 0, 0, 0, 0, 0, 0, 0, 0, 0, 0, 0, 0, 0, 0, 0, 0, 0, 0, 0, 0, 0, 0, 0, 0, 0, 0, 0, 0, 0, 0, 0, 0, 0, 0, 0, 0, 0, 0, 0, 0, 0, 0, 0, 0, 0, 0, 0, 0, 0, 0, 0, 0, 0, 0, 0, 0, 0, 0, 0, 0, 0, 0, 0
592, 1872, 2702, 3020, 2864, 2361, 1715, 1115, 659, 369, 214, 145, 127, 162, 308, 614, 1003, 1288, 1293, 963, 425, -102, -481, -689, -768, -781, -779, -784, -792, -793, -784, -759, -717, -678, -674, -722, -804, -888, -955, -998, -1026, -1043, -1037, -981, -846, -571, -72, 607, 1232, 1519, 1289, 540, -507, -1548, -2398, -2992, -3287, -3286, -3090, -2913, -3007, -3437, -3998, -4392, -4418, -4016, -3182, -1814, 0, 0, 0, 0, 0, 0, 0, 0, 0, 0, 0, 0, 0, 0, 0, 0, 0, 0, 0, 0, 0, 0, 0, 0, 0, 0, 0, 0, 0, 0, 0, 0, 0, 0, 0, 0, 0, 0, 0, 0, 0, 0, 0, 0, 0, 0, 0, 0, 0, 0, 0, 0, 0, 0, 0, 0, 0, 0, 0, 0, 0, 0, 0, 0, 0, 0, 0, 0, 0, 0, 0, 0, 0, 0, 0, 0, 0, 0, 0, 0, 0, 0, 0, 0, 0, 0, 0, 0, 0, 0, 0, 0, 0, 0, 0, 0, 0, 0, 0, 0, 0, 0, 0, 0, 0, 0, 0, 0, 0, 0, 0, 0, 0, 0, 0, 0, 0, 0, 0, 0, 0, 0, 0, 0, 0, 0, 0, 0, 0, 0, 0, 0, 0, 0, 0, 0, 0, 0, 0, 0, 0, 0, 0, 0, 0, 0, 0, 0, 0, 0, 0, 0, 0, 0, 0, 0, 0, 0, 0, 0, 0, 0, 0, 0, 0, 0, 0, 0, 0, 0, 0, 0, 0, 0, 0, 0, 0, 0, 0, 0, 0, 0, 0, 0, 0, 0, 0, 0, 0, 0, 0, 0, 0, 0, 0, 0, 0, 0, 0, 0, 0, 0, 0, 0, 0, 0, 0, 0, 0, 0, 0, 0, 0, 0, 0, 0, 0, 0, 0, 0, 0, 0, 0, 0, 0, 0, 0, 0, 0, 0, 0, 0
151, 182, 177, 137, 74, 6, -47, -77, -81, -61, -26, 13, 43, 54, 41, 6, -37, -74, -93, -90, -64, -22, 26, 69, 96, 100, 84, 53, 13, -35, -86, -132, -166, -182, -178, -153, -109, -50, 18, 84, 136, 164, 167, 148, 113, 68, 21, -19, -50, -68, -71, -64, -53, -47, -49, -61, -76, -86, -86, -72, -44, -5, 36, 0, 0, 0, 0, 0, 0, 0, 0, 0, 0, 0, 0, 0, 0, 0, 0, 0, 0, 0, 0, 0, 0, 0, 0, 0, 0, 0, 0, 0, 0, 0, 0, 0, 0, 0, 0, 0, 0, 0, 0, 0, 0, 0, 0, 0, 0, 0, 0, 0, 0, 0, 0, 0, 0, 0, 0, 0, 0, 0, 0, 0, 0, 0, 0, 0, 0, 0, 0, 0, 0, 0, 0, 0, 0, 0, 0, 0, 0, 0, 0, 0, 0, 0, 0, 0, 0, 0, 0, 0, 0, 0, 0, 0, 0, 0, 0, 0, 0, 0, 0, 0, 0, 0, 0, 0, 0, 0, 0, 0, 0, 0, 0, 0, 0, 0, 0, 0, 0, 0, 0, 0, 0, 0, 0, 0, 0, 0, 0, 0, 0, 0, 0, 0, 0, 0, 0, 0, 0, 0, 0, 0, 0, 0, 0, 0, 0, 0, 0, 0, 0, 0, 0, 0, 0, 0, 0, 0, 0, 0, 0, 0, 0, 0, 0, 0, 0, 0, 0, 0, 0, 0, 0, 0, 0, 0, 0, 0, 0, 0, 0, 0, 0, 0, 0, 0, 0, 0, 0, 0, 0, 0, 0, 0, 0, 0, 0, 0, 0, 0, 0, 0, 0, 0, 0, 0, 0, 0, 0, 0, 0, 0, 0, 0, 0, 0, 0, 0, 0, 0, 0, 0, 0, 0, 0, 0, 0, 0, 0, 0, 0, 0, 0, 0, 0, 0, 0, 0
30, 54, 75, 93, 104, 110, 111, 109, 106, 103, 101, 100, 99, 96, 89, 81, 74, 69, 64, 57, 50, 42, 33, 23, 11, -3, -21, -42, -62, -79, -89, -93, -91, -88, -86, -85, -83, -79, -74, -68, -62, -56, -49, -43, -37, -31, -25, -21, -18, -11, 0, 11, 20, 25, 26, 27, 30, 37, 45, 53, 60, 66, 70, 71, 70, 67, 66, 63, 60, 57, 54, 51, 49, 47, 45, 42, 39, 36, 34, 32, 30, 30, 29, 28, 25, 21, 16, 11, 7, 3, 0, -3, -5, -7, -11, -15, -20, -24, -26, -23, -17, -12, -9, -11, -14, -16, -17, -16, -14, -11, -8, -5, -4, -3, -2, -1, -2, -4, -6, -6, -3, 1, 9, 20, 35, 50, 63, 70, 71, 69, 64, 60, 55, 51, 46, 42, 38, 34, 29, 25, 20, 16, 13, 8, 5, 6, 9, 13, 14, 12, 9, 6, 5, 7, 10, 9, 6, 1, -4, -12, -21, -32, -43, -54, -67, -81, -97, -115, -139, -172, -214, -266, -324, -380, -426, -458, -486, -522, -573, -630, -680, -715, -739, -758, -777, -791, -792, -773, -733, 0, 0, 0, 0, 0, 0, 0, 0, 0, 0, 0, 0, 0, 0, 0, 0, 0, 0, 0, 0, 0, 0, 0, 0, 0, 0, 0, 0, 0, 0, 0, 0, 0, 0, 0, 0, 0, 0, 0, 0, 0, 0, 0, 0, 0, 0, 0, 0, 0, 0, 0, 0, 0, 0, 0, 0, 0, 0, 0, 0, 0, 0, 0, 0, 0, 0, 0, 0, 0, 0, 0, 0, 0, 0, 0, 0, 0, 0, 0, 0, 0, 0, 0, 0, 0, 0, 0, 0, 0, 0, 0, 0, 0, 0, 0, 0, 0, 0, 0, 0, 0, 0, 0, 0, 0, 0, 0, 0, 0, 0, 0
4160, 4178, 3954, 3567, 3104, 2621, 2163, 1756, 1399, 1079, 786, 540, 377, 302, 289, 303, 331, 378, 440, 507, 569, 611, 628, 624, 601, 560, 500, 435, 372, 310, 243, 166, 81, -7, -96, -186, -281, -382, -487, -592, -690, -773, -838, -890, -928, -951, -951, -927, -879, -812, -736, -662, -593, -528, -466, -412, -376, -360, -362, -375, -390, -403, -409, -412, -419, -441, -489, -575, -714, -924, -1219, -1595, -2020, -2453, -2853, -3189, -3444, -3621, -3731, -3781, -3767, -3675, -3489, -3207, -2861, -2498, -2166, -1899, -1707, -1567, -1427, -1240, -983, -656, -287, 68, 355, 552, 673, 743, 778, 784, 775, 774, 803, 858, 904, 901, 835, 727, 610, 504, 410, 328, 262, 218, 204, 227, 294, 397, 512, 611, 677, 714, 731, 739, 744, 755, 773, 788, 789, 776, 753, 720, 682, 648, 622, 596, 554, 493, 423, 367, 340, 344, 368, 397, 428, 469, 520, 568, 598, 599, 579, 563, 590, 673, 788, 901, 988, 1041, 1070, 1096, 1108, 1078, 991, 858, 703, 538, 370, 191, -11, -226, -419, -571, -691, -789, -883, -989, -1102, -1211, -1294, -1332, -1313, -1230, -1089, -916, -742, -581, -409, -162, 169, 495, 717, 814, 812, 765, 722, 716, 748, 799, 842, 859, 848, 819, 788, 759, 730, 711, 723, 785, 869, 920, 893, 777, 589, 369, 163, 1, -109, -175, -196, -189, -179, -179, -184, -188, -192, -199, -204, -201, -181, -138, -66, 47, 209, 399, 0, 0, 0, 0, 0, 0, 0, 0, 0, 0, 0, 0, 0, 0, 0, 0, 0, 0, 0, 0, 0, 0, 0, 0, 0, 0, 0, 0, 0, 0, 0, 0, 0, 0, 0, 0, 0, 0, 0, 0, 0, 0, 0, 0, 0, 0, 0, 0, 0, 0, 0, 0, 0, 0, 0, 0, 0, 0, 0, 0, 0, 0, 0, 0
56, 52, 39, 23, 8, -6, -21, -37, -52, -61, -63, -59, -49, -36, -20, -4, 8, 18, 27, 36, 45, 53, 57, 52, 41, 27, 16, 7, 1, -3, -5, -5, 0, 9, 21, 32, 42, 50, 59, 69, 79, 84, 81, 73, 63, 53, 40, 25, 10, 0, -10, -18, -22, -22, -20, -18, -17, -17, -12, -3, 8, 19, 24, 24, 21, 19, 22, 28, 35, 41, 45, 46, 44, 35, 23, 9, -1, -10, -19, -29, -38, -42, -39, -28, -15, -4, 4, 12, 20, 29, 34, 34, 31, 28, 25, 20, 13, 4, -2, -6, -8, -9, -10, -10, -8, -3, 2, 6, 6, 3, 1, 4, 12, 21, 30, 0, 0, 0, 0, 0, 0, 0, 0, 0, 0, 0, 0, 0, 0, 0, 0, 0, 0, 0, 0, 0, 0, 0, 0, 0, 0, 0, 0, 0, 0, 0, 0, 0, 0, 0, 0, 0, 0, 0, 0, 0, 0, 0, 0, 0, 0, 0, 0, 0, 0, 0, 0, 0, 0, 0, 0, 0, 0, 0, 0, 0, 0, 0, 0, 0, 0, 0, 0, 0, 0, 0, 0, 0, 0, 0, 0, 0, 0, 0, 0, 0, 0, 0, 0, 0, 0, 0, 0, 0, 0, 0, 0, 0, 0, 0, 0, 0, 0, 0, 0, 0, 0, 0, 0, 0, 0, 0, 0, 0, 0, 0, 0, 0, 0, 0, 0, 0, 0, 0, 0, 0, 0, 0, 0, 0, 0, 0, 0, 0, 0, 0, 0, 0, 0, 0, 0, 0, 0, 0, 0, 0, 0, 0, 0, 0, 0, 0, 0, 0, 0, 0, 0, 0, 0, 0, 0, 0, 0, 0, 0, 0, 0, 0, 0, 0, 0, 0, 0, 0, 0, 0, 0, 0, 0, 0, 0, 0, 0, 0, 0, 0, 0, 0, 0, 0
-1094, -664, -324, -39, 224, 497, 784, 1057, 1294, 1495, 1672, 1837, 1998, 2159, 2319, 2471, 2620, 2786, 2976, 3182, 3415, 3687, 4119, 5062, 6788, 8973, 10676, 11141, 10387, 8855, 6998, 5175, 3584, 2307, 1388, 835, 613, 683, 999, 1491, 2068, 2616, 2958, 2933, 2570, 1970, 1103, -123, -1638, -3106, -4195, -4818, -5074, -5109, -5038, -4871, -4449, -3548, -2114, -269, 1848, 4011, 5772, 6707, 6695, 5903, 4615, 3038, 1247, -566, -2055, -3017, -3497, -3610, -3505, -3420, -3457, -3404, -2977, -2070, -897, -96, -260, -1257, -2448, -3376, -3913, -4114, -4109, -4005, -3852, -3651, -3388, -3078, -2750, -2410, -2040, -1629, -1203, -416, 1651, 5039, 8315, 10297, 10834, 10274, 9124, 7817, 6614, 5632, 4917, 4456, 4198, 4060, 3962, 3803, 3278, 2183, 1074, 669, 937, 1408, 1731, 1766, 1336, -321, -3624, -7408, -10295, -11853, -12225, -11784, -10859, -9591, -7696, -4699, -914, 0, 0, 0, 0, 0, 0, 0, 0, 0, 0, 0, 0, 0, 0, 0, 0, 0, 0, 0, 0, 0, 0, 0, 0, 0, 0, 0, 0, 0, 0, 0, 0, 0, 0, 0, 0, 0, 0, 0, 0, 0, 0, 0, 0, 0, 0, 0, 0, 0, 0, 0, 0, 0, 0, 0, 0, 0, 0, 0, 0, 0, 0, 0, 0, 0, 0, 0, 0, 0, 0, 0, 0, 0, 0, 0, 0, 0, 0, 0, 0, 0, 0, 0, 0, 0, 0, 0, 0, 0, 0, 0, 0, 0, 0, 0, 0, 0, 0, 0, 0, 0, 0, 0, 0, 0, 0, 0, 0, 0, 0, 0, 0, 0, 0, 0, 0, 0, 0, 0, 0, 0, 0, 0, 0, 0, 0, 0, 0, 0, 0, 0, 0, 0, 0, 0, 0, 0, 0, 0, 0, 0, 0, 0, 0, 0, 0, 0, 0, 0, 0, 0, 0, 0, 0, 0, 0, 0, 0, 0, 0, 0, 0, 0
2702, 2718, 2494, 2171, 1833, 1508, 1213, 976, 839, 822, 899, 1017, 1121, 1177, 1184, 1150, 1086, 999, 892, 729, 370, -332, -1201, -1764, -1718, -1160, -458, 47, 222, 111, -141, -391, -546, -564, -452, -243, 18, 274, 460, 547, 548, 501, 438, 377, 325, 280, 252, 263, 320, 410, 519, 637, 734, 777, 757, 689, 595, 496, 408, 336, 277, 227, 185, 149, 121, 111, 126, 177, 257, 335, 380, 374, 322, 236, 101, -226, -1021, -2313, -3559, -4014, -3459, -2329, -1202, -436, -146, -247, -554, -904, -1199, -1396, -1500, -1552, -1593, -1639, -1694, -1760, -1837, -1908, -1947, -1936, -1885, -1824, -1775, -1731, -1663, -1544, -1372, -1165, -952, -752, -582, -452, -359, -296, -250, -214, -173, -88, 66, 282, 513, 705, 824, 866, 859, 853, 882, 945, 1014, 1064, 1084, 1081, 1079, 1106, 1189, 1330, 1505, 1683, 1854, 2010, 2123, 2148, 2057, 1864, 1622, 1384, 1174, 992, 831, 684, 547, 416, 277, 114, -74, -282, -496, -698, -863, -966, -1000, -974, -904, -806, -689, -565, -454, -375, -337, -346, -403, -497, -591, -635, -612, -529, -407, -270, -125, 35, 230, 461, 0, 0, 0, 0, 0, 0, 0, 0, 0, 0, 0, 0, 0, 0, 0, 0, 0, 0, 0, 0, 0, 0, 0, 0, 0, 0, 0, 0, 0, 0, 0, 0, 0, 0, 0, 0, 0, 0, 0, 0, 0, 0, 0, 0, 0, 0, 0, 0, 0, 0, 0, 0, 0, 0, 0, 0, 0, 0, 0, 0, 0, 0, 0, 0, 0, 0, 0, 0, 0, 0, 0, 0, 0, 0, 0, 0, 0, 0, 0, 0, 0, 0, 0, 0, 0, 0, 0, 0, 0, 0, 0, 0, 0, 0, 0, 0, 0, 0, 0, 0, 0, 0, 0, 0, 0, 0, 0, 0, 0, 0, 0, 0, 0, 0, 0, 0, 0, 0
94, 104, 109, 111, 112, 112, 114, 116, 116, 111, 103, 94, 84, 71, 57, 40, 24, 8, -6, -19, -27, -30, -29, -23, -17, -10, -6, -5, -9, -16, -26, -37, -50, -61, -69, -71, -68, -60, -50, -40, -30, -21, -16, -15, -17, -20, -20, -18, -12, 0, 17, 36, 52, 64, 68, 65, 54, 35, 13, -7, -24, -35, -40, -42, -39, -32, -23, -15, -10, -12, -20, -32, -42, -46, -43, -35, -28, -23, -22, -23, -26, -32, -39, -44, -45, -43, -39, -40, -46, -62, -84, -111, -137, -155, -162, -158, -146, -131, -118, -108, -99, -89, -76, -60, -43, -28, -15, -1, 15, 35, 57, 79, 97, 108, 111, 107, 96, 83, 72, 65, 62, 64, 70, 82, 99, 120, 141, 162, 178, 187, 185, 167, 133, 84, 19, -54, -129, -192, -232, -244, -229, -191, -138, -79, -26, 13, 36, 0, 0, 0, 0, 0, 0, 0, 0, 0, 0, 0, 0, 0, 0, 0, 0, 0, 0, 0, 0, 0, 0, 0, 0, 0, 0, 0, 0, 0, 0, 0, 0, 0, 0, 0, 0, 0, 0, 0, 0, 0, 0, 0, 0, 0, 0, 0, 0, 0, 0, 0, 0, 0, 0, 0, 0, 0, 0, 0, 0, 0, 0, 0, 0, 0, 0, 0, 0, 0, 0, 0, 0, 0, 0, 0, 0, 0, 0, 0, 0, 0, 0, 0, 0, 0, 0, 0, 0, 0, 0, 0, 0, 0, 0, 0, 0, 0, 0, 0, 0, 0, 0, 0, 0, 0, 0, 0, 0, 0, 0, 0, 0, 0, 0, 0, 0, 0, 0, 0, 0, 0, 0, 0, 0, 0, 0, 0, 0, 0, 0, 0, 0, 0, 0, 0, 0, 0, 0, 0, 0, 0, 0, 0, 0, 0, 0, 0, 0, 0, 0, 0, 0, 0
1378, 3051, 4709, 5841, 6209, 5762, 4624, 3120, 1619, 362, -538, -1076, -1321, -1349, -1219, -1006, -779, -561, -368, -243, -204, -227, -274, -318, -347, -356, -333, -258, -112, 117, 591, 1565, 2932, 4225, 5084, 5424, 5342, 4998, 4524, 3996, 3446, 2894, 2372, 1911, 1518, 1168, 839, 527, 225, -71, -363, -646, -918, -1187, -1467, -1779, -2130, -2506, -2851, -3103, -3243, -3307, -3349, -3395, -3441, -3487, -3570, -3758, -4077, -4443, -4737, -4892, -4904, -4800, -4597, -4280, -3824, -3225, -2481, -1562, -497, 540, 1348, 1839, 2044, 2043, 1914, 1721, 1506, 1297, 1113, 961, 831, 700, 536, 311, 24, -311, -696, -1124, -1553, -1909, -2125, -2182, -2116, -1986, -1841, -1692, -1528, -1311, -972, -468, 134, 705, 0, 0, 0, 0, 0, 0, 0, 0, 0, 0, 0, 0, 0, 0, 0, 0, 0, 0, 0, 0, 0, 0, 0, 0, 0, 0, 0, 0, 0, 0, 0, 0, 0, 0, 0, 0, 0, 0, 0, 0, 0, 0, 0, 0, 0, 0, 0, 0, 0, 0, 0, 0, 0, 0, 0, 0, 0, 0, 0, 0, 0, 0, 0, 0, 0, 0, 0, 0, 0, 0, 0, 0, 0, 0, 0, 0, 0, 0, 0, 0, 0, 0, 0, 0, 0, 0, 0, 0, 0, 0, 0, 0, 0, 0, 0, 0, 0, 0, 0, 0, 0, 0, 0, 0, 0, 0, 0, 0, 0, 0, 0, 0, 0, 0, 0, 0, 0, 0, 0, 0, 0, 0, 0, 0, 0, 0, 0, 0, 0, 0, 0, 0, 0, 0, 0, 0, 0, 0, 0, 0, 0, 0, 0, 0, 0, 0, 0, 0, 0, 0, 0, 0, 0, 0, 0, 0, 0, 0, 0, 0, 0, 0, 0, 0, 0, 0, 0, 0, 0, 0, 0, 0, 0, 0, 0, 0, 0, 0, 0, 0, 0, 0, 0, 0, 0, 0
1640, 2637, 4338, 6607, 8725, 10084, 10559, 10319, 9615, 8661, 7522, 5973, 3681, 1022, -928, -1794, -2448, -3721, -5370, -6802, -7755, -8016, -7263, -5301, -2245, 1245, 4086, 5503, 5366, 4013, 2221, 987, 822, 1315, 1399, 162, -2211, -4662, -6244, -6565, -5746, -4064, -1644, 1163, 3512, 4582, 4164, 2737, 1273, 701, 1219, 2307, 3255, 3335, 1809, -1218, -4475, -6837, -8026, -8202, -7639, -6513, -4881, -2925, -1014, 518, 0, 0, 0, 0, 0, 0, 0, 0, 0, 0, 0, 0, 0, 0, 0, 0, 0, 0, 0, 0, 0, 0, 0, 0, 0, 0, 0, 0, 0, 0, 0, 0, 0, 0, 0, 0, 0, 0, 0, 0, 0, 0, 0, 0, 0, 0, 0, 0, 0, 0, 0, 0, 0, 0, 0, 0, 0, 0, 0, 0, 0, 0, 0, 0, 0, 0, 0, 0, 0, 0, 0, 0, 0, 0, 0, 0, 0, 0, 0, 0, 0, 0, 0, 0, 0, 0, 0, 0, 0, 0, 0, 0, 0, 0, 0, 0, 0, 0, 0, 0, 0, 0, 0, 0, 0, 0, 0, 0, 0, 0, 0, 0, 0, 0, 0, 0, 0, 0, 0, 0, 0, 0, 0, 0, 0, 0, 0, 0, 0, 0, 0, 0, 0, 0, 0, 0, 0, 0, 0, 0, 0, 0, 0, 0, 0, 0, 0, 0, 0, 0, 0, 0, 0, 0, 0, 0, 0, 0, 0, 0, 0, 0, 0, 0, 0, 0, 0, 0, 0, 0, 0, 0, 0, 0, 0, 0, 0, 0, 0, 0, 0, 0, 0, 0, 0, 0, 0, 0, 0, 0, 0, 0, 0, 0, 0, 0, 0, 0, 0, 0, 0, 0, 0, 0, 0, 0, 0, 0, 0, 0, 0, 0, 0, 0, 0, 0, 0, 0, 0, 0, 0, 0, 0, 0, 0, 0, 0, 0, 0, 0, 0, 0, 0, 0
1128, 974, 834, 711, 602, 506, 420, 343, 275, 209, 146, 89, 42, 4, -21, -35, -38, -31, -20, -7, 3, 12, 19, 25, 31, 37, 42, 46, 47, 45, 42, 39, 38, 38, 38, 40, 42, 44, 46, 50, 56, 65, 76, 88, 101, 115, 129, 138, 141, 141, 141, 139, 130, 114, 104, 102, 103, 110, 135, 185, 253, 314, 347, 338, 291, 221, 137, 38, -73, -190, -293, -352, -324, -220, -121, 344, 1827, 4096, 6211, 7528, 8017, 8081, 8108, 8136, 7983, 7526, 6750, 5697, 4464, 3190, 2023, 1056, 308, -238, -618, -851, -932, -856, -665, -454, -330, -345, -480, -683, -870, -902, -716, -458, -359, -638, -1371, -2223, -2738, -2851, -2805, -2885, -3319, -4209, -5439, -6651, -7453, -7690, -7448, -6911, -6217, -5371, -4332, -3145, -1978, -1022, -378, -32, 110, 177, 286, 451, 518, 291, -194, -697, -1082, -1400, -1721, -2080, -2495, -2912, -3229, -3337, -3127, -2516, -1511, -409, 64, -709, -2401, -4098, -5248, -5785, -5839, -5572, -5123, -4588, -4025, -3465, -2918, -2373, -1815, -1236, -656, 0, 0, 0, 0, 0, 0, 0, 0, 0, 0, 0, 0, 0, 0, 0, 0, 0, 0, 0, 0, 0, 0, 0, 0, 0, 0, 0, 0, 0, 0, 0, 0, 0, 0, 0, 0, 0, 0, 0, 0, 0, 0, 0, 0, 0, 0, 0, 0, 0, 0, 0, 0, 0, 0, 0, 0, 0, 0, 0, 0, 0, 0, 0, 0, 0, 0, 0, 0, 0, 0, 0, 0, 0, 0, 0, 0, 0, 0, 0, 0, 0, 0, 0, 0, 0, 0, 0, 0, 0, 0, 0, 0, 0, 0, 0, 0, 0, 0, 0, 0, 0, 0, 0, 0, 0, 0, 0, 0, 0, 0, 0, 0, 0, 0, 0, 0, 0, 0, 0, 0, 0, 0, 0, 0, 0, 0, 0, 0, 0, 0, 0
1008, 1118, 1137, 1096, 1007, 879, 741, 638, 611, 659, 733, 772, 736, 611, 406, 149, -118, -354, -524, -611, -621, -569, -467, -321, -143, 42, 205, 323, 385, 404, 401, 389, 370, 335, 284, 222, 159, 100, 39, -25, -89, -147, -196, -237, -270, -297, -319, -338, -361, -397, -456, -545, -664, -800, -928, -1014, -1037, -994, -890, -738, -554, -362, -184, -39, 57, 114, 151, 190, 237, 293, 350, 403, 438, 443, 405, 334, 256, 208, 206, 252, 335, 444, 574, 713, 837, 922, 954, 928, 850, 736, 601, 456, 311, 182, 91, 45, 40, 65, 108, 159, 208, 251, 280, 274, 209, 83, -76, -228, -341, -413, -455, -483, -514, -562, -634, -728, -827, -905, -939, -910, -818, -677, -517, -363, -230, -121, -37, 19, 55, 82, 123, 201, 355, 630, 1022, 1431, 1730, 1864, 1847, 1708, 1483, 1206, 908, 608, 321, 65, -136, -267, -347, -411, -472, -513, -509, -453, -352, -215, -48, 156, 418, 764, 0, 0, 0, 0, 0, 0, 0, 0, 0, 0, 0, 0, 0, 0, 0, 0, 0, 0, 0, 0, 0, 0, 0, 0, 0, 0, 0, 0, 0, 0, 0, 0, 0, 0, 0, 0, 0, 0, 0, 0, 0, 0, 0, 0, 0, 0, 0, 0, 0, 0, 0, 0, 0, 0, 0, 0, 0, 0, 0, 0, 0, 0, 0, 0, 0, 0, 0, 0, 0, 0, 0, 0, 0, 0, 0, 0, 0, 0, 0, 0, 0, 0, 0, 0, 0, 0, 0, 0, 0, 0, 0, 0, 0, 0, 0, 0, 0, 0, 0, 0, 0, 0, 0, 0, 0, 0, 0, 0, 0, 0, 0, 0, 0, 0, 0, 0, 0, 0, 0, 0, 0, 0, 0, 0, 0, 0, 0, 0, 0, 0, 0, 0, 0, 0, 0, 0, 0, 0, 0, 0
-1573, -206, 1121, 2387, 3448, 4175, 4598, 4907, 5290, 5770, 6186, 6339, 6140, 5634, 4930, 3967, 2544, 1076, 441, 823, 1687, 2478, 2845, 2477, 865, -2009, -5108, -7407, -8648, -9005, -8765, -8194, -7495, -6790, -6130, -5523, -4957, -4414, -3880, -3347, -2812, -2280, -1769, -1295, -866, -483, -134, 187, 486, 768, 1015, 1200, 1327, 1418, 1507, 1651, 1895, 2180, 2346, 2298, 2107, 1929, 1905, 2078, 2487, 3637, 5997, 8891, 11148, 12187, 12091, 11286, 10159, 8940, 7783, 6678, 5203, 2795, -348, -3280, -5330, -6397, -6653, -6382, -5875, -5362, -4964, -4702, -4540, -4404, -4222, -3901, -3267, -2199, -887, 449, 2078, 4251, 6565, 8373, 9331, 9418, 8593, 6315, 2451, -1700, -4794, -6528, -7195, -7219, -6901, -6404, -5814, -5171, -4483, -3685, -2708, -1688, -896, -422, -172, -50, -20, -100, -370, -881, -1509, -2035, -2324, -2343, -2052, -1374, -366, 701, 1529, 1971, 0, 0, 0, 0, 0, 0, 0, 0, 0, 0, 0, 0, 0, 0, 0, 0, 0, 0, 0, 0, 0, 0, 0, 0, 0, 0, 0, 0, 0, 0, 0, 0, 0, 0, 0, 0, 0, 0, 0, 0, 0, 0, 0, 0, 0, 0, 0, 0, 0, 0, 0, 0, 0, 0, 0, 0, 0, 0, 0, 0, 0, 0, 0, 0, 0, 0, 0, 0, 0, 0, 0, 0, 0, 0, 0, 0, 0, 0, 0, 0, 0, 0, 0, 0, 0, 0, 0, 0, 0, 0, 0, 0, 0, 0, 0, 0, 0, 0, 0, 0, 0, 0, 0, 0, 0, 0, 0, 0, 0, 0, 0, 0, 0, 0, 0, 0, 0, 0, 0, 0, 0, 0, 0, 0, 0, 0, 0, 0, 0, 0, 0, 0, 0, 0, 0, 0, 0, 0, 0, 0, 0, 0, 0, 0, 0, 0, 0, 0, 0, 0, 0, 0, 0, 0, 0, 0, 0, 0, 0, 0, 0, 0, 0, 0
-807, -1817, -2342, -2514, -2480, -2355, -2198, -2016, -1799, -1567, -1406, -1362, -1311, -1099, -661, 110, 1243, 2392, 3047, 2941, 2141, 908, -392, -1471, -2218, -2629, -2754, -2666, -2439, -2104, -1611, -787, 415, 1538, 2014, 1788, 1146, 369, -321, -806, -1065, -1139, -1093, -983, -849, -711, -581, -471, -386, -327, -282, -237, -176, -69, 94, 593, 2009, 0, 0, 0, 0, 0, 0, 0, 0, 0, 0, 0, 0, 0, 0, 0, 0, 0, 0, 0, 0, 0, 0, 0, 0, 0, 0, 0, 0, 0, 0, 0, 0, 0, 0, 0, 0, 0, 0, 0, 0, 0, 0, 0, 0, 0, 0, 0, 0, 0, 0, 0, 0, 0, 0, 0, 0, 0, 0, 0, 0, 0, 0, 0, 0, 0, 0, 0, 0, 0, 0, 0, 0, 0, 0, 0, 0, 0, 0, 0, 0, 0, 0, 0, 0, 0, 0, 0, 0, 0, 0, 0, 0, 0, 0, 0, 0, 0, 0, 0, 0, 0, 0, 0, 0, 0, 0, 0, 0, 0, 0, 0, 0, 0, 0, 0, 0, 0, 0, 0, 0, 0, 0, 0, 0, 0, 0, 0, 0, 0, 0, 0, 0, 0, 0, 0, 0, 0, 0, 0, 0, 0, 0, 0, 0, 0, 0, 0, 0, 0, 0, 0, 0, 0, 0, 0, 0, 0, 0, 0, 0, 0, 0, 0, 0, 0, 0, 0, 0, 0, 0, 0, 0, 0, 0, 0, 0, 0, 0, 0, 0, 0, 0, 0, 0, 0, 0, 0, 0, 0, 0, 0, 0, 0, 0, 0, 0, 0, 0, 0, 0, 0, 0, 0, 0, 0, 0, 0, 0, 0, 0, 0, 0, 0, 0, 0, 0, 0, 0, 0, 0, 0, 0, 0, 0, 0, 0, 0, 0, 0, 0, 0, 0, 0, 0, 0, 0, 0, 0, 0, 0, 0, 0, 0
422, 521, 571, 579, 551, 496, 422, 339, 249, 138, -12, -215, -468, -772, -1095, -1359, -1484, -1439, -1242, -936, -571, -200, 123, 361, 479, 453, 259, -108, -620, -1193, -1736, -2212, -2658, -3121, -3595, -4026, -4352, -4529, -4532, -4351, -4001, -3517, -2944, -2323, -1684, -1042, -403, 240, 886, 1512, 2079, 2547, 2886, 3077, 3124, 3039, 2841, 2578, 2317, 2100, 1916, 1733, 1545, 1384, 1303, 1333, 1467, 1672, 1908, 2146, 2360, 2516, 2579, 2522, 2353, 2107, 1831, 1555, 1295, 1059, 849, 666, 509, 375, 252, 117, -54, -282, -568, -899, -1252, -1591, -1868, -2047, -2117, -2091, -1990, -1841, -1666, -1466, -1233, -966, -681, -395, -115, 150, 390, 0, 0, 0, 0, 0, 0, 0, 0, 0, 0, 0, 0, 0, 0, 0, 0, 0, 0, 0, 0, 0, 0, 0, 0, 0, 0, 0, 0, 0, 0, 0, 0, 0, 0, 0, 0, 0, 0, 0, 0, 0, 0, 0, 0, 0, 0, 0, 0, 0, 0, 0, 0, 0, 0, 0, 0, 0, 0, 0, 0, 0, 0, 0, 0, 0, 0, 0, 0, 0, 0, 0, 0, 0, 0, 0, 0, 0, 0, 0, 0, 0, 0, 0, 0, 0, 0, 0, 0, 0, 0, 0, 0, 0, 0, 0, 0, 0, 0, 0, 0, 0, 0, 0, 0, 0, 0, 0, 0, 0, 0, 0, 0, 0, 0, 0, 0, 0, 0, 0, 0, 0, 0, 0, 0, 0, 0, 0, 0, 0, 0, 0, 0, 0, 0, 0, 0, 0, 0, 0, 0, 0, 0, 0, 0, 0, 0, 0, 0, 0, 0, 0, 0, 0, 0, 0, 0, 0, 0, 0, 0, 0, 0, 0, 0, 0, 0, 0, 0, 0, 0, 0, 0, 0, 0, 0, 0, 0, 0, 0, 0, 0, 0, 0, 0, 0, 0, 0, 0, 0, 0, 0, 0, 0
78, 106, 124, 133, 134, 131, 125, 120, 114, 105, 90, 73, 56, 45, 40, 41, 44, 45, 43, 38, 32, 26, 17, 4, -8, -18, -25, -29, -31, -33, -35, -36, -38, -40, -43, -45, -45, -45, -48, -52, -53, -43, -22, 8, 40, 66, 82, 89, 91, 88, 82, 74, 66, 56, 45, 32, 16, 0, -12, -22, -28, -32, -34, -34, -32, -32, -34, -37, -37, -37, -38, -40, -44, -50, -58, -69, -78, -80, -74, -59, -35, -4, 26, 44, 48, 45, 44, 44, 45, 43, 35, 12, -27, -80, -133, -172, -188, -178, -143, -85, -8, 0, 0, 0, 0, 0, 0, 0, 0, 0, 0, 0, 0, 0, 0, 0, 0, 0, 0, 0, 0, 0, 0, 0, 0, 0, 0, 0, 0, 0, 0, 0, 0, 0, 0, 0, 0, 0, 0, 0, 0, 0, 0, 0, 0, 0, 0, 0, 0, 0, 0, 0, 0, 0, 0, 0, 0, 0, 0, 0, 0, 0, 0, 0, 0, 0, 0, 0, 0, 0, 0, 0, 0, 0, 0, 0, 0, 0, 0, 0, 0, 0, 0, 0, 0, 0, 0, 0, 0, 0, 0, 0, 0, 0, 0, 0, 0, 0, 0, 0, 0, 0, 0, 0, 0, 0, 0, 0, 0, 0, 0, 0, 0, 0, 0, 0, 0, 0, 0, 0, 0, 0, 0, 0, 0, 0, 0, 0, 0, 0, 0, 0, 0, 0, 0, 0, 0, 0, 0, 0, 0, 0, 0, 0, 0, 0, 0, 0, 0, 0, 0, 0, 0, 0, 0, 0, 0, 0, 0, 0, 0, 0, 0, 0, 0, 0, 0, 0, 0, 0, 0, 0, 0, 0, 0, 0, 0, 0, 0, 0, 0, 0, 0, 0, 0, 0, 0, 0, 0, 0, 0, 0, 0, 0, 0, 0, 0, 0, 0, 0
-126, -154, -175, -185, -188, -190, -189, -185, -183, -187, -195, -197, -187, -162, -123, -69, -7, 53, 102, 133, 148, 155, 160, 168, 179, 189, 195, 192, 182, 176, 195, 250, 329, 417, 512, 619, 725, 806, 845, 844, 809, 744, 651, 542, 435, 340, 259, 189, 127, 71, 20, -22, -57, -88, -121, -156, -194, -230, -257, -269, -262, -238, -209, -185, -174, -174, -176, -175, -172, -169, -169, -172, -177, -185, -193, -199, -201, -201, -201, -203, -206, -210, -215, -222, -229, -234, -238, -242, -247, -255, -263, -266, -259, -242, -218, -194, -169, -144, -121, -103, -88, -74, -56, -31, 0, 31, 57, 72, 76, 74, 72, 71, 70, 66, 62, 59, 56, 52, 48, 42, 37, 33, 32, 31, 30, 28, 26, 27, 27, 25, 22, 19, 20, 22, 24, 25, 22, 19, 16, 16, 16, 14, 7, -2, -8, -1, 16, 40, 68, 104, 0, 0, 0, 0, 0, 0, 0, 0, 0, 0, 0, 0, 0, 0, 0, 0, 0, 0, 0, 0, 0, 0, 0, 0, 0, 0, 0, 0, 0, 0, 0, 0, 0, 0, 0, 0, 0, 0, 0, 0, 0, 0, 0, 0, 0, 0, 0, 0, 0, 0, 0, 0, 0, 0, 0, 0, 0, 0, 0, 0, 0, 0, 0, 0, 0, 0, 0, 0, 0, 0, 0, 0, 0, 0, 0, 0, 0, 0, 0, 0, 0, 0, 0, 0, 0, 0, 0, 0, 0, 0, 0, 0, 0, 0, 0, 0, 0, 0, 0, 0, 0, 0, 0, 0, 0, 0, 0, 0, 0, 0, 0, 0, 0, 0, 0, 0, 0, 0, 0, 0, 0, 0, 0, 0, 0, 0, 0, 0, 0, 0, 0, 0, 0, 0, 0, 0, 0, 0, 0, 0, 0, 0, 0, 0, 0, 0, 0, 0, 0, 0
24, 27, 27, 24, 21, 23, 31, 42, 51, 54, 49, 39, 24, 7, -8, -21, -27, -23, -12, 4, 23, 40, 52, 53, 44, 23, -4, -35, -64, -84, -92, -86, -70, -47, -21, 6, 34, 61, 83, 99, 105, 97, 76, 45, 10, -24, -54, -75, -85, -83, -68, -44, -15, 13, 36, 0, 0, 0, 0, 0, 0, 0, 0, 0, 0, 0, 0, 0, 0, 0, 0, 0, 0, 0, 0, 0, 0, 0, 0, 0, 0, 0, 0, 0, 0, 0, 0, 0, 0, 0, 0, 0, 0, 0, 0, 0, 0, 0, 0, 0, 0, 0, 0, 0, 0, 0, 0, 0, 0, 0, 0, 0, 0, 0, 0, 0, 0, 0, 0, 0, 0, 0, 0, 0, 0, 0, 0, 0, 0, 0, 0, 0, 0, 0, 0, 0, 0, 0, 0, 0, 0, 0, 0, 0, 0, 0, 0, 0, 0, 0, 0, 0, 0, 0, 0, 0, 0, 0, 0, 0, 0, 0, 0, 0, 0, 0, 0, 0, 0, 0, 0, 0, 0, 0, 0, 0, 0, 0, 0, 0, 0, 0, 0, 0, 0, 0, 0, 0, 0, 0, 0, 0, 0, 0, 0, 0, 0, 0, 0, 0, 0, 0, 0, 0, 0, 0, 0, 0, 0, 0, 0, 0, 0, 0, 0, 0, 0, 0, 0, 0, 0, 0, 0, 0, 0, 0, 0, 0, 0, 0, 0, 0, 0, 0, 0, 0, 0, 0, 0, 0, 0, 0, 0, 0, 0, 0, 0, 0, 0, 0, 0, 0, 0, 0, 0, 0, 0, 0, 0, 0, 0, 0, 0, 0, 0, 0, 0, 0, 0, 0, 0, 0, 0, 0, 0, 0, 0, 0, 0, 0, 0, 0, 0, 0, 0, 0, 0, 0, 0, 0, 0, 0, 0, 0, 0, 0, 0, 0, 0, 0
312, 586, 825, 907, 777, 505, 219, 4, -118, -159, -150, -125, -86, -8, 125, 293, 434, 500, 506, 495, 496, 523, 578, 630, 649, 631, 594, 555, 525, 490, 397, 195, -86, -345, -495, -509, -416, -248, -3, 283, 539, 729, 856, 922, 925, 872, 783, 694, 604, 463, 223, -87, -381, -575, -629, -550, -372, -119, 211, 603, 0, 0, 0, 0, 0, 0, 0, 0, 0, 0, 0, 0, 0, 0, 0, 0, 0, 0, 0, 0, 0, 0, 0, 0, 0, 0, 0, 0, 0, 0, 0, 0, 0, 0, 0, 0, 0, 0, 0, 0, 0, 0, 0, 0, 0, 0, 0, 0, 0, 0, 0, 0, 0, 0, 0, 0, 0, 0, 0, 0, 0, 0, 0, 0, 0, 0, 0, 0, 0, 0, 0, 0, 0, 0, 0, 0, 0, 0, 0, 0, 0, 0, 0, 0, 0, 0, 0, 0, 0, 0, 0, 0, 0, 0, 0, 0, 0, 0, 0, 0, 0, 0, 0, 0, 0, 0, 0, 0, 0, 0, 0, 0, 0, 0, 0, 0, 0, 0, 0, 0, 0, 0, 0, 0, 0, 0, 0, 0, 0, 0, 0, 0, 0, 0, 0, 0, 0, 0, 0, 0, 0, 0, 0, 0, 0, 0, 0, 0, 0, 0, 0, 0, 0, 0, 0, 0, 0, 0, 0, 0, 0, 0, 0, 0, 0, 0, 0, 0, 0, 0, 0, 0, 0, 0, 0, 0, 0, 0, 0, 0, 0, 0, 0, 0, 0, 0, 0, 0, 0, 0, 0, 0, 0, 0, 0, 0, 0, 0, 0, 0, 0, 0, 0, 0, 0, 0, 0, 0, 0, 0, 0, 0, 0, 0, 0, 0, 0, 0, 0, 0, 0, 0, 0, 0, 0, 0, 0, 0, 0, 0, 0, 0, 0, 0, 0, 0, 0, 0, 0, 0
155, 94, 48, 5, -39, -84, -124, -158, -188, -212, -230, -242, -253, -266, -282, -297, -310, -321, -328, -332, -335, -334, -329, -320, -308, -289, -257, -211, -150, -78, 0, 84, 178, 277, 368, 435, 469, 473, 458, 430, 400, 384, 397, 437, 483, 506, 485, 413, 301, 168, 30, -102, -217, -300, -341, -339, -311, -279, -260, -261, -277, -303, -338, -383, -436, -488, -524, -530, -509, -474, -439, -403, -357, -296, -227, -163, -118, -102, -127, -190, -272, -349, -402, -423, -412, -378, -333, -283, -229, -162, -84, -6, 58, 105, 135, 147, 143, 125, 97, 65, 38, 21, 11, -2, -35, -96, -182, -278, -363, -427, -472, -497, -491, -443, -355, -247, -147, -73, -19, 23, 0, 0, 0, 0, 0, 0, 0, 0, 0, 0, 0, 0, 0, 0, 0, 0, 0, 0, 0, 0, 0, 0, 0, 0, 0, 0, 0, 0, 0, 0, 0, 0, 0, 0, 0, 0, 0, 0, 0, 0, 0, 0, 0, 0, 0, 0, 0, 0, 0, 0, 0, 0, 0, 0, 0, 0, 0, 0, 0, 0, 0, 0, 0, 0, 0, 0, 0, 0, 0, 0, 0, 0, 0, 0, 0, 0, 0, 0, 0, 0, 0, 0, 0, 0, 0, 0, 0, 0, 0, 0, 0, 0, 0, 0, 0, 0, 0, 0, 0, 0, 0, 0, 0, 0, 0, 0, 0, 0, 0, 0, 0, 0, 0, 0, 0, 0, 0, 0, 0, 0, 0, 0, 0, 0, 0, 0, 0, 0, 0, 0, 0, 0, 0, 0, 0, 0, 0, 0, 0, 0, 0, 0, 0, 0, 0, 0, 0, 0, 0, 0, 0, 0, 0, 0, 0, 0, 0, 0, 0, 0, 0, 0, 0, 0, 0, 0, 0, 0, 0, 0, 0, 0, 0, 0, 0, 0, 0, 0, 0, 0
-23, 24, 70, 116, 150, 165, 160, 144, 127, 118, 112, 100, 77, 54, 46, 62, 96, 122, 109, 50, -26, -80, -82, -33, 29, 79, 116, 146, 175, 210, 257, 311, 359, 380, 353, 265, 128, -28, -174, -284, -344, -359, -340, -304, -273, -274, -328, -440, -598, -781, -955, -1085, -1149, -1146, -1091, -1001, -888, -767, -649, -531, -391, -165, 246, 892, 1687, 2650, 3885, 5111, 5807, 5653, 4536, 2619, 464, -1325, -2487, -3057, -3195, -3081, -2853, -2597, -2360, -2153, -1972, -1808, -1656, -1516, -1378, -1235, -1083, -915, -728, -531, -352, -204, -48, 241, 871, 0, 0, 0, 0, 0, 0, 0, 0, 0, 0, 0, 0, 0, 0, 0, 0, 0, 0, 0, 0, 0, 0, 0, 0, 0, 0, 0, 0, 0, 0, 0, 0, 0, 0, 0, 0, 0, 0, 0, 0, 0, 0, 0, 0, 0, 0, 0, 0, 0, 0, 0, 0, 0, 0, 0, 0, 0, 0, 0, 0, 0, 0, 0, 0, 0, 0, 0, 0, 0, 0, 0, 0, 0, 0, 0, 0, 0, 0, 0, 0, 0, 0, 0, 0, 0, 0, 0, 0, 0, 0, 0, 0, 0, 0, 0, 0, 0, 0, 0, 0, 0, 0, 0, 0, 0, 0, 0, 0, 0, 0, 0, 0, 0, 0, 0, 0, 0, 0, 0, 0, 0, 0, 0, 0, 0, 0, 0, 0, 0, 0, 0, 0, 0, 0, 0, 0, 0, 0, 0, 0, 0, 0, 0, 0, 0, 0, 0, 0, 0, 0, 0, 0, 0, 0, 0, 0, 0, 0, 0, 0, 0, 0, 0, 0, 0, 0, 0, 0, 0, 0, 0, 0, 0, 0, 0, 0, 0, 0, 0, 0, 0, 0, 0, 0, 0, 0, 0, 0, 0, 0, 0, 0, 0, 0, 0, 0, 0, 0, 0, 0, 0, 0, 0
23, 55, 63, 64, 63, 58, 50, 38, 22, 1, -29, -65, -99, -129, -151, -163, -162, -149, -128, -107, -88, -73, -63, -57, -57, -64, -77, -95, -111, -121, -123, -118, -106, -90, -73, -58, -45, -33, -19, -1, 24, 56, 93, 130, 160, 181, 191, 194, 197, 202, 210, 218, 226, 236, 252, 271, 292, 316, 339, 359, 374, 385, 393, 394, 386, 367, 339, 305, 275, 259, 257, 267, 285, 303, 306, 287, 253, 212, 173, 140, 113, 91, 69, 44, 15, -11, -30, -36, -33, -27, -26, -32, -45, -59, -72, -81, -92, -111, -142, -177, -205, -217, -213, -199, -179, -155, -130, -108, -93, -87, -87, -94, -109, -127, -146, -161, -171, -176, -177, -175, -170, -164, -159, -153, -146, -136, -123, -106, -85, -58, -31, -5, 16, 33, 47, 57, 60, 55, 40, 18, -6, -29, -46, -55, -59, -60, -59, -58, -57, -56, -54, -49, -41, -29, -16, -4, 2, 0, -7, -19, -31, -40, -43, -41, -38, -34, -30, -25, -21, -18, -15, -11, -5, 4, 18, 35, 52, 0, 0, 0, 0, 0, 0, 0, 0, 0, 0, 0, 0, 0, 0, 0, 0, 0, 0, 0, 0, 0, 0, 0, 0, 0, 0, 0, 0, 0, 0, 0, 0, 0, 0, 0, 0, 0, 0, 0, 0, 0, 0, 0, 0, 0, 0, 0, 0, 0, 0, 0, 0, 0, 0, 0, 0, 0, 0, 0, 0, 0, 0, 0, 0, 0, 0, 0, 0, 0, 0, 0, 0, 0, 0, 0, 0, 0, 0, 0, 0, 0, 0, 0, 0, 0, 0, 0, 0, 0, 0, 0, 0, 0, 0, 0, 0, 0, 0, 0, 0, 0, 0, 0, 0, 0, 0, 0, 0, 0, 0, 0, 0, 0, 0, 0, 0, 0, 0, 0, 0, 0, 0, 0
-1165, -1104, -1078, -1074, -1087, -1112, -1143, -1180, -1229, -1292, -1372, -1466, -1553, -1594, -1544, -1385, -1133, -829, -522, -243, -14, 163, 309, 449, 592, 743, 901, 1058, 1196, 1300, 1369, 1418, 1464, 1519, 1584, 1660, 1752, 1862, 1990, 2125, 2251, 2346, 2394, 2381, 2304, 2167, 1982, 1781, 1601, 1469, 1391, 1363, 1368, 1381, 1378, 1337, 1253, 1136, 1009, 884, 762, 638, 509, 375, 250, 150, 85, 61, 70, 101, 141, 172, 179, 154, 95, 5, -108, -239, -372, -491, -575, -609, -590, -527, -437, -333, -222, -103, 26, 165, 291, 366, 346, 199, -62, -366, -632, -821, -926, -950, -897, -751, -507, -191, 146, 444, 660, 783, 823, 795, 721, 637, 574, 537, 513, 484, 429, 338, 213, 66, -90, -247, -391, -500, -563, -581, -568, -538, -501, -454, -393, -319, -244, -182, -148, -156, -208, -292, -385, -467, -529, -568, -585, -575, -533, -463, -368, -253, -120, 28, 0, 0, 0, 0, 0, 0, 0, 0, 0, 0, 0, 0, 0, 0, 0, 0, 0, 0, 0, 0, 0, 0, 0, 0, 0, 0, 0, 0, 0, 0, 0, 0, 0, 0, 0, 0, 0, 0, 0, 0, 0, 0, 0, 0, 0, 0, 0, 0, 0, 0, 0, 0, 0, 0, 0, 0, 0, 0, 0, 0, 0, 0, 0, 0, 0, 0, 0, 0, 0, 0, 0, 0, 0, 0, 0, 0, 0, 0, 0, 0, 0, 0, 0, 0, 0, 0, 0, 0, 0, 0, 0, 0, 0, 0, 0, 0, 0, 0, 0, 0, 0, 0, 0, 0, 0, 0, 0, 0, 0, 0, 0, 0, 0, 0, 0, 0, 0, 0, 0, 0, 0, 0, 0, 0, 0, 0, 0, 0, 0, 0, 0, 0, 0, 0, 0, 0, 0, 0, 0, 0, 0, 0, 0, 0, 0, 0, 0, 0, 0, 0
-861, -949, -1113, -1377, -1745, -2187, -2637, -3001, -3199, -3215, -3080, -2828, -2471, -2016, -1496, -971, -498, -109, 191, 417, 579, 679, 725, 737, 739, 740, 743, 740, 729, 707, 679, 649, 618, 582, 529, 453, 358, 260, 175, 113, 75, 55, 47, 40, 26, 0, -38, -82, -126, -169, -208, -243, -274, -294, -301, -295, -280, -264, -255, -260, -286, -335, -409, -508, -624, -740, -838, -900, -918, -894, -842, -775, -704, -628, -545, -456, -369, -293, -232, -187, -151, -110, -55, 20, 111, 208, 297, 367, 415, 441, 453, 457, 462, 473, 490, 511, 529, 538, 532, 511, 475, 426, 371, 313, 254, 199, 151, 115, 93, 84, 85, 89, 90, 81, 64, 41, 18, -5, -30, -56, -84, -116, -150, -185, -222, -258, -291, -314, -319, -300, -260, -209, -156, -107, -61, -17, 26, 65, 95, 114, 125, 129, 130, 126, 113, 91, 60, 20, -24, -74, -130, -198, -278, -361, -431, -474, -485, -468, -436, -400, -369, -344, -324, -309, -299, -294, -290, -284, -272, -252, -226, -193, -151, -102, -46, 16, 0, 0, 0, 0, 0, 0, 0, 0, 0, 0, 0, 0, 0, 0, 0, 0, 0, 0, 0, 0, 0, 0, 0, 0, 0, 0, 0, 0, 0, 0, 0, 0, 0, 0, 0, 0, 0, 0, 0, 0, 0, 0, 0, 0, 0, 0, 0, 0, 0, 0, 0, 0, 0, 0, 0, 0, 0, 0, 0, 0, 0, 0, 0, 0, 0, 0, 0, 0, 0, 0, 0, 0, 0, 0, 0, 0, 0, 0, 0, 0, 0, 0, 0, 0, 0, 0, 0, 0, 0, 0, 0, 0, 0, 0, 0, 0, 0, 0, 0, 0, 0, 0, 0, 0, 0, 0, 0, 0, 0, 0, 0, 0, 0, 0, 0, 0, 0, 0, 0, 0, 0, 0, 0, 0
59, 66, 64, 56, 51, 55, 71, 93, 116, 135, 147, 150, 143, 130, 114, 93, 64, 24, -22, -71, -118, -160, -191, -207, -206, -195, -174, -149, -125, -105, -93, -93, -103, -118, -139, -175, -231, -301, -373, -437, -485, -507, -493, -433, -340, -236, -138, -49, 31, 111, 203, 315, 433, 535, 604, 639, 652, 648, 631, 603, 564, 517, 466, 419, 378, 338, 293, 242, 192, 152, 127, 111, 97, 80, 53, -53, -79, 502, 1734, 2858, 3072, 2200, 777, -540, -1436, -1887, -1995, -1874, -1626, -1344, -1073, -809, -559, -365, -256, -226, -264, -363, -503, -655, -794, -917, -1041, -1178, -1321, -1451, -1547, -1597, -1599, -1556, -1481, -1385, -1278, -1171, -1070, -979, -898, -818, -728, -633, -537, -445, -352, -254, -148, -35, 0, 0, 0, 0, 0, 0, 0, 0, 0, 0, 0, 0, 0, 0, 0, 0, 0, 0, 0, 0, 0, 0, 0, 0, 0, 0, 0, 0, 0, 0, 0, 0, 0, 0, 0, 0, 0, 0, 0, 0, 0, 0, 0, 0, 0, 0, 0, 0, 0, 0, 0, 0, 0, 0, 0, 0, 0, 0, 0, 0, 0, 0, 0, 0, 0, 0, 0, 0, 0, 0, 0, 0, 0, 0, 0, 0, 0, 0, 0, 0, 0, 0, 0, 0, 0, 0, 0, 0, 0, 0, 0, 0, 0, 0, 0, 0, 0, 0, 0, 0, 0, 0, 0, 0, 0, 0, 0, 0, 0, 0, 0, 0, 0, 0, 0, 0, 0, 0, 0, 0, 0, 0, 0, 0, 0, 0, 0, 0, 0, 0, 0, 0, 0, 0, 0, 0, 0, 0, 0, 0, 0, 0, 0, 0, 0, 0, 0, 0, 0, 0, 0, 0, 0, 0, 0, 0, 0, 0, 0, 0, 0, 0, 0, 0, 0, 0, 0, 0, 0, 0, 0, 0, 0, 0
-46, -17, 38, 108, 171, 214, 234, 237, 231, 217, 194, 157, 105, 43, -20, -81, -131, -163, -172, -158, -124, -80, -38, 0, 40, 89, 145, 191, 212, 207, 189, 176, 171, 163, 132, 72, -7, -84, -142, -176, -195, -201, -194, -174, -143, -107, -78, -64, -67, -85, -111, -134, -146, -144, -126, -94, -55, -19, 0, -6, -45, -105, -172, -236, -289, -324, -337, -328, -306, -282, -258, -229, -195, -165, -152, -155, -162, -159, -145, -127, -112, -98, -66, -2, 104, 249, 426, 626, 829, 991, 1062, 1016, 869, 658, 414, 155, -100, -324, -490, -588, -620, -596, -531, -450, -380, -335, -312, -297, -275, -240, -199, -160, -126, -93, -55, -15, 18, 39, 47, 51, 65, 95, 140, 192, 248, 311, 392, 494, 608, 715, 796, 844, 864, 870, 869, 861, 847, 835, 832, 836, 841, 837, 825, 812, 803, 796, 778, 741, 694, 659, 647, 645, 623, 566, 484, 392, 298, 204, 110, 26, -34, -70, -70, -6, 160, 450, 859, 0, 0, 0, 0, 0, 0, 0, 0, 0, 0, 0, 0, 0, 0, 0, 0, 0, 0, 0, 0, 0, 0, 0, 0, 0, 0, 0, 0, 0, 0, 0, 0, 0, 0, 0, 0, 0, 0, 0, 0, 0, 0, 0, 0, 0, 0, 0, 0, 0, 0, 0, 0, 0, 0, 0, 0, 0, 0, 0, 0, 0, 0, 0, 0, 0, 0, 0, 0, 0, 0, 0, 0, 0, 0, 0, 0, 0, 0, 0, 0, 0, 0, 0, 0, 0, 0, 0, 0, 0, 0, 0, 0, 0, 0, 0, 0, 0, 0, 0, 0, 0, 0, 0, 0, 0, 0, 0, 0, 0, 0, 0, 0, 0, 0, 0, 0, 0, 0, 0, 0, 0, 0, 0, 0, 0, 0, 0, 0, 0, 0, 0, 0, 0
76, 124, 162, 173, 144, 74, -20, -114, -181, -205, -192, -150, -92, -32, 19, 59, 81, 82, 58, 8, -60, -134, -192, -222, -218, -180, -113, -31, 44, 99, 131, 143, 129, 81, -3, -110, -209, -271, -286, -255, -188, -95, 4, 0, 0, 0, 0, 0, 0, 0, 0, 0, 0, 0, 0, 0, 0, 0, 0, 0, 0, 0, 0, 0, 0, 0, 0, 0, 0, 0, 0, 0, 0, 0, 0, 0, 0, 0, 0, 0, 0, 0, 0, 0, 0, 0, 0, 0, 0, 0, 0, 0, 0, 0, 0, 0, 0, 0, 0, 0, 0, 0, 0, 0, 0, 0, 0, 0, 0, 0, 0, 0, 0, 0, 0, 0, 0, 0, 0, 0, 0, 0, 0, 0, 0, 0, 0, 0, 0, 0, 0, 0, 0, 0, 0, 0, 0, 0, 0, 0, 0, 0, 0, 0, 0, 0, 0, 0, 0, 0, 0, 0, 0, 0, 0, 0, 0, 0, 0, 0, 0, 0, 0, 0, 0, 0, 0, 0, 0, 0, 0, 0, 0, 0, 0, 0, 0, 0, 0, 0, 0, 0, 0, 0, 0, 0, 0, 0, 0, 0, 0, 0, 0, 0, 0, 0, 0, 0, 0, 0, 0, 0, 0, 0, 0, 0, 0, 0, 0, 0, 0, 0, 0, 0, 0, 0, 0, 0, 0, 0, 0, 0, 0, 0, 0, 0, 0, 0, 0, 0, 0, 0, 0, 0, 0, 0, 0, 0, 0, 0, 0, 0, 0, 0, 0, 0, 0, 0, 0, 0, 0, 0, 0, 0, 0, 0, 0, 0, 0, 0, 0, 0, 0, 0, 0, 0, 0, 0, 0, 0, 0, 0, 0, 0, 0, 0, 0, 0, 0, 0, 0, 0, 0, 0, 0, 0, 0, 0, 0, 0, 0, 0, 0, 0, 0, 0, 0, 0, 0, 0
79, 108, 127, 133, 127, 111, 92, 74, 61, 55, 53, 55, 59, 64, 68, 68, 64, 54, 39, 21, 5, -3, -2, 5, 15, 25, 33, 36, 35, 31, 24, 18, 11, 7, 7, 15, 30, 53, 83, 115, 143, 163, 175, 179, 179, 182, 193, 211, 230, 246, 256, 258, 251, 233, 205, 170, 134, 98, 66, 35, 5, -26, -65, -120, -187, -256, -315, -359, -391, -413, -424, -423, -411, -396, -381, -369, -357, -343, -324, -297, -262, -223, -181, -140, -100, -66, -42, -28, -23, -24, -30, -39, -49, -57, -60, -58, -50, -36, -19, -2, 12, 26, 37, 47, 56, 66, 75, 83, 86, 85, 76, 60, 39, 19, 2, -11, -25, -41, -56, -67, -68, -59, -40, -17, 5, 23, 35, 37, 29, 14, -4, -19, -26, -27, -24, -14, 1, 24, 49, 73, 0, 0, 0, 0, 0, 0, 0, 0, 0, 0, 0, 0, 0, 0, 0, 0, 0, 0, 0, 0, 0, 0, 0, 0, 0, 0, 0, 0, 0, 0, 0, 0, 0, 0, 0, 0, 0, 0, 0, 0, 0, 0, 0, 0, 0, 0, 0, 0, 0, 0, 0, 0, 0, 0, 0, 0, 0, 0, 0, 0, 0, 0, 0, 0, 0, 0, 0, 0, 0, 0, 0, 0, 0, 0, 0, 0, 0, 0, 0, 0, 0, 0, 0, 0, 0, 0, 0, 0, 0, 0, 0, 0, 0, 0, 0, 0, 0, 0, 0, 0, 0, 0, 0, 0, 0, 0, 0, 0, 0, 0, 0, 0, 0, 0, 0, 0, 0, 0, 0, 0, 0, 0, 0, 0, 0, 0, 0, 0, 0, 0, 0, 0, 0, 0, 0, 0, 0, 0, 0, 0, 0, 0, 0, 0, 0, 0, 0, 0, 0, 0, 0, 0, 0, 0, 0, 0, 0, 0, 0, 0
29, 30, 28, 24, 21, 19, 19, 20, 22, 24, 25, 26, 28, 29, 29, 28, 25, 22, 18, 14, 12, 11, 12, 15, 19, 23, 27, 29, 28, 27, 24, 20, 15, 10, 7, 5, 3, 1, 0, 1, 4, 8, 9, 7, 2, -3, -10, -14, -16, -13, -7, 0, 5, 9, 10, 11, 10, 10, 8, 4, -2, -8, -12, -14, -16, -17, -17, -16, -15, -16, -17, -19, -23, -26, -28, -28, -25, -21, -16, -14, -13, -12, -12, -9, -5, 0, 3, 3, 0, -5, -8, -10, -12, -17, -26, -39, -57, -80, -101, -115, -124, -130, -136, -142, -145, -143, -134, -121, -104, -84, -65, -49, -41, -41, -49, -61, -76, -95, -117, -142, -166, -183, -187, -169, -113, -22, 0, 0, 0, 0, 0, 0, 0, 0, 0, 0, 0, 0, 0, 0, 0, 0, 0, 0, 0, 0, 0, 0, 0, 0, 0, 0, 0, 0, 0, 0, 0, 0, 0, 0, 0, 0, 0, 0, 0, 0, 0, 0, 0, 0, 0, 0, 0, 0, 0, 0, 0, 0, 0, 0, 0, 0, 0, 0, 0, 0, 0, 0, 0, 0, 0, 0, 0, 0, 0, 0, 0, 0, 0, 0, 0, 0, 0, 0, 0, 0, 0, 0, 0, 0, 0, 0, 0, 0, 0, 0, 0, 0, 0, 0, 0, 0, 0, 0, 0, 0, 0, 0, 0, 0, 0, 0, 0, 0, 0, 0, 0, 0, 0, 0, 0, 0, 0, 0, 0, 0, 0, 0, 0, 0, 0, 0, 0, 0, 0, 0, 0, 0, 0, 0, 0, 0, 0, 0, 0, 0, 0, 0, 0, 0, 0, 0, 0, 0, 0, 0, 0, 0, 0, 0, 0, 0, 0, 0, 0, 0, 0, 0, 0, 0, 0, 0, 0, 0, 0, 0, 0, 0, 0, 0
539, 604, 632, 629, 618, 611, 600, 569, 511, 435, 358, 289, 234, 196, 175, 162, 150, 126, 86, 29, -37, -101, -142, -149, -126, -86, -39, 10, 57, 94, 109, 97, 60, 11, -32, -57, -65, -63, -53, -34, -7, 21, 47, 60, 56, 33, 0, -32, -57, -78, -109, -156, -210, -249, -264, -254, -227, -185, -129, -65, 2, 68, 127, 174, 194, 183, 148, 106, 66, 24, -20, -64, -94, -102, -86, -52, -11, 19, 22, -17, -98, -194, -264, -286, -262, -209, -136, -49, 33, 87, 94, 56, -13, -107, -226, -356, -466, -535, -562, -550, -506, -436, -348, -248, -136, 0, 0, 0, 0, 0, 0, 0, 0, 0, 0, 0, 0, 0, 0, 0, 0, 0, 0, 0, 0, 0, 0, 0, 0, 0, 0, 0, 0, 0, 0, 0, 0, 0, 0, 0, 0, 0, 0, 0, 0, 0, 0, 0, 0, 0, 0, 0, 0, 0, 0, 0, 0, 0, 0, 0, 0, 0, 0, 0, 0, 0, 0, 0, 0, 0, 0, 0, 0, 0, 0, 0, 0, 0, 0, 0, 0, 0, 0, 0, 0, 0, 0, 0, 0, 0, 0, 0, 0, 0, 0, 0, 0, 0, 0, 0, 0, 0, 0, 0, 0, 0, 0, 0, 0, 0, 0, 0, 0, 0, 0, 0, 0, 0, 0, 0, 0, 0, 0, 0, 0, 0, 0, 0, 0, 0, 0, 0, 0, 0, 0, 0, 0, 0, 0, 0, 0, 0, 0, 0, 0, 0, 0, 0, 0, 0, 0, 0, 0, 0, 0, 0, 0, 0, 0, 0, 0, 0, 0, 0, 0, 0, 0, 0, 0, 0, 0, 0, 0, 0, 0, 0, 0, 0, 0, 0, 0, 0, 0, 0, 0, 0, 0, 0, 0, 0, 0, 0, 0, 0, 0, 0, 0, 0, 0, 0
724, 982, 1247, 1490, 1686, 1820, 1889, 1898, 1857, 1785, 1693, 1584, 1456, 1308, 1144, 973, 803, 640, 484, 337, 202, 83, -22, -112, -181, -217, -212, -170, -107, -36, 27, 76, 107, 120, 117, 103, 86, 65, 36, -2, -49, -103, -162, -225, -288, -350, -410, -464, -510, -540, -547, -527, -480, -410, -326, -236, -151, -80, -33, -13, -18, -44, -83, -131, -187, -249, -314, -379, -440, -499, -560, -623, -684, -739, -784, -823, -854, -873, -873, -849, -808, -760, -718, -688, -669, -653, -636, -611, -576, -530, -470, -393, -302, -199, -93, 1, 70, 101, 93, 51, -13, -88, -160, -217, -256, -274, -275, -263, -240, -212, -184, -163, -150, -144, -141, -141, -143, -144, -136, -115, -82, -43, -6, 24, 50, 67, 74, 71, 63, 56, 59, 77, 106, 136, 152, 149, 134, 119, 116, 128, 161, 236, 381, 598, 833, 979, 907, 523, -174, -1050, -1882, -2467, -2710, -2627, -2301, -1824, -1268, -696, -169, 0, 0, 0, 0, 0, 0, 0, 0, 0, 0, 0, 0, 0, 0, 0, 0, 0, 0, 0, 0, 0, 0, 0, 0, 0, 0, 0, 0, 0, 0, 0, 0, 0, 0, 0, 0, 0, 0, 0, 0, 0, 0, 0, 0, 0, 0, 0, 0, 0, 0, 0, 0, 0, 0, 0, 0, 0, 0, 0, 0, 0, 0, 0, 0, 0, 0, 0, 0, 0, 0, 0, 0, 0, 0, 0, 0, 0, 0, 0, 0, 0, 0, 0, 0, 0, 0, 0, 0, 0, 0, 0, 0, 0, 0, 0, 0, 0, 0, 0, 0, 0, 0, 0, 0, 0, 0, 0, 0, 0, 0, 0, 0, 0, 0, 0, 0, 0, 0, 0, 0, 0, 0, 0, 0, 0, 0, 0, 0, 0, 0, 0, 0, 0, 0, 0, 0, 0, 0, 0, 0, 0
68, 100, 132, 163, 193, 219, 238, 248, 246, 228, 199, 165, 131, 98, 67, 40, 18, 1, -14, -33, -54, -74, -94, -115, -136, -158, -178, -196, -208, -210, -202, -183, -144, -69, 41, 177, 339, 526, 723, 890, 991, 1016, 980, 901, 798, 687, 579, 479, 387, 303, 228, 161, 101, 45, -6, -56, -102, -141, -175, -203, -228, -252, -273, -291, -308, -325, -343, -360, -373, -380, -380, -375, -367, -356, -341, -320, -292, -264, -241, -224, -214, -210, -214, -224, -237, -249, -258, -260, -257, -246, -227, -200, -166, -129, -89, -51, -20, -2, -2, -17, -40, -61, -74, -83, -92, -102, -108, -107, -101, -100, -110, -129, -147, -160, -168, -175, -183, -193, -204, -218, -238, -263, -287, -302, -299, -268, -201, -99, 32, 193, 420, 777, 1288, 1881, 2388, 2641, 2625, 2566, 2746, 3166, 3604, 3861, 3824, 3485, 2913, 2215, 1481, 763, 99, -472, -909, -1183, -1299, -1296, -1217, -1070, -836, -534, -231, 3, 148, 218, 228, 179, 79, -53, -194, -327, -445, -550, -642, -721, -790, -848, -894, -925, -941, -937, -917, -888, -858, -830, -803, -773, -739, -701, -665, -628, -587, -534, -469, -388, -214, 188, 0, 0, 0, 0, 0, 0, 0, 0, 0, 0, 0, 0, 0, 0, 0, 0, 0, 0, 0, 0, 0, 0, 0, 0, 0, 0, 0, 0, 0, 0, 0, 0, 0, 0, 0, 0, 0, 0, 0, 0, 0, 0, 0, 0, 0, 0, 0, 0, 0, 0, 0, 0, 0, 0, 0, 0, 0, 0, 0, 0, 0, 0, 0, 0, 0, 0, 0, 0, 0, 0, 0, 0, 0, 0, 0, 0, 0, 0, 0, 0, 0, 0, 0, 0, 0, 0, 0, 0, 0, 0, 0, 0, 0, 0, 0, 0, 0, 0, 0, 0, 0, 0, 0, 0, 0, 0
2121, 2825, 3451, 3879, 4003, 3811, 3320, 2469, 1216, -243, -1559, -2520, -3075, -3239, -3087, -2726, -2250, -1731, -1219, -720, -104, 890, 2444, 4400, 6305, 7692, 8319, 8249, 7736, 7034, 6305, 5599, 4879, 4095, 3269, 2476, 1757, 1115, 557, 91, -299, -641, -934, -1171, -1343, -1410, -1320, -1079, -768, -499, -329, -235, -154, -65, -18, -81, -276, -567, -891, -1196, -1468, -1698, -1849, -1873, -1768, -1575, -1314, -987, -616, -261, 13, 173, 230, 208, 117, -23, -185, -346, -494, -624, -744, -872, -1020, -1222, -1580, -2253, -3335, -4765, -6291, -7518, -8161, -8208, -7811, -7154, -6382, -5585, -4819, -4076, -3042, -1185, 1518, 4381, 6527, 7373, 6820, 5144, 2830, 462, -1434, -2566, -2910, -2627, -1856, -776, 0, -16, -557, -1148, -1569, -1762, -1755, -1604, -1367, -1089, -793, -473, -128, 252, 765, 1507, 0, 0, 0, 0, 0, 0, 0, 0, 0, 0, 0, 0, 0, 0, 0, 0, 0, 0, 0, 0, 0, 0, 0, 0, 0, 0, 0, 0, 0, 0, 0, 0, 0, 0, 0, 0, 0, 0, 0, 0, 0, 0, 0, 0, 0, 0, 0, 0, 0, 0, 0, 0, 0, 0, 0, 0, 0, 0, 0, 0, 0, 0, 0, 0, 0, 0, 0, 0, 0, 0, 0, 0, 0, 0, 0, 0, 0, 0, 0, 0, 0, 0, 0, 0, 0, 0, 0, 0, 0, 0, 0, 0, 0, 0, 0, 0, 0, 0, 0, 0, 0, 0, 0, 0, 0, 0, 0, 0, 0, 0, 0, 0, 0, 0, 0, 0, 0, 0, 0, 0, 0, 0, 0, 0, 0, 0, 0, 0, 0, 0, 0, 0, 0, 0, 0, 0, 0, 0, 0, 0, 0, 0, 0, 0, 0, 0, 0, 0, 0, 0, 0, 0, 0, 0, 0, 0, 0, 0, 0, 0, 0, 0, 0, 0, 0, 0, 0, 0, 0, 0
-121, -86, -299, -883, -2028, -3782, -5912, -7945, -9417, -10135, -10166, -9673, -8667, -6657, -3216, 977, 4669, 7126, 8290, 8463, 8038, 7340, 6580, 5869, 5243, 4699, 4220, 3786, 3382, 3000, 2636, 2287, 1954, 1636, 1335, 1050, 783, 533, 294, 62, -176, -449, -851, -1771, -3791, -6722, -9360, -10381, -9072, -5936, -2354, 566, 2421, 3293, 3467, 3248, 2866, 2463, 2105, 1808, 1565, 1362, 1184, 1020, 865, 716, 573, 435, 305, 184, 72, -27, -118, -200, -275, -347, -424, -514, -634, -819, -1154, -1858, -3371, -5851, -8574, -10476, -10598, -8372, -4501, -550, 0, 0, 0, 0, 0, 0, 0, 0, 0, 0, 0, 0, 0, 0, 0, 0, 0, 0, 0, 0, 0, 0, 0, 0, 0, 0, 0, 0, 0, 0, 0, 0, 0, 0, 0, 0, 0, 0, 0, 0, 0, 0, 0, 0, 0, 0, 0, 0, 0, 0, 0, 0, 0, 0, 0, 0, 0, 0, 0, 0, 0, 0, 0, 0, 0, 0, 0, 0, 0, 0, 0, 0, 0, 0, 0, 0, 0, 0, 0, 0, 0, 0, 0, 0, 0, 0, 0, 0, 0, 0, 0, 0, 0, 0, 0, 0, 0, 0, 0, 0, 0, 0, 0, 0, 0, 0, 0, 0, 0, 0, 0, 0, 0, 0, 0, 0, 0, 0, 0, 0, 0, 0, 0, 0, 0, 0, 0, 0, 0, 0, 0, 0, 0, 0, 0, 0, 0, 0, 0, 0, 0, 0, 0, 0, 0, 0, 0, 0, 0, 0, 0, 0, 0, 0, 0, 0, 0, 0, 0, 0, 0, 0, 0, 0, 0, 0, 0, 0, 0, 0, 0, 0, 0, 0, 0, 0, 0, 0, 0, 0, 0, 0, 0, 0, 0, 0, 0, 0, 0, 0, 0, 0, 0, 0, 0, 0, 0, 0, 0, 0, 0, 0, 0, 0, 0, 0, 0, 0, 0, 0
3552, 4723, 5194, 5182, 4863, 4341, 3729, 3156, 2728, 2512, 2560, 2838, 3149, 3247, 3007, 2478, 1808, 1126, 523, 67, -208, -345, -616, -1416, -2767, -4472, -6390, -8107, -9182, -9530, -9283, -8633, -7688, -6115, -3420, 52, 3316, 5682, 6979, 7379, 7180, 6654, 5998, 5343, 4764, 4281, 3867, 3475, 3028, 2325, 1024, -1002, -3326, -5314, -6648, -7265, -7135, -6045, -3784, -814, 1889, 3600, 4075, 3507, 2387, 1199, 267, -246, -426, -656, -1093, -1272, -946, -731, -1477, -3203, -5080, -6406, -6985, -6897, -6262, -5082, -3238, -794, 1699, 0, 0, 0, 0, 0, 0, 0, 0, 0, 0, 0, 0, 0, 0, 0, 0, 0, 0, 0, 0, 0, 0, 0, 0, 0, 0, 0, 0, 0, 0, 0, 0, 0, 0, 0, 0, 0, 0, 0, 0, 0, 0, 0, 0, 0, 0, 0, 0, 0, 0, 0, 0, 0, 0, 0, 0, 0, 0, 0, 0, 0, 0, 0, 0, 0, 0, 0, 0, 0, 0, 0, 0, 0, 0, 0, 0, 0, 0, 0, 0, 0, 0, 0, 0, 0, 0, 0, 0, 0, 0, 0, 0, 0, 0, 0, 0, 0, 0, 0, 0, 0, 0, 0, 0, 0, 0, 0, 0, 0, 0, 0, 0, 0, 0, 0, 0, 0, 0, 0, 0, 0, 0, 0, 0, 0, 0, 0, 0, 0, 0, 0, 0, 0, 0, 0, 0, 0, 0, 0, 0, 0, 0, 0, 0, 0, 0, 0, 0, 0, 0, 0, 0, 0, 0, 0, 0, 0, 0, 0, 0, 0, 0, 0, 0, 0, 0, 0, 0, 0, 0, 0, 0, 0, 0, 0, 0, 0, 0, 0, 0, 0, 0, 0, 0, 0, 0, 0, 0, 0, 0, 0, 0, 0, 0, 0, 0, 0, 0, 0, 0, 0, 0, 0, 0, 0, 0, 0, 0, 0, 0, 0, 0, 0, 0, 0
3284, 4244, 4390, 3638, 2060, 76, -1730, -3000, -3653, -3741, -3343, -2464, -1049, 806, 2798, 4488, 5435, 5341, 4081, 1880, -585, -2605, -3844, -4293, -4095, -3370, -2139, -505, 1197, 2496, 2993, 2486, 1100, -650, -2202, -3262, -3787, -3848, -3530, -2919, -2000, -636, 1111, 0, 0, 0, 0, 0, 0, 0, 0, 0, 0, 0, 0, 0, 0, 0, 0, 0, 0, 0, 0, 0, 0, 0, 0, 0, 0, 0, 0, 0, 0, 0, 0, 0, 0, 0, 0, 0, 0, 0, 0, 0, 0, 0, 0, 0, 0, 0, 0, 0, 0, 0, 0, 0, 0, 0, 0, 0, 0, 0, 0, 0, 0, 0, 0, 0, 0, 0, 0, 0, 0, 0, 0, 0, 0, 0, 0, 0, 0, 0, 0, 0, 0, 0, 0, 0, 0, 0, 0, 0, 0, 0, 0, 0, 0, 0, 0, 0, 0, 0, 0, 0, 0, 0, 0, 0, 0, 0, 0, 0, 0, 0, 0, 0, 0, 0, 0, 0, 0, 0, 0, 0, 0, 0, 0, 0, 0, 0, 0, 0, 0, 0, 0, 0, 0, 0, 0, 0, 0, 0, 0, 0, 0, 0, 0, 0, 0, 0, 0, 0, 0, 0, 0, 0, 0, 0, 0, 0, 0, 0, 0, 0, 0, 0, 0, 0, 0, 0, 0, 0, 0, 0, 0, 0, 0, 0, 0, 0, 0, 0, 0, 0, 0, 0, 0, 0, 0, 0, 0, 0, 0, 0, 0, 0, 0, 0, 0, 0, 0, 0, 0, 0, 0, 0, 0, 0, 0, 0, 0, 0, 0, 0, 0, 0, 0, 0, 0, 0, 0, 0, 0, 0, 0, 0, 0, 0, 0, 0, 0, 0, 0, 0, 0, 0, 0, 0, 0, 0, 0, 0, 0, 0, 0, 0, 0, 0, 0, 0, 0, 0, 0, 0, 0, 0, 0, 0, 0, 0
71, 71, 66, 57, 48, 38, 25, 10, -6, -20, -28, -29, -23, -12, 0, 11, 22, 32, 41, 47, 49, 45, 38, 28, 17, 5, -4, -14, -20, -24, -24, -20, -15, -10, -8, -9, -13, -20, -27, -33, -36, -39, -41, -42, -39, -34, -27, -16, 1, 27, 61, 103, 146, 186, 213, 217, 191, 132, 46, -49, -132, -184, -196, -169, -116, -54, 0, 34, 48, 43, 28, 8, -10, -23, -29, -28, -19, -7, 4, 14, 23, 30, 36, 39, 40, 38, 33, 25, 12, -3, -18, -31, -41, -48, -54, -56, -54, -45, -32, -18, -3, 9, 22, 31, 37, 37, 33, 27, 20, 14, 7, 0, -6, -10, -10, -5, 5, 19, 34, 48, 0, 0, 0, 0, 0, 0, 0, 0, 0, 0, 0, 0, 0, 0, 0, 0, 0, 0, 0, 0, 0, 0, 0, 0, 0, 0, 0, 0, 0, 0, 0, 0, 0, 0, 0, 0, 0, 0, 0, 0, 0, 0, 0, 0, 0, 0, 0, 0, 0, 0, 0, 0, 0, 0, 0, 0, 0, 0, 0, 0, 0, 0, 0, 0, 0, 0, 0, 0, 0, 0, 0, 0, 0, 0, 0, 0, 0, 0, 0, 0, 0, 0, 0, 0, 0, 0, 0, 0, 0, 0, 0, 0, 0, 0, 0, 0, 0, 0, 0, 0, 0, 0, 0, 0, 0, 0, 0, 0, 0, 0, 0, 0, 0, 0, 0, 0, 0, 0, 0, 0, 0, 0, 0, 0, 0, 0, 0, 0, 0, 0, 0, 0, 0, 0, 0, 0, 0, 0, 0, 0, 0, 0, 0, 0, 0, 0, 0, 0, 0, 0, 0, 0, 0, 0, 0, 0, 0, 0, 0, 0, 0, 0, 0, 0, 0, 0, 0, 0, 0, 0, 0, 0, 0, 0, 0, 0, 0, 0, 0, 0
127, 117, 98, 74, 45, 14, -13, -26, -23, -13, -7, 0, 12, 35, 68, 111, 161, 212, 255, 288, 309, 319, 317, 305, 291, 281, 270, 253, 223, 179, 124, 62, 0, -54, -104, -147, -184, -212, -227, -231, -233, -238, -240, -229, -199, -156, -112, -76, -49, -30, -21, -22, -33, -55, -84, -111, -133, -146, -155, -165, -176, -188, -198, -210, -225, -243, -265, -289, -312, -332, -347, -354, -356, -356, -359, -361, -354, -336, -313, -283, -236, -167, -90, -35, -23, -49, -96, -153, -212, -265, -304, -328, -343, -355, -362, -355, -327, -276, -213, -151, -93, 0, 0, 0, 0, 0, 0, 0, 0, 0, 0, 0, 0, 0, 0, 0, 0, 0, 0, 0, 0, 0, 0, 0, 0, 0, 0, 0, 0, 0, 0, 0, 0, 0, 0, 0, 0, 0, 0, 0, 0, 0, 0, 0, 0, 0, 0, 0, 0, 0, 0, 0, 0, 0, 0, 0, 0, 0, 0, 0, 0, 0, 0, 0, 0, 0, 0, 0, 0, 0, 0, 0, 0, 0, 0, 0, 0, 0, 0, 0, 0, 0, 0, 0, 0, 0, 0, 0, 0, 0, 0, 0, 0, 0, 0, 0, 0, 0, 0, 0, 0, 0, 0, 0, 0, 0, 0, 0, 0, 0, 0, 0, 0, 0, 0, 0, 0, 0, 0, 0, 0, 0, 0, 0, 0, 0, 0, 0, 0, 0, 0, 0, 0, 0, 0, 0, 0, 0, 0, 0, 0, 0, 0, 0, 0, 0, 0, 0, 0, 0, 0, 0, 0, 0, 0, 0, 0, 0, 0, 0, 0, 0, 0, 0, 0, 0, 0, 0, 0, 0, 0, 0, 0, 0, 0, 0, 0, 0, 0, 0, 0, 0, 0, 0, 0, 0, 0, 0, 0, 0, 0, 0, 0, 0, 0, 0, 0, 0, 0, 0
183, 184, 158, 110, 54, 2, -37, -64, -80, -89, -94, -94, -82, -58, -28, -2, 11, 14, 9, 2, -7, -19, -34, -46, -52, -46, -30, -5, 23, 49, 67, 72, 60, 28, -20, -76, -124, -151, -151, -127, -90, -49, -14, 7, 16, 14, 1, -20, -51, -86, -119, -141, -146, -132, -100, -57, -11, 31, 61, 74, 64, 32, -16, -73, -116, -128, -107, -72, -41, -21, -13, -11, -12, -14, -15, -14, -13, -13, -14, -15, -21, -35, -60, -94, -129, -151, -152, -128, -81, -18, 53, 123, 182, 230, 270, 292, 290, 263, 217, 163, 105, 40, -34, -112, -178, -219, -232, -225, -206, -171, -114, -36, 55, 0, 0, 0, 0, 0, 0, 0, 0, 0, 0, 0, 0, 0, 0, 0, 0, 0, 0, 0, 0, 0, 0, 0, 0, 0, 0, 0, 0, 0, 0, 0, 0, 0, 0, 0, 0, 0, 0, 0, 0, 0, 0, 0, 0, 0, 0, 0, 0, 0, 0, 0, 0, 0, 0, 0, 0, 0, 0, 0, 0, 0, 0, 0, 0, 0, 0, 0, 0, 0, 0, 0, 0, 0, 0, 0, 0, 0, 0, 0, 0, 0, 0, 0, 0, 0, 0, 0, 0, 0, 0, 0, 0, 0, 0, 0, 0, 0, 0, 0, 0, 0, 0, 0, 0, 0, 0, 0, 0, 0, 0, 0, 0, 0, 0, 0, 0, 0, 0, 0, 0, 0, 0, 0, 0, 0, 0, 0, 0, 0, 0, 0, 0, 0, 0, 0, 0, 0, 0, 0, 0, 0, 0, 0, 0, 0, 0, 0, 0, 0, 0, 0, 0, 0, 0, 0, 0, 0, 0, 0, 0, 0, 0, 0, 0, 0, 0, 0, 0, 0, 0, 0, 0, 0, 0, 0, 0, 0, 0, 0, 0, 0, 0, 0, 0, 0, 0, 0
147, 275, 392, 498, 582, 623, 604, 518, 374, 194, 10, -139, -224, -232, -172, -57, 100, 293, 515, 747, 955, 1103, 1166, 1137, 1028, 873, 715, 597, 552, 596, 718, 885, 1042, 1130, 1117, 1010, 866, 754, 723, 783, 896, 998, 1039, 1004, 907, 776, 633, 485, 324, 140, -57, -242, -381, -454, -455, -395, -302, -215, -160, -140, -147, -173, -199, -198, -158, -86, 20, 181, 409, 681, 940, 1114, 1153, 1056, 852, 576, 262, -58, -360, -629, -857, -1043, -1187, -1293, -1362, -1401, -1417, -1418, -1406, -1380, -1342, -1293, -1239, -1187, -1138, -1093, -1055, -1027, -1011, -1015, -1045, -1105, -1200, -1322, -1445, -1529, -1549, -1502, -1407, -1287, -1162, -1038, -911, -776, -629, -466, 0, 0, 0, 0, 0, 0, 0, 0, 0, 0, 0, 0, 0, 0, 0, 0, 0, 0, 0, 0, 0, 0, 0, 0, 0, 0, 0, 0, 0, 0, 0, 0, 0, 0, 0, 0, 0, 0, 0, 0, 0, 0, 0, 0, 0, 0, 0, 0, 0, 0, 0, 0, 0, 0, 0, 0, 0, 0, 0, 0, 0, 0, 0, 0, 0, 0, 0, 0, 0, 0, 0, 0, 0, 0, 0, 0, 0, 0, 0, 0, 0, 0, 0, 0, 0, 0, 0, 0, 0, 0, 0, 0, 0, 0, 0, 0, 0, 0, 0, 0, 0, 0, 0, 0, 0, 0, 0, 0, 0, 0, 0, 0, 0, 0, 0, 0, 0, 0, 0, 0, 0, 0, 0, 0, 0, 0, 0, 0, 0, 0, 0, 0, 0, 0, 0, 0, 0, 0, 0, 0, 0, 0, 0, 0, 0, 0, 0, 0, 0, 0, 0, 0, 0, 0, 0, 0, 0, 0, 0, 0, 0, 0, 0, 0, 0, 0, 0, 0, 0, 0, 0, 0, 0, 0, 0, 0, 0, 0, 0, 0, 0, 0, 0, 0
52, 70, 83, 90, 94, 93, 84, 67, 45, 22, -1, -27, -55, -82, -102, -109, -99, -78, -57, -40, -24, -7, 9, 25, 43, 59, 72, 75, 71, 59, 43, 25, 9, -5, -18, -30, -40, -46, -46, -35, -13, 24, 73, 122, 157, 174, 176, 165, 143, 111, 73, 33, 0, -22, -35, -46, -65, -101, -155, -228, -311, -389, -442, -457, -434, -385, -325, -263, -206, -155, -107, 0, 0, 0, 0, 0, 0, 0, 0, 0, 0, 0, 0, 0, 0, 0, 0, 0, 0, 0, 0, 0, 0, 0, 0, 0, 0, 0, 0, 0, 0, 0, 0, 0, 0, 0, 0, 0, 0, 0, 0, 0, 0, 0, 0, 0, 0, 0, 0, 0, 0, 0, 0, 0, 0, 0, 0, 0, 0, 0, 0, 0, 0, 0, 0, 0, 0, 0, 0, 0, 0, 0, 0, 0, 0, 0, 0, 0, 0, 0, 0, 0, 0, 0, 0, 0, 0, 0, 0, 0, 0, 0, 0, 0, 0, 0, 0, 0, 0, 0, 0, 0, 0, 0, 0, 0, 0, 0, 0, 0, 0, 0, 0, 0, 0, 0, 0, 0, 0, 0, 0, 0, 0, 0, 0, 0, 0, 0, 0, 0, 0, 0, 0, 0, 0, 0, 0, 0, 0, 0, 0, 0, 0, 0, 0, 0, 0, 0, 0, 0, 0, 0, 0, 0, 0, 0, 0, 0, 0, 0, 0, 0, 0, 0, 0, 0, 0, 0, 0, 0, 0, 0, 0, 0, 0, 0, 0, 0, 0, 0, 0, 0, 0, 0, 0, 0, 0, 0, 0, 0, 0, 0, 0, 0, 0, 0, 0, 0, 0, 0, 0, 0, 0, 0, 0, 0, 0, 0, 0, 0, 0, 0, 0, 0, 0, 0, 0, 0, 0, 0, 0, 0, 0, 0, 0, 0, 0, 0, 0, 0
-15, 144, 360, 598, 838, 1077, 1300, 1470, 1598, 1762, 2035, 2384, 2723, 3080, 3608, 4305, 4901, 5134, 4958, 4467, 3787, 3037, 2313, 1671, 1115, 618, 154, -285, -698, -1077, -1402, -1658, -1842, -1972, -2066, -2130, -2159, -2152, -2122, -2087, -2060, -2051, -2076, -2153, -2288, -2461, -2638, -2782, -2868, -2886, -2850, -2811, -2853, -3032, -3305, -3571, -3732, -3727, -3550, -3269, -2987, -2767, -2613, -2508, -2435, -2375, -2304, -2191, -2005, -1737, -1396, -1012, -618, -242, 104, 412, 669, 869, 1013, 1108, 1160, 1178, 1175, 1163, 1151, 1147, 1153, 1170, 1191, 1210, 1224, 1234, 1243, 1255, 1269, 1286, 1303, 1320, 1334, 1342, 1348, 1360, 1383, 1412, 1439, 1474, 1532, 1612, 1705, 1801, 1876, 1910, 1890, 1823, 1723, 1610, 1495, 1386, 1280, 1170, 1048, 913, 771, 631, 491, 348, 203, 68, -46, -139, -214, -274, -322, -359, -386, -402, -410, -420, -440, -478, -532, -608, -709, -833, -963, -1070, -1123, -1110, -1040, -925, -775, -597, -401, -201, -4, 195, 383, 530, 613, 635, 605, 528, 410, 266, 117, -16, -116, -180, -207, -200, -160, -89, 11, 136, 273, 411, 542, 648, 0, 0, 0, 0, 0, 0, 0, 0, 0, 0, 0, 0, 0, 0, 0, 0, 0, 0, 0, 0, 0, 0, 0, 0, 0, 0, 0, 0, 0, 0, 0, 0, 0, 0, 0, 0, 0, 0, 0, 0, 0, 0, 0, 0, 0, 0, 0, 0, 0, 0, 0, 0, 0, 0, 0, 0, 0, 0, 0, 0, 0, 0, 0, 0, 0, 0, 0, 0, 0, 0, 0, 0, 0, 0, 0, 0, 0, 0, 0, 0, 0, 0, 0, 0, 0, 0, 0, 0, 0, 0, 0, 0, 0, 0, 0, 0, 0, 0, 0, 0, 0, 0, 0, 0, 0, 0, 0, 0, 0, 0, 0, 0, 0, 0, 0, 0, 0, 0, 0, 0, 0, 0
-454, -749, -997, -1152, -1170, -1038, -796, -517, -265, -63, 96, 221, 317, 381, 406, 401, 398, 431, 499, 568, 606, 603, 570, 519, 455, 371, 263, 137, 7, -109, -193, -239, -253, -240, -208, -169, -131, -98, -75, -78, -124, -211, -322, -433, -531, -606, -650, -659, -643, -620, -600, -590, -586, -575, -542, -474, -368, -237, -112, -18, 39, 73, 91, 103, 120, 150, 189, 230, 271, 308, 331, 328, 288, 198, 64, -90, -240, -373, -482, -566, -622, -649, -646, -615, -559, -481, -374, -229, -54, 120, 262, 348, 383, 393, 399, 408, 411, 400, 373, 338, 302, 279, 280, 314, 374, 445, 516, 575, 614, 628, 614, 575, 514, 438, 357, 280, 215, 162, 119, 88, 65, 49, 37, 26, 15, 0, -20, -48, -82, -120, -158, -195, -236, -288, -361, -465, -594, -725, -825, -878, -886, -868, -837, -802, -761, -714, -667, -633, -618, -615, -605, -576, -529, -473, -431, -427, -458, -497, -523, -528, -513, -478, -421, -348, -273, -201, -129, -52, 28, 121, 240, 393, 559, 704, 800, 833, 813, 763, 714, 690, 702, 744, 800, 868, 970, 1118, 1300, 1482, 1627, 1712, 1732, 1697, 1613, 1479, 1300, 1094, 880, 681, 513, 389, 308, 254, 210, 162, 105, 37, -41, -129, -220, -312, -402, -492, -579, -662, -733, -788, -825, -844, -851, -846, -833, -809, -771, -720, -659, -597, -534, -468, -403, -342, -292, -252, -229, -223, -231, -248, -272, -298, -318, -330, -337, -335, -321, -296, -267, -240, -214, -192, -175, -165, -161, -155, -141, -113, -74, -26, 27, 86, 145, 201, 248, 0, 0, 0, 0, 0, 0, 0, 0, 0, 0, 0, 0, 0, 0, 0, 0, 0, 0, 0, 0, 0, 0, 0, 0, 0, 0, 0, 0, 0, 0, 0, 0, 0, 0, 0, 0, 0, 0, 0
1073, 988, 857, 694, 516, 346, 210, 123, 82, 77, 96, 129, 162, 188, 204, 210, 205, 196, 193, 202, 219, 235, 244, 239, 216, 177, 133, 93, 63, 41, 29, 26, 34, 51, 76, 97, 99, 83, 58, 31, 9, -3, -11, -15, -13, 4, 51, 123, 203, 275, 323, 342, 333, 300, 252, 199, 152, 114, 75, 23, -39, -100, -149, -186, -214, -236, -256, -273, -286, -299, -313, -329, -345, -360, -368, -365, -344, -297, -217, -105, 22, 143, 246, 329, 394, 429, 422, 354, 215, 19, -190, -370, -498, -574, -608, -613, -596, -561, -514, -471, -443, -426, -416, -406, -394, -377, -351, -318, -282, -249, -221, -198, -176, -154, -129, -101, -69, -34, 7, 53, 101, 146, 184, 219, 257, 299, 341, 379, 414, 444, 464, 469, 458, 438, 414, 393, 374, 356, 332, 305, 279, 267, 280, 321, 380, 443, 510, 582, 0, 0, 0, 0, 0, 0, 0, 0, 0, 0, 0, 0, 0, 0, 0, 0, 0, 0, 0, 0, 0, 0, 0, 0, 0, 0, 0, 0, 0, 0, 0, 0, 0, 0, 0, 0, 0, 0, 0, 0, 0, 0, 0, 0, 0, 0, 0, 0, 0, 0, 0, 0, 0, 0, 0, 0, 0, 0, 0, 0, 0, 0, 0, 0, 0, 0, 0, 0, 0, 0, 0, 0, 0, 0, 0, 0, 0, 0, 0, 0, 0, 0, 0, 0, 0, 0, 0, 0, 0, 0, 0, 0, 0, 0, 0, 0, 0, 0, 0, 0, 0, 0, 0, 0, 0, 0, 0, 0, 0, 0, 0, 0, 0, 0, 0, 0, 0, 0, 0, 0, 0, 0, 0, 0, 0, 0, 0, 0, 0, 0, 0, 0, 0, 0, 0, 0, 0, 0, 0, 0, 0, 0, 0, 0, 0, 0, 0, 0, 0, 0, 0, 0
815, 808, 768, 713, 656, 603, 552, 498, 439, 377, 318, 271, 238, 218, 204, 182, 146, 96, 39, -19, -78, -137, -195, -253, -320, -408, -535, -699, -877, -1026, -1108, -1102, -1013, -867, -704, -566, -475, -432, -429, -450, -478, -493, -483, -441, -371, -284, -193, -112, -54, -24, -16, -14, -5, 18, 53, 91, 128, 164, 198, 228, 250, 261, 256, 232, 190, 131, 59, -15, -76, -113, -123, -110, -76, -24, 44, 124, 211, 306, 404, 498, 577, 629, 651, 641, 602, 538, 454, 355, 248, 141, 39, -51, -128, -188, -235, -270, -293, -302, -295, -273, -237, -190, -135, -76, -20, 29, 65, 75, 49, -10, -93, -182, -261, -321, -361, -387, -408, -430, -453, -476, -494, -501, -497, -482, -463, -448, -438, -435, -436, -442, -460, -492, -542, -604, -665, -709, -716, -676, -589, -473, -351, -246, -175, -142, -140, -158, -182, -204, -214, -203, -161, -86, 16, 133, 255, 377, 496, 601, 674, 689, 631, 509, 352, 195, 62, -32, -77, -63, 7, 117, 237, 340, 407, 0, 0, 0, 0, 0, 0, 0, 0, 0, 0, 0, 0, 0, 0, 0, 0, 0, 0, 0, 0, 0, 0, 0, 0, 0, 0, 0, 0, 0, 0, 0, 0, 0, 0, 0, 0, 0, 0, 0, 0, 0, 0, 0, 0, 0, 0, 0, 0, 0, 0, 0, 0, 0, 0, 0, 0, 0, 0, 0, 0, 0, 0, 0, 0, 0, 0, 0, 0, 0, 0, 0, 0, 0, 0, 0, 0, 0, 0, 0, 0, 0, 0, 0, 0, 0, 0, 0, 0, 0, 0, 0, 0, 0, 0, 0, 0, 0, 0, 0, 0, 0, 0, 0, 0, 0, 0, 0, 0, 0, 0, 0, 0, 0, 0, 0, 0, 0, 0, 0, 0, 0, 0, 0, 0, 0, 0, 0
119, 175, 219, 242, 238, 210, 164, 110, 60, 26, 12, 15, 28, 47, 70, 96, 119, 135, 154, 189, 242, 304, 351, 361, 330, 262, 158, 17, -144, -312, -465, -577, -635, -642, -610, -553, -484, -414, -351, -298, -258, -231, -219, -221, -230, -238, -239, -231, -210, -176, -132, -80, -23, 38, 104, 170, 228, 273, 301, 315, 320, 323, 325, 326, 323, 317, 305, 290, 271, 246, 219, 194, 175, 163, 166, 183, 212, 245, 276, 303, 324, 337, 341, 330, 305, 268, 218, 157, 90, 25, -28, -68, -94, -110, -114, -112, -106, -98, -91, -85, -80, -77, -77, -80, -87, -94, -101, -104, -106, -107, -110, -116, -124, -135, -150, -170, -190, -205, -210, -209, -208, -208, -205, -196, -177, -147, -108, -67, -29, 0, 0, 0, 0, 0, 0, 0, 0, 0, 0, 0, 0, 0, 0, 0, 0, 0, 0, 0, 0, 0, 0, 0, 0, 0, 0, 0, 0, 0, 0, 0, 0, 0, 0, 0, 0, 0, 0, 0, 0, 0, 0, 0, 0, 0, 0, 0, 0, 0, 0, 0, 0, 0, 0, 0, 0, 0, 0, 0, 0, 0, 0, 0, 0, 0, 0, 0, 0, 0, 0, 0, 0, 0, 0, 0, 0, 0, 0, 0, 0, 0, 0, 0, 0, 0, 0, 0, 0, 0, 0, 0, 0, 0, 0, 0, 0, 0, 0, 0, 0, 0, 0, 0, 0, 0, 0, 0, 0, 0, 0, 0, 0, 0, 0, 0, 0, 0, 0, 0, 0, 0, 0, 0, 0, 0, 0, 0, 0, 0, 0, 0, 0, 0, 0, 0, 0, 0, 0, 0, 0, 0, 0, 0, 0, 0, 0, 0, 0, 0, 0, 0, 0, 0, 0, 0, 0, 0, 0, 0, 0, 0, 0, 0, 0, 0, 0, 0, 0, 0, 0, 0
151, 189, 219, 243, 258, 265, 267, 267, 266, 262, 255, 249, 245, 243, 238, 232, 222, 207, 185, 156, 126, 102, 82, 65, 49, 34, 22, 15, 13, 11, 3, -11, -29, -49, -72, -97, -122, -143, -159, -172, -185, -201, -217, -229, -236, -239, -240, -236, -226, -209, -189, -170, -154, -140, -128, -118, -110, -104, -99, -93, -83, -71, -58, -48, -43, -47, -57, -67, -75, -87, -108, -135, -165, -196, -223, -242, -247, -240, -219, -189, -152, -114, -78, -48, -25, -7, 9, 27, 45, 63, 81, 98, 113, 126, 139, 148, 155, 162, 170, 176, 175, 165, 151, 136, 124, 115, 107, 98, 88, 77, 62, 25, -39, -22, 289, 934, 1660, 2126, 2149, 1757, 1106, 398, -197, -588, -771, -791, -706, -566, -414, -279, -164, -53, 78, 244, 415, 535, 0, 0, 0, 0, 0, 0, 0, 0, 0, 0, 0, 0, 0, 0, 0, 0, 0, 0, 0, 0, 0, 0, 0, 0, 0, 0, 0, 0, 0, 0, 0, 0, 0, 0, 0, 0, 0, 0, 0, 0, 0, 0, 0, 0, 0, 0, 0, 0, 0, 0, 0, 0, 0, 0, 0, 0, 0, 0, 0, 0, 0, 0, 0, 0, 0, 0, 0, 0, 0, 0, 0, 0, 0, 0, 0, 0, 0, 0, 0, 0, 0, 0, 0, 0, 0, 0, 0, 0, 0, 0, 0, 0, 0, 0, 0, 0, 0, 0, 0, 0, 0, 0, 0, 0, 0, 0, 0, 0, 0, 0, 0, 0, 0, 0, 0, 0, 0, 0, 0, 0, 0, 0, 0, 0, 0, 0, 0, 0, 0, 0, 0, 0, 0, 0, 0, 0, 0, 0, 0, 0, 0, 0, 0, 0, 0, 0, 0, 0, 0, 0, 0, 0, 0, 0, 0, 0, 0, 0, 0, 0, 0, 0, 0, 0
50, 65, 78, 89, 96, 95, 82, 57, 32, 19, 20, 32, 48, 62, 72, 82, 95, 106, 105, 98, 97, 106, 118, 122, 112, 96, 88, 92, 103, 118, 135, 149, 159, 167, 172, 166, 149, 138, 137, 134, 124, 115, 111, 106, 101, 102, 106, 106, 97, 86, 75, 63, 48, 35, 28, 21, 9, -12, -40, -63, -79, -96, -120, -148, -169, -180, -184, -188, -200, -215, -220, -209, -193, -181, -177, -181, -194, -206, -211, -209, -206, -203, -194, -176, -149, -119, -92, -72, -57, -38, -13, 10, 25, 31, 33, 38, 53, 76, 105, 137, 169, 193, 204, 206, 198, 186, 178, 174, 171, 164, 143, 109, 73, 44, 23, 9, 5, 11, 22, 24, 18, 17, 16, 3, -21, -44, -54, -48, -34, -17, -3, 7, 18, 28, 36, 39, 37, 29, 16, 0, -22, -50, -73, -85, -90, -99, -107, -104, -90, -77, -72, -75, -80, -81, -77, -67, -50, -34, -23, -21, -28, -40, -40, -23, 4, 21, 0, 0, 0, 0, 0, 0, 0, 0, 0, 0, 0, 0, 0, 0, 0, 0, 0, 0, 0, 0, 0, 0, 0, 0, 0, 0, 0, 0, 0, 0, 0, 0, 0, 0, 0, 0, 0, 0, 0, 0, 0, 0, 0, 0, 0, 0, 0, 0, 0, 0, 0, 0, 0, 0, 0, 0, 0, 0, 0, 0, 0, 0, 0, 0, 0, 0, 0, 0, 0, 0, 0, 0, 0, 0, 0, 0, 0, 0, 0, 0, 0, 0, 0, 0, 0, 0, 0, 0, 0, 0, 0, 0, 0, 0, 0, 0, 0, 0, 0, 0, 0, 0, 0, 0, 0, 0, 0, 0, 0, 0, 0, 0, 0, 0, 0, 0, 0, 0, 0, 0, 0, 0, 0, 0, 0, 0, 0, 0, 0, 0, 0, 0, 0, 0
49, 75, 122, 201, 281, 328, 336, 318, 286, 247, 202, 155, 108, 67, 32, 4, -17, -34, -48, -61, -77, -96, -118, -139, -158, -177, -194, -206, -210, -208, -201, -193, -185, -178, -170, -159, -148, -137, -125, -110, -94, -79, -67, -58, -50, -45, -45, -47, -51, -56, -62, -69, -77, -84, -88, -89, -87, -83, -78, -72, -67, -61, -54, -50, -49, -52, -57, -63, -71, -83, -98, -114, -126, -134, -137, -133, -121, -102, -82, -61, -39, -16, 9, 39, 71, 99, 120, 133, 140, 144, 148, 156, 166, 175, 179, 177, 169, 159, 151, 145, 143, 141, 137, 129, 117, 104, 92, 85, 82, 81, 79, 76, 74, 71, 65, 55, 43, 31, 20, 10, 4, 0, -3, -5, -6, -8, -13, -20, -30, -40, -47, -47, -40, -27, -13, 0, 7, 11, 9, 2, -6, -13, -19, -24, -29, -36, -45, -55, -65, -73, -79, -85, -92, -101, -110, -117, -119, -116, -110, -101, -92, -90, -122, -214, -347, -463, -533, -559, -551, -523, -491, -459, -422, -381, -339, -301, -269, -241, -217, -192, -163, -129, -92, -52, -11, 27, 62, 95, 127, 156, 183, 208, 231, 247, 250, 237, 202, 138, 46, -52, -138, -206, -268, -349, -488, -681, -853, -952, -975, -937, -857, -759, -659, -560, -458, -356, -263, 0, 0, 0, 0, 0, 0, 0, 0, 0, 0, 0, 0, 0, 0, 0, 0, 0, 0, 0, 0, 0, 0, 0, 0, 0, 0, 0, 0, 0, 0, 0, 0, 0, 0, 0, 0, 0, 0, 0, 0, 0, 0, 0, 0, 0, 0, 0, 0, 0, 0, 0, 0, 0, 0, 0, 0, 0, 0, 0, 0, 0, 0, 0, 0, 0, 0, 0, 0, 0, 0, 0, 0, 0, 0, 0, 0, 0, 0, 0, 0, 0, 0, 0
-1465, -1810, -2068, -2213, -2307, -2400, -2486, -2538, -2536, -2482, -2389, -2274, -2145, -2007, -1866, -1729, -1599, -1465, -1316, -1151, -986, -843, -728, -648, -613, -627, -665, -678, -627, -512, -379, -255, -115, 68, 289, 526, 772, 1038, 1337, 1665, 1984, 2242, 2403, 2475, 2491, 2462, 2359, 2168, 1908, 1570, 1111, 567, 85, -204, -258, -78, 286, 753, 1245, 1706, 2093, 2363, 2503, 2538, 2531, 2460, 2259, 2126, 2355, 2901, 3433, 3625, 3292, 2458, 1290, -302, -2507, -4924, -6842, -7887, -8086, -7700, -7044, -6358, -5744, -5195, -4660, -4063, -3311, -2345, -1167, 0, 0, 0, 0, 0, 0, 0, 0, 0, 0, 0, 0, 0, 0, 0, 0, 0, 0, 0, 0, 0, 0, 0, 0, 0, 0, 0, 0, 0, 0, 0, 0, 0, 0, 0, 0, 0, 0, 0, 0, 0, 0, 0, 0, 0, 0, 0, 0, 0, 0, 0, 0, 0, 0, 0, 0, 0, 0, 0, 0, 0, 0, 0, 0, 0, 0, 0, 0, 0, 0, 0, 0, 0, 0, 0, 0, 0, 0, 0, 0, 0, 0, 0, 0, 0, 0, 0, 0, 0, 0, 0, 0, 0, 0, 0, 0, 0, 0, 0, 0, 0, 0, 0, 0, 0, 0, 0, 0, 0, 0, 0, 0, 0, 0, 0, 0, 0, 0, 0, 0, 0, 0, 0, 0, 0, 0, 0, 0, 0, 0, 0, 0, 0, 0, 0, 0, 0, 0, 0, 0, 0, 0, 0, 0, 0, 0, 0, 0, 0, 0, 0, 0, 0, 0, 0, 0, 0, 0, 0, 0, 0, 0, 0, 0, 0, 0, 0, 0, 0, 0, 0, 0, 0, 0, 0, 0, 0, 0, 0, 0, 0, 0, 0, 0, 0, 0, 0, 0, 0, 0, 0, 0, 0, 0, 0, 0, 0, 0, 0, 0, 0, 0, 0, 0, 0, 0, 0, 0, 0
251, 368, 390, 315, 207, 126, 93, 92, 96, 72, 1, -105, -205, -259, -258, -212, -140, -65, -5, 35, 74, 152, 281, 389, 388, 276, 124, 1, -66, -97, -116, -140, -169, -198, -219, -228, -226, -216, -201, -180, -148, -100, -42, 19, 102, 224, 359, 439, 423, 338, 238, 155, 86, 9, -77, -161, -227, -262, -266, -247, -220, -195, -174, -154, -132, -103, -45, 71, 0, 0, 0, 0, 0, 0, 0, 0, 0, 0, 0, 0, 0, 0, 0, 0, 0, 0, 0, 0, 0, 0, 0, 0, 0, 0, 0, 0, 0, 0, 0, 0, 0, 0, 0, 0, 0, 0, 0, 0, 0, 0, 0, 0, 0, 0, 0, 0, 0, 0, 0, 0, 0, 0, 0, 0, 0, 0, 0, 0, 0, 0, 0, 0, 0, 0, 0, 0, 0, 0, 0, 0, 0, 0, 0, 0, 0, 0, 0, 0, 0, 0, 0, 0, 0, 0, 0, 0, 0, 0, 0, 0, 0, 0, 0, 0, 0, 0, 0, 0, 0, 0, 0, 0, 0, 0, 0, 0, 0, 0, 0, 0, 0, 0, 0, 0, 0, 0, 0, 0, 0, 0, 0, 0, 0, 0, 0, 0, 0, 0, 0, 0, 0, 0, 0, 0, 0, 0, 0, 0, 0, 0, 0, 0, 0, 0, 0, 0, 0, 0, 0, 0, 0, 0, 0, 0, 0, 0, 0, 0, 0, 0, 0, 0, 0, 0, 0, 0, 0, 0, 0, 0, 0, 0, 0, 0, 0, 0, 0, 0, 0, 0, 0, 0, 0, 0, 0, 0, 0, 0, 0, 0, 0, 0, 0, 0, 0, 0, 0, 0, 0, 0, 0, 0, 0, 0, 0, 0, 0, 0, 0, 0, 0, 0, 0, 0, 0, 0, 0, 0, 0, 0, 0, 0, 0, 0, 0, 0, 0, 0, 0, 0
-43, -53, -94, -128, -121, -59, 43, 151, 231, 284, 331, 373, 394, 393, 376, 322, 204, 48, -78, -134, -129, -82, 12, 141, 249, 301, 312, 301, 247, 129, -18, -128, -160, -124, -20, 148, 333, 505, 638, 676, 623, 503, 318, 111, -50, -122, -105, -37, 60, 183, 308, 424, 507, 506, 431, 324, 191, 44, -62, -66, 45, 213, 354, 413, 390, 320, 241, 166, 83, -38, -184, -254, -92, 320, 724, 861, 743, 496, 213, -35, -211, -296, -327, -385, -487, -556, -518, -380, -211, -73, 3, 0, -75, -167, -217, -237, -295, -394, -455, -415, -274, -98, 51, 0, 0, 0, 0, 0, 0, 0, 0, 0, 0, 0, 0, 0, 0, 0, 0, 0, 0, 0, 0, 0, 0, 0, 0, 0, 0, 0, 0, 0, 0, 0, 0, 0, 0, 0, 0, 0, 0, 0, 0, 0, 0, 0, 0, 0, 0, 0, 0, 0, 0, 0, 0, 0, 0, 0, 0, 0, 0, 0, 0, 0, 0, 0, 0, 0, 0, 0, 0, 0, 0, 0, 0, 0, 0, 0, 0, 0, 0, 0, 0, 0, 0, 0, 0, 0, 0, 0, 0, 0, 0, 0, 0, 0, 0, 0, 0, 0, 0, 0, 0, 0, 0, 0, 0, 0, 0, 0, 0, 0, 0, 0, 0, 0, 0, 0, 0, 0, 0, 0, 0, 0, 0, 0, 0, 0, 0, 0, 0, 0, 0, 0, 0, 0, 0, 0, 0, 0, 0, 0, 0, 0, 0, 0, 0, 0, 0, 0, 0, 0, 0, 0, 0, 0, 0, 0, 0, 0, 0, 0, 0, 0, 0, 0, 0, 0, 0, 0, 0, 0, 0, 0, 0, 0, 0, 0, 0, 0, 0, 0, 0, 0, 0, 0, 0, 0, 0, 0, 0, 0, 0, 0, 0, 0, 0, 0, 0, 0
-328, -254, -197, -155, -119, -86, -55, -30, -15, -16, -37, -75, -114, -142, -151, -144, -137, -143, -165, -203, -255, -320, -403, -527, -713, -955, -1190, -1334, -1345, -1242, -1071, -877, -688, -517, -365, -229, -105, 12, 129, 240, 329, 385, 421, 471, 596, 877, 1371, 2034, 2708, 3224, 3507, 3586, 3527, 3391, 3214, 3003, 2758, 2480, 2173, 1829, 1427, 936, 324, -416, -1248, -2071, -2724, -3089, -3171, -3061, -2855, -2617, -2385, -2177, -1993, -1816, -1617, -1379, -1120, -835, -385, 338, 1192, 1955, 2537, 2941, 3183, 3276, 3230, 3066, 2821, 2540, 2260, 1998, 1758, 1532, 1313, 1090, 852, 588, 287, -75, -543, -1156, -1923, -2768, -3510, -3970, -4096, -3958, -3668, -3319, -2967, -2635, -2324, -2032, -1763, -1505, -1142, -519, 327, 0, 0, 0, 0, 0, 0, 0, 0, 0, 0, 0, 0, 0, 0, 0, 0, 0, 0, 0, 0, 0, 0, 0, 0, 0, 0, 0, 0, 0, 0, 0, 0, 0, 0, 0, 0, 0, 0, 0, 0, 0, 0, 0, 0, 0, 0, 0, 0, 0, 0, 0, 0, 0, 0, 0, 0, 0, 0, 0, 0, 0, 0, 0, 0, 0, 0, 0, 0, 0, 0, 0, 0, 0, 0, 0, 0, 0, 0, 0, 0, 0, 0, 0, 0, 0, 0, 0, 0, 0, 0, 0, 0, 0, 0, 0, 0, 0, 0, 0, 0, 0, 0, 0, 0, 0, 0, 0, 0, 0, 0, 0, 0, 0, 0, 0, 0, 0, 0, 0, 0, 0, 0, 0, 0, 0, 0, 0, 0, 0, 0, 0, 0, 0, 0, 0, 0, 0, 0, 0, 0, 0, 0, 0, 0, 0, 0, 0, 0, 0, 0, 0, 0, 0, 0, 0, 0, 0, 0, 0, 0, 0, 0, 0, 0, 0, 0, 0, 0, 0, 0, 0, 0, 0, 0, 0, 0, 0, 0, 0
50, 60, 61, 53, 37, 19, 1, -15, -30, -38, -39, -34, -25, -16, -9, -2, 3, 6, 6, 0, -10, -21, -31, -36, -41, -46, -52, -55, -54, -50, -47, -44, -40, -35, -30, -27, -26, -26, -26, -26, -28, -28, -26, -19, -7, 3, 13, 20, 27, 32, 32, 27, 19, 9, 1, -3, -2, 2, 6, 11, 18, 29, 41, 53, 63, 71, 75, 77, 80, 81, 78, 69, 60, 55, 57, 59, 58, 53, 47, 41, 34, 28, 26, 29, 33, 36, 41, 51, 65, 74, 74, 67, 56, 48, 38, 27, 11, -6, -26, -46, -64, -77, -80, -80, -80, -80, -77, -68, -55, -43, -35, -32, -30, -28, -25, -18, -9, 0, 9, 0, 0, 0, 0, 0, 0, 0, 0, 0, 0, 0, 0, 0, 0, 0, 0, 0, 0, 0, 0, 0, 0, 0, 0, 0, 0, 0, 0, 0, 0, 0, 0, 0, 0, 0, 0, 0, 0, 0, 0, 0, 0, 0, 0, 0, 0, 0, 0, 0, 0, 0, 0, 0, 0, 0, 0, 0, 0, 0, 0, 0, 0, 0, 0, 0, 0, 0, 0, 0, 0, 0, 0, 0, 0, 0, 0, 0, 0, 0, 0, 0, 0, 0, 0, 0, 0, 0, 0, 0, 0, 0, 0, 0, 0, 0, 0, 0, 0, 0, 0, 0, 0, 0, 0, 0, 0, 0, 0, 0, 0, 0, 0, 0, 0, 0, 0, 0, 0, 0, 0, 0, 0, 0, 0, 0, 0, 0, 0, 0, 0, 0, 0, 0, 0, 0, 0, 0, 0, 0, 0, 0, 0, 0, 0, 0, 0, 0, 0, 0, 0, 0, 0, 0, 0, 0, 0, 0, 0, 0, 0, 0, 0, 0, 0, 0, 0, 0, 0, 0, 0, 0, 0, 0, 0, 0, 0, 0, 0, 0, 0, 0
602, 923, 1266, 1625, 1992, 2372, 2773, 3137, 3348, 3326, 3073, 2632, 2050, 1378, 692, 90, -344, -589, -671, -644, -559, -454, -345, -236, -126, -13, 103, 279, 673, 1410, 2357, 3186, 3639, 3652, 3314, 2778, 2170, 1540, 898, 248, -387, -949, -1367, -1607, -1687, -1648, -1530, -1348, -1091, -716, -152, 663, 1714, 2827, 3700, 4070, 3848, 3120, 2067, 899, -189, -1060, -1646, -1962, -2088, -2116, -2108, -2095, -2094, -2114, -2142, -2143, -2094, -1993, -1848, -1666, -1407, -883, 183, 0, 0, 0, 0, 0, 0, 0, 0, 0, 0, 0, 0, 0, 0, 0, 0, 0, 0, 0, 0, 0, 0, 0, 0, 0, 0, 0, 0, 0, 0, 0, 0, 0, 0, 0, 0, 0, 0, 0, 0, 0, 0, 0, 0, 0, 0, 0, 0, 0, 0, 0, 0, 0, 0, 0, 0, 0, 0, 0, 0, 0, 0, 0, 0, 0, 0, 0, 0, 0, 0, 0, 0, 0, 0, 0, 0, 0, 0, 0, 0, 0, 0, 0, 0, 0, 0, 0, 0, 0, 0, 0, 0, 0, 0, 0, 0, 0, 0, 0, 0, 0, 0, 0, 0, 0, 0, 0, 0, 0, 0, 0, 0, 0, 0, 0, 0, 0, 0, 0, 0, 0, 0, 0, 0, 0, 0, 0, 0, 0, 0, 0, 0, 0, 0, 0, 0, 0, 0, 0, 0, 0, 0, 0, 0, 0, 0, 0, 0, 0, 0, 0, 0, 0, 0, 0, 0, 0, 0, 0, 0, 0, 0, 0, 0, 0, 0, 0, 0, 0, 0, 0, 0, 0, 0, 0, 0, 0, 0, 0, 0, 0, 0, 0, 0, 0, 0, 0, 0, 0, 0, 0, 0, 0, 0, 0, 0, 0, 0, 0, 0, 0, 0, 0, 0, 0, 0, 0, 0, 0, 0, 0, 0, 0, 0, 0, 0, 0, 0, 0, 0, 0
453, 515, 574, 619, 641, 639, 627, 621, 630, 642, 633, 590, 526, 463, 414, 375, 334, 292, 256, 229, 209, 189, 164, 136, 109, 89, 77, 72, 78, 95, 122, 152, 168, 153, 104, 42, -5, -26, -18, 13, 74, 174, 324, 511, 697, 841, 923, 944, 936, 938, 937, 884, 754, 565, 346, 137, -33, -156, -243, -305, -348, -367, -355, -317, -268, -226, -203, -203, -222, -257, -298, -335, -356, -345, -300, -194, 149, 1194, 3213, 5583, 7219, 7476, 6478, 4781, 2750, 605, -1303, -2681, -3462, -3748, -3706, -3496, -3240, -3009, -2828, -2690, -2569, -2443, -2296, -2122, -1919, -1688, -1421, -1108, -764, -436, -166, 35, 169, 231, 233, 217, 236, 340, 568, 942, 1454, 0, 0, 0, 0, 0, 0, 0, 0, 0, 0, 0, 0, 0, 0, 0, 0, 0, 0, 0, 0, 0, 0, 0, 0, 0, 0, 0, 0, 0, 0, 0, 0, 0, 0, 0, 0, 0, 0, 0, 0, 0, 0, 0, 0, 0, 0, 0, 0, 0, 0, 0, 0, 0, 0, 0, 0, 0, 0, 0, 0, 0, 0, 0, 0, 0, 0, 0, 0, 0, 0, 0, 0, 0, 0, 0, 0, 0, 0, 0, 0, 0, 0, 0, 0, 0, 0, 0, 0, 0, 0, 0, 0, 0, 0, 0, 0, 0, 0, 0, 0, 0, 0, 0, 0, 0, 0, 0, 0, 0, 0, 0, 0, 0, 0, 0, 0, 0, 0, 0, 0, 0, 0, 0, 0, 0, 0, 0, 0, 0, 0, 0, 0, 0, 0, 0, 0, 0, 0, 0, 0, 0, 0, 0, 0, 0, 0, 0, 0, 0, 0, 0, 0, 0, 0, 0, 0, 0, 0, 0, 0, 0, 0, 0, 0, 0, 0, 0, 0, 0, 0, 0, 0, 0, 0, 0, 0, 0, 0, 0, 0, 0, 0, 0
985, 1710, 2409, 2867, 2921, 2504, 1687, 693, -212, -870, -1249, -1391, -1372, -1264, -1123, -980, -855, -762, -704, -673, -652, -628, -589, -530, -446, -332, -190, -32, 119, 246, 330, 358, 318, 205, 40, -132, -278, -388, -466, -520, -547, -548, -523, -478, -421, -362, -316, -287, -266, -236, -182, -107, -32, 13, 15, -23, -82, -137, -173, -183, -163, -103, -2, 127, 266, 395, 507, 603, 684, 750, 797, 816, 802, 750, 659, 526, 351, 147, -59, -231, -333, -338, -253, -116, 22, 124, 170, 158, 104, 32, -34, -84, -115, -132, -144, -152, -155, -151, -144, -140, -139, -143, -151, -158, -158, -141, -94, -17, 75, 169, 249, 309, 352, 385, 411, 420, 392, 303, 142, -86, -351, -591, -750, -808, -779, -691, -576, -458, -354, -274, -224, -207, -218, -242, -261, -264, -246, -206, -145, -66, 27, 0, 0, 0, 0, 0, 0, 0, 0, 0, 0, 0, 0, 0, 0, 0, 0, 0, 0, 0, 0, 0, 0, 0, 0, 0, 0, 0, 0, 0, 0, 0, 0, 0, 0, 0, 0, 0, 0, 0, 0, 0, 0, 0, 0, 0, 0, 0, 0, 0, 0, 0, 0, 0, 0, 0, 0, 0, 0, 0, 0, 0, 0, 0, 0, 0, 0, 0, 0, 0, 0, 0, 0, 0, 0, 0, 0, 0, 0, 0, 0, 0, 0, 0, 0, 0, 0, 0, 0, 0, 0, 0, 0, 0, 0, 0, 0, 0, 0, 0, 0, 0, 0, 0, 0, 0, 0, 0, 0, 0, 0, 0, 0, 0, 0, 0, 0, 0, 0, 0, 0, 0, 0, 0, 0, 0, 0, 0, 0, 0, 0, 0, 0, 0, 0, 0, 0, 0, 0, 0, 0, 0, 0, 0, 0, 0, 0, 0, 0, 0, 0, 0, 0, 0, 0, 0, 0, 0, 0, 0
68, 87, 96, 96, 89, 76, 63, 49, 35, 20, 4, -10, -24, -35, -42, -44, -43, -42, -43, -45, -47, -45, -40, -32, -23, -16, -11, -7, -4, -2, -1, -1, 0, 3, 6, 10, 13, 16, 18, 19, 18, 16, 11, 3, -4, -12, -19, -23, -25, -25, -24, -22, -19, -16, -13, -9, -5, -3, -3, -6, -10, -13, -12, -6, 4, 15, 25, 29, 30, 28, 27, 27, 28, 30, 30, 29, 28, 29, 35, 49, 74, 114, 172, 251, 344, 436, 515, 571, 595, 581, 529, 441, 323, 188, 49, -76, -181, -264, -327, -376, -406, -413, -381, -274, -47, 298, 703, 1082, 1378, 1566, 1651, 1646, 1557, 1376, 1097, 736, 346, -3, -262, -415, -480, -485, -455, -391, -281, -138, -5, 79, 123, 178, 303, 524, 0, 0, 0, 0, 0, 0, 0, 0, 0, 0, 0, 0, 0, 0, 0, 0, 0, 0, 0, 0, 0, 0, 0, 0, 0, 0, 0, 0, 0, 0, 0, 0, 0, 0, 0, 0, 0, 0, 0, 0, 0, 0, 0, 0, 0, 0, 0, 0, 0, 0, 0, 0, 0, 0, 0, 0, 0, 0, 0, 0, 0, 0, 0, 0, 0, 0, 0, 0, 0, 0, 0, 0, 0, 0, 0, 0, 0, 0, 0, 0, 0, 0, 0, 0, 0, 0, 0, 0, 0, 0, 0, 0, 0, 0, 0, 0, 0, 0, 0, 0, 0, 0, 0, 0, 0, 0, 0, 0, 0, 0, 0, 0, 0, 0, 0, 0, 0, 0, 0, 0, 0, 0, 0, 0, 0, 0, 0, 0, 0, 0, 0, 0, 0, 0, 0, 0, 0, 0, 0, 0, 0, 0, 0, 0, 0, 0, 0, 0, 0, 0, 0, 0, 0, 0, 0, 0, 0, 0, 0, 0, 0, 0, 0, 0, 0, 0, 0, 0
1343, 2144, 2739, 2952, 2740, 2157, 1336, 469, -264, -782, -1105, -1296, -1401, -1429, -1375, -1252, -1097, -956, -861, -813, -792, -775, -754, -725, -686, -637, -579, -517, -452, -386, -321, -263, -223, -213, -229, -251, -247, -189, -72, 85, 251, 386, 462, 461, 375, 217, 28, -131, -209, -203, -159, -98, -3, 123, 249, 345, 401, 422, 425, 424, 416, 378, 295, 175, 60, 0, 25, 125, 246, 330, 342, 273, 134, -41, -205, -305, -325, -297, -272, -279, -309, -338, -345, -322, -270, -197, -118, -48, -2, 3, -31, -92, -155, -197, -210, -197, -166, -122, -69, -12, 45, 97, 139, 170, 187, 188, 177, 160, 146, 140, 145, 159, 175, 183, 168, 122, 44, -55, -157, -238, -285, -298, -288, -264, -222, -158, -76, 7, 68, 96, 98, 86, 68, 57, 57, 74, 108, 153, 204, 249, 278, 279, 246, 184, 105, 24, -40, -77, -83, -62, -25, 15, 51, 74, 84, 83, 75, 66, 56, 48, 36, 17, -10, -45, -87, -128, -161, -178, -173, -143, -93, -29, 34, 83, 0, 0, 0, 0, 0, 0, 0, 0, 0, 0, 0, 0, 0, 0, 0, 0, 0, 0, 0, 0, 0, 0, 0, 0, 0, 0, 0, 0, 0, 0, 0, 0, 0, 0, 0, 0, 0, 0, 0, 0, 0, 0, 0, 0, 0, 0, 0, 0, 0, 0, 0, 0, 0, 0, 0, 0, 0, 0, 0, 0, 0, 0, 0, 0, 0, 0, 0, 0, 0, 0, 0, 0, 0, 0, 0, 0, 0, 0, 0, 0, 0, 0, 0, 0, 0, 0, 0, 0, 0, 0, 0, 0, 0, 0, 0, 0, 0, 0, 0, 0, 0, 0, 0, 0, 0, 0, 0, 0, 0, 0, 0, 0, 0, 0, 0, 0, 0, 0, 0, 0, 0, 0, 0, 0, 0, 0
65, 69, 65, 60, 56, 55, 57, 61, 67, 73, 77, 76, 73, 68, 64, 59, 51, 33, 4, -33, -71, -102, -122, -129, -122, -105, -82, -57, -33, -12, 2, 11, 12, 7, 0, -8, -12, -11, -6, 3, 18, 38, 61, 82, 96, 97, 84, 60, 30, -1, -29, -51, -65, -70, -68, -64, -59, -53, -44, -36, -33, -35, -42, -50, -56, -60, -60, -59, -56, -54, -52, -48, -44, -39, -35, -33, -35, -38, -39, -37, -33, -30, -30, -31, -34, -38, -42, -48, -55, -60, -63, -64, -62, -60, -57, -52, -48, -44, -41, -37, -32, -27, -24, -22, -22, -22, -21, -19, -17, -16, -15, -14, -12, -10, -9, -10, -12, -14, -14, -11, -6, 0, 5, 10, 17, 26, 35, 43, 48, 52, 57, 62, 66, 68, 68, 64, 59, 52, 46, 42, 40, 42, 46, 52, 58, 63, 65, 66, 66, 65, 64, 63, 62, 61, 60, 58, 57, 57, 56, 55, 51, 48, 44, 40, 35, 30, 25, 21, 18, 19, 22, 26, 29, 30, 28, 24, 22, 21, 20, 19, 17, 16, 14, 9, 0, -13, -33, -59, -95, -136, -176, -211, -244, -273, -298, -323, -350, -380, -413, -444, -469, -483, -481, -459, -420, -370, -316, 0, 0, 0, 0, 0, 0, 0, 0, 0, 0, 0, 0, 0, 0, 0, 0, 0, 0, 0, 0, 0, 0, 0, 0, 0, 0, 0, 0, 0, 0, 0, 0, 0, 0, 0, 0, 0, 0, 0, 0, 0, 0, 0, 0, 0, 0, 0, 0, 0, 0, 0, 0, 0, 0, 0, 0, 0, 0, 0, 0, 0, 0, 0, 0, 0, 0, 0, 0, 0, 0, 0, 0, 0, 0, 0, 0, 0, 0, 0, 0, 0, 0, 0, 0, 0, 0, 0, 0, 0, 0, 0, 0, 0
44, 40, 35, 28, 22, 18, 17, 18, 15, 5, -8, -16, -13, 0, 19, 42, 75, 134, 230, 360, 508, 643, 732, 754, 703, 590, 438, 279, 136, 15, -85, -169, -231, -265, -266, -240, -197, -153, -128, -136, -177, -243, -323, -405, -480, -545, -585, -589, -561, -528, -518, -529, -537, -515, -455, -366, -258, -139, -8, 128, 262, 387, 502, 610, 719, 844, 999, 1192, 1438, 1741, 2078, 2392, 2643, 2814, 2902, 2899, 2804, 2616, 2343, 2013, 1685, 1411, 1203, 1048, 953, 966, 1098, 1273, 1372, 1314, 1094, 803, 571, 485, 537, 640, 695, 645, 488, 253, -12, -264, -476, -646, -788, -910, -1022, -1128, -1226, -1304, -1344, -1324, -1226, -1063, -878, -725, -639, -615, -631, -664, -698, -725, -750, -776, -800, -811, -809, -802, -797, -787, -748, -656, -482, -234, 11, 0, 0, 0, 0, 0, 0, 0, 0, 0, 0, 0, 0, 0, 0, 0, 0, 0, 0, 0, 0, 0, 0, 0, 0, 0, 0, 0, 0, 0, 0, 0, 0, 0, 0, 0, 0, 0, 0, 0, 0, 0, 0, 0, 0, 0, 0, 0, 0, 0, 0, 0, 0, 0, 0, 0, 0, 0, 0, 0, 0, 0, 0, 0, 0, 0, 0, 0, 0, 0, 0, 0, 0, 0, 0, 0, 0, 0, 0, 0, 0, 0, 0, 0, 0, 0, 0, 0, 0, 0, 0, 0, 0, 0, 0, 0, 0, 0, 0, 0, 0, 0, 0, 0, 0, 0, 0, 0, 0, 0, 0, 0, 0, 0, 0, 0, 0, 0, 0, 0, 0, 0, 0, 0, 0, 0, 0, 0, 0, 0, 0, 0, 0, 0, 0, 0, 0, 0, 0, 0, 0, 0, 0, 0, 0, 0, 0, 0, 0, 0, 0, 0, 0, 0, 0, 0, 0, 0, 0, 0, 0, 0, 0, 0, 0, 0
-49, 2228, 5192, 7881, 9669, 10313, 9565, 7173, 3624, 145, -2336, -3493, -3332, -2147, -411, 1269, 2279, 2646, 3146, 4182, 5334, 6078, 6203, 5696, 4437, 2150, -938, -3902, -5951, -6863, -6764, -5945, -4740, -3417, -2179, -1215, -435, 629, 2159, 3763, 4929, 5160, 3805, 859, -2481, -5069, -6581, -7151, -7069, -6617, -6002, -5355, -4745, -4195, -3706, -3266, -2854, -2448, -2038, -1629, -1234, -847, -450, -17, 516, 1077, 0, 0, 0, 0, 0, 0, 0, 0, 0, 0, 0, 0, 0, 0, 0, 0, 0, 0, 0, 0, 0, 0, 0, 0, 0, 0, 0, 0, 0, 0, 0, 0, 0, 0, 0, 0, 0, 0, 0, 0, 0, 0, 0, 0, 0, 0, 0, 0, 0, 0, 0, 0, 0, 0, 0, 0, 0, 0, 0, 0, 0, 0, 0, 0, 0, 0, 0, 0, 0, 0, 0, 0, 0, 0, 0, 0, 0, 0, 0, 0, 0, 0, 0, 0, 0, 0, 0, 0, 0, 0, 0, 0, 0, 0, 0, 0, 0, 0, 0, 0, 0, 0, 0, 0, 0, 0, 0, 0, 0, 0, 0, 0, 0, 0, 0, 0, 0, 0, 0, 0, 0, 0, 0, 0, 0, 0, 0, 0, 0, 0, 0, 0, 0, 0, 0, 0, 0, 0, 0, 0, 0, 0, 0, 0, 0, 0, 0, 0, 0, 0, 0, 0, 0, 0, 0, 0, 0, 0, 0, 0, 0, 0, 0, 0, 0, 0, 0, 0, 0, 0, 0, 0, 0, 0, 0, 0, 0, 0, 0, 0, 0, 0, 0, 0, 0, 0, 0, 0, 0, 0, 0, 0, 0, 0, 0, 0, 0, 0, 0, 0, 0, 0, 0, 0, 0, 0, 0, 0, 0, 0, 0, 0, 0, 0, 0, 0, 0, 0, 0, 0, 0, 0, 0, 0, 0, 0, 0, 0, 0, 0, 0, 0, 0, 0
-1228, -1036, -857, -690, -530, -374, -221, -76, 57, 173, 269, 342, 392, 412, 396, 352, 295, 240, 199, 186, 208, 263, 337, 414, 479, 526, 557, 576, 589, 595, 595, 590, 583, 576, 571, 569, 567, 564, 556, 544, 530, 521, 521, 527, 532, 531, 519, 500, 475, 450, 429, 412, 398, 386, 374, 361, 347, 332, 318, 302, 283, 259, 231, 201, 174, 152, 135, 123, 114, 106, 98, 90, 79, 66, 49, 29, 9, -6, -17, -24, -26, -24, -20, -14, -8, 0, 13, 91, 347, 1259, 3398, 6325, 8923, 10477, 10777, 9692, 7046, 3246, -607, -3567, -5263, -5636, -4607, -2129, 1278, 4524, 6757, 7778, 7804, 7188, 6247, 5191, 4108, 2951, 1479, -703, -3675, -6844, -9411, -10956, -11491, -11274, -10631, -9841, -9068, -8367, -7728, -7130, -6554, -5993, -5447, -4919, -4412, -3924, -3456, -3007, -2574, -2153, -1736, -1310, -816, 31, 1949, 0, 0, 0, 0, 0, 0, 0, 0, 0, 0, 0, 0, 0, 0, 0, 0, 0, 0, 0, 0, 0, 0, 0, 0, 0, 0, 0, 0, 0, 0, 0, 0, 0, 0, 0, 0, 0, 0, 0, 0, 0, 0, 0, 0, 0, 0, 0, 0, 0, 0, 0, 0, 0, 0, 0, 0, 0, 0, 0, 0, 0, 0, 0, 0, 0, 0, 0, 0, 0, 0, 0, 0, 0, 0, 0, 0, 0, 0, 0, 0, 0, 0, 0, 0, 0, 0, 0, 0, 0, 0, 0, 0, 0, 0, 0, 0, 0, 0, 0, 0, 0, 0, 0, 0, 0, 0, 0, 0, 0, 0, 0, 0, 0, 0, 0, 0, 0, 0, 0, 0, 0, 0, 0, 0, 0, 0, 0, 0, 0, 0, 0, 0, 0, 0, 0, 0, 0, 0, 0, 0, 0, 0, 0, 0, 0, 0, 0, 0, 0, 0, 0, 0, 0, 0, 0, 0, 0
3321, 4383, 5153, 5339, 4743, 3331, 1380, -581, -2126, -3130, -3684, -3954, -4064, -4072, -4011, -3885, -3659, -3299, -2811, -2244, -1651, -1080, -537, 63, 745, 1363, 1742, 1829, 1723, 1637, 1756, 2008, 2071, 1681, 858, -154, -1115, -1926, -2553, -2957, -3147, -3176, -3042, -2691, -2085, -1258, -315, 692, 1769, 2824, 3706, 4258, 4361, 3966, 3111, 1912, 541, -768, -1833, -2632, -3160, -3325, -3048, -2372, -1438, -425, 481, 1146, 0, 0, 0, 0, 0, 0, 0, 0, 0, 0, 0, 0, 0, 0, 0, 0, 0, 0, 0, 0, 0, 0, 0, 0, 0, 0, 0, 0, 0, 0, 0, 0, 0, 0, 0, 0, 0, 0, 0, 0, 0, 0, 0, 0, 0, 0, 0, 0, 0, 0, 0, 0, 0, 0, 0, 0, 0, 0, 0, 0, 0, 0, 0, 0, 0, 0, 0, 0, 0, 0, 0, 0, 0, 0, 0, 0, 0, 0, 0, 0, 0, 0, 0, 0, 0, 0, 0, 0, 0, 0, 0, 0, 0, 0, 0, 0, 0, 0, 0, 0, 0, 0, 0, 0, 0, 0, 0, 0, 0, 0, 0, 0, 0, 0, 0, 0, 0, 0, 0, 0, 0, 0, 0, 0, 0, 0, 0, 0, 0, 0, 0, 0, 0, 0, 0, 0, 0, 0, 0, 0, 0, 0, 0, 0, 0, 0, 0, 0, 0, 0, 0, 0, 0, 0, 0, 0, 0, 0, 0, 0, 0, 0, 0, 0, 0, 0, 0, 0, 0, 0, 0, 0, 0, 0, 0, 0, 0, 0, 0, 0, 0, 0, 0, 0, 0, 0, 0, 0, 0, 0, 0, 0, 0, 0, 0, 0, 0, 0, 0, 0, 0, 0, 0, 0, 0, 0, 0, 0, 0, 0, 0, 0, 0, 0, 0, 0, 0, 0, 0, 0, 0, 0, 0, 0, 0, 0, 0, 0, 0, 0, 0, 0
164, 193, 221, 246, 267, 287, 306, 327, 352, 377, 399, 415, 425, 427, 420, 403, 380, 351, 320, 290, 262, 240, 224, 213, 205, 197, 187, 175, 161, 147, 133, 120, 110, 102, 95, 89, 81, 74, 67, 62, 57, 53, 48, 45, 45, 45, 44, 42, 40, 39, 40, 47, 58, 73, 86, 99, 113, 130, 144, 147, 135, 118, 108, 118, 146, 188, 236, 283, 323, 355, 388, 432, 495, 598, 776, 1039, 1363, 1743, 2171, 2552, 2815, 2980, 3003, 2763, 2211, 1415, 494, -409, -1118, -1502, -1564, -1408, -1162, -932, -790, -770, -871, -1068, -1318, -1558, -1709, -1682, -1428, -957, -349, 165, 369, 286, 28, -343, -777, -1214, -1591, -1862, -2008, -2033, -1957, -1810, -1618, -1405, -1191, -993, -833, -742, -748, -834, -940, -1015, -1032, -993, -912, -805, -684, -554, -413, -256, -57, 223, 0, 0, 0, 0, 0, 0, 0, 0, 0, 0, 0, 0, 0, 0, 0, 0, 0, 0, 0, 0, 0, 0, 0, 0, 0, 0, 0, 0, 0, 0, 0, 0, 0, 0, 0, 0, 0, 0, 0, 0, 0, 0, 0, 0, 0, 0, 0, 0, 0, 0, 0, 0, 0, 0, 0, 0, 0, 0, 0, 0, 0, 0, 0, 0, 0, 0, 0, 0, 0, 0, 0, 0, 0, 0, 0, 0, 0, 0, 0, 0, 0, 0, 0, 0, 0, 0, 0, 0, 0, 0, 0, 0, 0, 0, 0, 0, 0, 0, 0, 0, 0, 0, 0, 0, 0, 0, 0, 0, 0, 0, 0, 0, 0, 0, 0, 0, 0, 0, 0, 0, 0, 0, 0, 0, 0, 0, 0, 0, 0, 0, 0, 0, 0, 0, 0, 0, 0, 0, 0, 0, 0, 0, 0, 0, 0, 0, 0, 0, 0, 0, 0, 0, 0, 0, 0, 0, 0, 0, 0, 0, 0, 0
-116, -16, 45, 145, 511, 1456, 3096, 5087, 6792, 7804, 8109, 7877, 7301, 6388, 4892, 2770, 465, -1452, -2678, -3281, -3509, -3565, -3546, -3466, -3307, -3067, -2693, -2068, -1248, -516, -101, -44, -260, -623, -1029, -1402, -1683, -1838, -1864, -1787, -1641, -1465, -1288, -1133, -992, -716, -98, 817, 1671, 2134, 2305, 2358, 2113, 1502, 762, 75, -495, -905, -1139, -1221, -1196, -1105, -983, -855, -731, -616, -511, -414, -324, -241, -165, -98, -39, 13, 63, 109, 150, 184, 211, 232, 247, 254, 256, 265, 286, 320, 361, 404, 441, 468, 484, 489, 485, 475, 462, 447, 436, 432, 435, 443, 450, 452, 449, 441, 430, 416, 400, 384, 369, 353, 337, 322, 307, 293, 278, 260, 237, 209, 179, 149, 122, 100, 86, 81, 83, 88, 93, 95, 94, 90, 78, 71, 91, 502, 2019, 4630, 7398, 9464, 10498, 10554, 9832, 8523, 6770, 4605, 1965, -937, -3537, -5396, -6446, -6847, -6810, -6515, -6073, -5534, -4901, -3967, -2332, -1, 2434, 0, 0, 0, 0, 0, 0, 0, 0, 0, 0, 0, 0, 0, 0, 0, 0, 0, 0, 0, 0, 0, 0, 0, 0, 0, 0, 0, 0, 0, 0, 0, 0, 0, 0, 0, 0, 0, 0, 0, 0, 0, 0, 0, 0, 0, 0, 0, 0, 0, 0, 0, 0, 0, 0, 0, 0, 0, 0, 0, 0, 0, 0, 0, 0, 0, 0, 0, 0, 0, 0, 0, 0, 0, 0, 0, 0, 0, 0, 0, 0, 0, 0, 0, 0, 0, 0, 0, 0, 0, 0, 0, 0, 0, 0, 0, 0, 0, 0, 0, 0, 0, 0, 0, 0, 0, 0, 0, 0, 0, 0, 0, 0, 0, 0, 0, 0, 0, 0, 0, 0, 0, 0, 0, 0, 0, 0, 0, 0, 0, 0, 0, 0, 0, 0, 0, 0, 0, 0, 0, 0, 0
63, 75, 90, 130, 245, 517, 1214, 2858, 5476, 8183, 10051, 10719, 10294, 9161, 7730, 6258, 4847, 3530, 2351, 1383, 693, 307, 180, 244, 478, 836, 1181, 1323, 1142, 655, -15, -710, -1300, -1717, -1929, -1964, -1915, -1822, -1628, -1341, -1072, -998, -1659, -3843, -7272, -10507, -12517, -13116, -11967, -8757, -4416, -467, 2269, 3694, 4091, 3893, 3505, 3133, 2805, 2505, 2221, 1937, 1610, 1096, 214, -1004, -2557, -4674, -7171, -9332, -10642, -11057, -10776, -10065, -9147, -8173, -7231, -6359, -5562, -4832, -4157, -3530, -2944, -2398, -1887, -1404, -946, -515, -117, 258, 672, 1454, 3325, 6437, 9719, 12002, 12815, 12053, 9816, 6704, 3680, 1406, 44, -548, -634, -451, -124, 332, 920, 1591, 2252, 2816, 3224, 3451, 3501, 3404, 3215, 2999, 2797, 2605, 2399, 2167, 1891, 1528, 1040, 455, -111, -452, -189, 902, 2423, 3660, 3873, 2231, -1147, -4754, -7320, -8597, -8829, -8401, -7658, -6832, -6046, -5340, -4708, -4120, -3075, -613, 0, 0, 0, 0, 0, 0, 0, 0, 0, 0, 0, 0, 0, 0, 0, 0, 0, 0, 0, 0, 0, 0, 0, 0, 0, 0, 0, 0, 0, 0, 0, 0, 0, 0, 0, 0, 0, 0, 0, 0, 0, 0, 0, 0, 0, 0, 0, 0, 0, 0, 0, 0, 0, 0, 0, 0, 0, 0, 0, 0, 0, 0, 0, 0, 0, 0, 0, 0, 0, 0, 0, 0, 0, 0, 0, 0, 0, 0, 0, 0, 0, 0, 0, 0, 0, 0, 0, 0, 0, 0, 0, 0, 0, 0, 0, 0, 0, 0, 0, 0, 0, 0, 0, 0, 0, 0, 0, 0, 0, 0, 0, 0, 0, 0, 0, 0, 0, 0, 0, 0, 0, 0, 0, 0, 0, 0, 0, 0, 0, 0, 0, 0, 0, 0, 0, 0, 0, 0, 0, 0, 0, 0, 0, 0, 0, 0, 0, 0, 0, 0, 0, 0
8516, 9542, 9137, 7683, 5967, 4432, 2402, -864, -4628, -7610, -9294, -9686, -8935, -7275, -5023, -2447, 299, 2862, 4610, 5163, 4676, 3705, 2798, 1919, 289, -2506, -5596, -7895, -9070, -9284, -8868, -8133, -7299, -6501, -5820, -5259, -4733, -4107, -3259, -2098, -533, 1533, 3887, 5872, 7051, 7571, 7767, 7796, 7576, 6738, 4602, 1125, -2484, -5091, -6460, -6825, -6535, -5892, -5101, -4250, -3339, -2368, -1225, 489, 2917, 0, 0, 0, 0, 0, 0, 0, 0, 0, 0, 0, 0, 0, 0, 0, 0, 0, 0, 0, 0, 0, 0, 0, 0, 0, 0, 0, 0, 0, 0, 0, 0, 0, 0, 0, 0, 0, 0, 0, 0, 0, 0, 0, 0, 0, 0, 0, 0, 0, 0, 0, 0, 0, 0, 0, 0, 0, 0, 0, 0, 0, 0, 0, 0, 0, 0, 0, 0, 0, 0, 0, 0, 0, 0, 0, 0, 0, 0, 0, 0, 0, 0, 0, 0, 0, 0, 0, 0, 0, 0, 0, 0, 0, 0, 0, 0, 0, 0, 0, 0, 0, 0, 0, 0, 0, 0, 0, 0, 0, 0, 0, 0, 0, 0, 0, 0, 0, 0, 0, 0, 0, 0, 0, 0, 0, 0, 0, 0, 0, 0, 0, 0, 0, 0, 0, 0, 0, 0, 0, 0, 0, 0, 0, 0, 0, 0, 0, 0, 0, 0, 0, 0, 0, 0, 0, 0, 0, 0, 0, 0, 0, 0, 0, 0, 0, 0, 0, 0, 0, 0, 0, 0, 0, 0, 0, 0, 0, 0, 0, 0, 0, 0, 0, 0, 0, 0, 0, 0, 0, 0, 0, 0, 0, 0, 0, 0, 0, 0, 0, 0, 0, 0, 0, 0, 0, 0, 0, 0, 0, 0, 0, 0, 0, 0, 0, 0, 0, 0, 0, 0, 0, 0, 0, 0, 0, 0, 0, 0, 0, 0, 0, 0, 0, 0, 0
612, 822, 1011, 1199, 1413, 1625, 1774, 1877, 1955, 1898, 1553, 802, -280, -1383, -2271, -2876, -3202, -3290, -3205, -3014, -2774, -2519, -2270, -2035, -1816, -1611, -1421, -1244, -1077, -919, -768, -623, -483, -348, -219, -99, 10, 107, 191, 264, 324, 368, 393, 412, 450, 516, 587, 634, 648, 632, 598, 559, 531, 522, 544, 603, 693, 832, 1118, 1816, 3074, 4593, 6077, 7459, 8528, 8986, 8669, 7402, 5012, 1856, -1165, -3384, -4672, -5197, -5225, -4998, -4681, -4359, -4062, -3783, -3494, -3202, -2933, -2699, -2500, -2327, -2168, -2016, -1858, -1689, -1509, -1330, -1162, -1015, -886, -771, -660, -542, -399, -194, 84, 353, 479, 408, 228, 73, -11, -48, -60, -30, 60, 200, 373, 567, 760, 965, 1236, 1652, 2234, 2913, 3654, 4679, 6351, 8531, 10440, 11415, 11288, 10202, 8397, 6129, 3758, 1665, -172, -2101, -4123, -5843, -6894, -7062, -6259, -4508, -1965, 941, 3482, 0, 0, 0, 0, 0, 0, 0, 0, 0, 0, 0, 0, 0, 0, 0, 0, 0, 0, 0, 0, 0, 0, 0, 0, 0, 0, 0, 0, 0, 0, 0, 0, 0, 0, 0, 0, 0, 0, 0, 0, 0, 0, 0, 0, 0, 0, 0, 0, 0, 0, 0, 0, 0, 0, 0, 0, 0, 0, 0, 0, 0, 0, 0, 0, 0, 0, 0, 0, 0, 0, 0, 0, 0, 0, 0, 0, 0, 0, 0, 0, 0, 0, 0, 0, 0, 0, 0, 0, 0, 0, 0, 0, 0, 0, 0, 0, 0, 0, 0, 0, 0, 0, 0, 0, 0, 0, 0, 0, 0, 0, 0, 0, 0, 0, 0, 0, 0, 0, 0, 0, 0, 0, 0, 0, 0, 0, 0, 0, 0, 0, 0, 0, 0, 0, 0, 0, 0, 0, 0, 0, 0, 0, 0, 0, 0, 0, 0, 0, 0, 0, 0, 0, 0, 0, 0, 0, 0
87, 93, 93, 90, 84, 75, 63, 50, 36, 21, 7, -6, -18, -29, -37, -45, -53, -60, -65, -67, -68, -69, -70, -70, -69, -69, -70, -76, -88, -106, -125, -143, -153, -155, -149, -138, -127, -118, -111, -105, -98, -86, -67, -39, -5, 29, 61, 85, 101, 109, 111, 110, 106, 101, 94, 85, 74, 61, 49, 39, 31, 24, 18, 10, 0, -15, -31, -43, -48, -47, -42, -36, -30, -25, -19, -12, 0, 17, 50, 120, 265, 530, 915, 1473, 2363, 3534, 4654, 5362, 5418, 4723, 3363, 1692, 145, -1035, -1809, -2242, -2441, -2504, -2496, -2455, -2398, -2332, -2259, -2180, -2094, -1995, -1885, -1769, -1652, -1561, -1539, -1605, -1738, -1884, -1980, -1997, -1946, -1849, -1710, -1514, -1247, -863, 5, 0, 0, 0, 0, 0, 0, 0, 0, 0, 0, 0, 0, 0, 0, 0, 0, 0, 0, 0, 0, 0, 0, 0, 0, 0, 0, 0, 0, 0, 0, 0, 0, 0, 0, 0, 0, 0, 0, 0, 0, 0, 0, 0, 0, 0, 0, 0, 0, 0, 0, 0, 0, 0, 0, 0, 0, 0, 0, 0, 0, 0, 0, 0, 0, 0, 0, 0, 0, 0, 0, 0, 0, 0, 0, 0, 0, 0, 0, 0, 0, 0, 0, 0, 0, 0, 0, 0, 0, 0, 0, 0, 0, 0, 0, 0, 0, 0, 0, 0, 0, 0, 0, 0, 0, 0, 0, 0, 0, 0, 0, 0, 0, 0, 0, 0, 0, 0, 0, 0, 0, 0, 0, 0, 0, 0, 0, 0, 0, 0, 0, 0, 0, 0, 0, 0, 0, 0, 0, 0, 0, 0, 0, 0, 0, 0, 0, 0, 0, 0, 0, 0, 0, 0, 0, 0, 0, 0, 0, 0, 0, 0, 0, 0, 0, 0, 0, 0, 0, 0, 0, 0, 0, 0, 0, 0, 0, 0
7699, 8486, 6728, 2941, -1088, -3989, -5479, -5821, -5443, -4725, -3924, -3179, -2541, -2012, -1570, -1191, -847, -469, 631, 3312, 7011, 10325, 12450, 13278, 13082, 12242, 11089, 9848, 8650, 7534, 6294, 4195, 816, -2966, -6020, -7921, -8734, -8745, -8278, -7603, -6892, -6229, -5637, -5112, -4639, -4204, -3798, -3416, -3052, -2700, -2357, -2024, -1700, -1386, -1087, -804, -540, -299, -84, 108, 287, 438, 541, 609, 699, 873, 1170, 1585, 2078, 2611, 3174, 3737, 4223, 4575, 4785, 4861, 4801, 4615, 4333, 3982, 3579, 3136, 2666, 2169, 1638, 1058, 408, -338, -1174, -2003, -2689, -3143, -3346, -3340, -3189, -2957, -2688, -2409, -2130, -1861, -1615, -1408, -1228, -974, -436, 567, 2035, 0, 0, 0, 0, 0, 0, 0, 0, 0, 0, 0, 0, 0, 0, 0, 0, 0, 0, 0, 0, 0, 0, 0, 0, 0, 0, 0, 0, 0, 0, 0, 0, 0, 0, 0, 0, 0, 0, 0, 0, 0, 0, 0, 0, 0, 0, 0, 0, 0, 0, 0, 0, 0, 0, 0, 0, 0, 0, 0, 0, 0, 0, 0, 0, 0, 0, 0, 0, 0, 0, 0, 0, 0, 0, 0, 0, 0, 0, 0, 0, 0, 0, 0, 0, 0, 0, 0, 0, 0, 0, 0, 0, 0, 0, 0, 0, 0, 0, 0, 0, 0, 0, 0, 0, 0, 0, 0, 0, 0, 0, 0, 0, 0, 0, 0, 0, 0, 0, 0, 0, 0, 0, 0, 0, 0, 0, 0, 0, 0, 0, 0, 0, 0, 0, 0, 0, 0, 0, 0, 0, 0, 0, 0, 0, 0, 0, 0, 0, 0, 0, 0, 0, 0, 0, 0, 0, 0, 0, 0, 0, 0, 0, 0, 0, 0, 0, 0, 0, 0, 0, 0, 0, 0, 0, 0, 0, 0, 0, 0, 0, 0, 0, 0, 0, 0, 0, 0, 0, 0, 0, 0, 0, 0
337, 1292, 3656, 6823, 9555, 11158, 11566, 11066, 10041, 8818, 7604, 6492, 5498, 4607, 3795, 3044, 2346, 1699, 1095, 520, -37, -601, -1194, -1854, -2738, -4261, -6612, -9196, -11230, -12375, -12675, -12353, -11661, -10797, -9893, -9021, -8210, -7462, -6766, -6112, -5490, -4897, -4332, -3797, -3292, -2817, -2371, -1954, -1562, -1196, -855, -540, -250, 14, 255, 476, 676, 859, 1026, 1179, 1321, 1449, 1562, 1661, 1745, 1815, 1875, 1931, 1986, 2039, 2084, 2114, 2126, 2119, 2097, 2065, 2025, 1984, 1951, 1947, 2008, 2220, 2913, 4422, 6380, 7932, 8350, 7279, 5069, 2678, 852, -245, -750, -823, -480, 408, 1866, 3610, 5191, 6273, 6749, 6670, 6177, 5444, 4618, 3784, 2971, 2174, 1387, 631, -49, -604, -1010, -1282, -1451, -1545, -1580, -1579, -1575, -1596, -1647, -1722, -1812, -1895, -1945, -1956, -1943, -1928, -1926, -1945, -1983, -2029, -2069, -2093, -2093, -2053, -1975, -1885, -1797, -1777, -1998, -2628, -3693, -4984, -6133, -6902, -7276, -7355, -7271, -7100, -6845, -6491, -6039, -5515, -4958, -4396, -3851, -3331, -2836, -2362, -1900, 0, 0, 0, 0, 0, 0, 0, 0, 0, 0, 0, 0, 0, 0, 0, 0, 0, 0, 0, 0, 0, 0, 0, 0, 0, 0, 0, 0, 0, 0, 0, 0, 0, 0, 0, 0, 0, 0, 0, 0, 0, 0, 0, 0, 0, 0, 0, 0, 0, 0, 0, 0, 0, 0, 0, 0, 0, 0, 0, 0, 0, 0, 0, 0, 0, 0, 0, 0, 0, 0, 0, 0, 0, 0, 0, 0, 0, 0, 0, 0, 0, 0, 0, 0, 0, 0, 0, 0, 0, 0, 0, 0, 0, 0, 0, 0, 0, 0, 0, 0, 0, 0, 0, 0, 0, 0, 0, 0, 0, 0, 0, 0, 0, 0, 0, 0, 0, 0, 0, 0, 0, 0, 0, 0, 0, 0, 0, 0, 0, 0, 0, 0, 0, 0, 0, 0, 0, 0, 0
-470, -485, -493, -489, -475, -451, -423, -391, -357, -324, -294, -264, -236, -208, -179, -150, -123, -97, -71, -46, -22, 0, 19, 39, 57, 74, 90, 105, 122, 140, 160, 181, 208, 243, 292, 349, 406, 451, 475, 475, 453, 416, 372, 327, 284, 244, 206, 172, 141, 114, 93, 78, 71, 67, 66, 64, 61, 57, 51, 45, 42, 48, 73, 136, 258, 486, 906, 1700, 2974, 4455, 5648, 6249, 6276, 5932, 5398, 4760, 4059, 3333, 2614, 1945, 1382, 964, 669, 409, 70, -393, -937, -1466, -1895, -2199, -2399, -2529, -2628, -2706, -2742, -2735, -2698, -2638, -2550, -2405, -2196, -1967, -1774, -1641, -1545, -1445, -1344, -1290, -1331, -1474, -1684, -1941, -2238, -2525, -2726, -2785, -2699, -2512, -2283, -2050, -1814, -1571, -1329, -1104, -889, -671, -440, -201, 4, 144, 226, 290, 366, 435, 447, 376, 273, 218, 229, 260, 254, 185, 70, -41, -107, -105, -36, 75, 192, 290, 374, 469, 602, 776, 973, 1149, 0, 0, 0, 0, 0, 0, 0, 0, 0, 0, 0, 0, 0, 0, 0, 0, 0, 0, 0, 0, 0, 0, 0, 0, 0, 0, 0, 0, 0, 0, 0, 0, 0, 0, 0, 0, 0, 0, 0, 0, 0, 0, 0, 0, 0, 0, 0, 0, 0, 0, 0, 0, 0, 0, 0, 0, 0, 0, 0, 0, 0, 0, 0, 0, 0, 0, 0, 0, 0, 0, 0, 0, 0, 0, 0, 0, 0, 0, 0, 0, 0, 0, 0, 0, 0, 0, 0, 0, 0, 0, 0, 0, 0, 0, 0, 0, 0, 0, 0, 0, 0, 0, 0, 0, 0, 0, 0, 0, 0, 0, 0, 0, 0, 0, 0, 0, 0, 0, 0, 0, 0, 0, 0, 0, 0, 0, 0, 0, 0, 0, 0, 0, 0, 0, 0, 0, 0, 0, 0, 0, 0, 0, 0, 0
-589, -785, -882, -882, -816, -718, -614, -523, -459, -423, -386, -303, -157, 43, 293, 571, 832, 1030, 1152, 1219, 1242, 1208, 1106, 949, 779, 637, 526, 424, 303, 147, -42, -239, -396, -481, -491, -449, -385, -324, -283, -265, -259, -255, -245, -226, -190, -114, 19, 214, 489, 936, 1633, 2492, 3320, 3912, 4149, 4052, 3732, 3330, 2962, 2659, 2382, 2085, 1747, 1361, 940, 507, 62, -476, -1230, -2172, -3075, -3727, -4080, -4216, -4245, -4243, -4255, -4253, -4161, -3966, -3711, -3427, -3141, -2869, -2618, -2388, -2174, -1958, -1709, -1407, -1056, -677, -313, 0, 0, 0, 0, 0, 0, 0, 0, 0, 0, 0, 0, 0, 0, 0, 0, 0, 0, 0, 0, 0, 0, 0, 0, 0, 0, 0, 0, 0, 0, 0, 0, 0, 0, 0, 0, 0, 0, 0, 0, 0, 0, 0, 0, 0, 0, 0, 0, 0, 0, 0, 0, 0, 0, 0, 0, 0, 0, 0, 0, 0, 0, 0, 0, 0, 0, 0, 0, 0, 0, 0, 0, 0, 0, 0, 0, 0, 0, 0, 0, 0, 0, 0, 0, 0, 0, 0, 0, 0, 0, 0, 0, 0, 0, 0, 0, 0, 0, 0, 0, 0, 0, 0, 0, 0, 0, 0, 0, 0, 0, 0, 0, 0, 0, 0, 0, 0, 0, 0, 0, 0, 0, 0, 0, 0, 0, 0, 0, 0, 0, 0, 0, 0, 0, 0, 0, 0, 0, 0, 0, 0, 0, 0, 0, 0, 0, 0, 0, 0, 0, 0, 0, 0, 0, 0, 0, 0, 0, 0, 0, 0, 0, 0, 0, 0, 0, 0, 0, 0, 0, 0, 0, 0, 0, 0, 0, 0, 0, 0, 0, 0, 0, 0, 0, 0, 0, 0, 0, 0, 0, 0, 0, 0, 0, 0, 0, 0, 0, 0, 0, 0, 0, 0, 0, 0, 0, 0
3765, 4431, 4654, 4483, 4017, 3359, 2590, 1784, 1008, 329, -204, -574, -792, -891, -906, -865, -795, -712, -616, -502, -364, -202, -27, 152, 328, 498, 656, 794, 908, 996, 1069, 1150, 1291, 1540, 1905, 2420, 3114, 3845, 4348, 4407, 3980, 3199, 2189, 983, -371, -1795, -3222, -4526, -5520, -6122, -6355, -6285, -5997, -5582, -5111, -4631, -4167, -3727, -3311, -2918, -2546, -2191, -1849, -1517, -1193, -883, -590, -314, -39, 293, 1364, 4016, 7628, 10758, 12644, 13256, 12913, 12002, 10841, 9632, 8482, 7427, 6468, 5595, 4802, 4081, 3426, 2825, 2269, 1749, 1267, 821, 412, 34, -315, -638, -934, -1200, -1433, -1639, -1821, -1986, -2138, -2290, -2493, -2878, -3608, -4693, -5882, -6817, -7316, -7435, -7290, -6958, -6507, -6026, -5620, -5352, -5234, -5282, -5493, -5724, -5695, -5117, -3788, -1779, 462, 0, 0, 0, 0, 0, 0, 0, 0, 0, 0, 0, 0, 0, 0, 0, 0, 0, 0, 0, 0, 0, 0, 0, 0, 0, 0, 0, 0, 0, 0, 0, 0, 0, 0, 0, 0, 0, 0, 0, 0, 0, 0, 0, 0, 0, 0, 0, 0, 0, 0, 0, 0, 0, 0, 0, 0, 0, 0, 0, 0, 0, 0, 0, 0, 0, 0, 0, 0, 0, 0, 0, 0, 0, 0, 0, 0, 0, 0, 0, 0, 0, 0, 0, 0, 0, 0, 0, 0, 0, 0, 0, 0, 0, 0, 0, 0, 0, 0, 0, 0, 0, 0, 0, 0, 0, 0, 0, 0, 0, 0, 0, 0, 0, 0, 0, 0, 0, 0, 0, 0, 0, 0, 0, 0, 0, 0, 0, 0, 0, 0, 0, 0, 0, 0, 0, 0, 0, 0, 0, 0, 0, 0, 0, 0, 0, 0, 0, 0, 0, 0, 0, 0, 0, 0, 0, 0, 0, 0, 0, 0, 0, 0, 0, 0, 0, 0, 0, 0, 0, 0, 0, 0, 0
394, 631, 931, 1277, 1632, 1950, 2185, 2301, 2304, 2232, 2110, 1943, 1734, 1495, 1240, 981, 731, 497, 281, 81, -100, -258, -389, -498, -594, -687, -776, -853, -908, -938, -947, -937, -913, -878, -838, -795, -756, -724, -704, -696, -699, -704, -701, -684, -654, -619, -585, -556, -532, -510, -486, -462, -441, -424, -411, -400, -391, -382, -371, -357, -339, -322, -304, -285, -263, -241, -221, -201, -168, -98, 21, 186, 277, 243, 413, 1074, 1993, 2661, 2575, 1190, -1499, -4445, -6574, -7590, -7686, -7190, -6379, -4989, -2389, 1182, 4659, 7214, 8613, 9030, 8801, 8250, 7591, 6922, 6280, 5673, 5100, 4554, 4027, 3517, 3025, 2555, 2109, 1691, 1302, 940, 607, 300, 19, -238, -472, -685, -877, -1050, -1204, -1340, -1460, -1564, -1657, -1743, -1836, -2005, -2466, -3490, -4979, -6407, -7351, -7826, -8146, -8598, -9184, -9718, -10026, -10009, -9669, -9082, -8336, -7510, -6658, -5812, -4983, -4167, -3349, 0, 0, 0, 0, 0, 0, 0, 0, 0, 0, 0, 0, 0, 0, 0, 0, 0, 0, 0, 0, 0, 0, 0, 0, 0, 0, 0, 0, 0, 0, 0, 0, 0, 0, 0, 0, 0, 0, 0, 0, 0, 0, 0, 0, 0, 0, 0, 0, 0, 0, 0, 0, 0, 0, 0, 0, 0, 0, 0, 0, 0, 0, 0, 0, 0, 0, 0, 0, 0, 0, 0, 0, 0, 0, 0, 0, 0, 0, 0, 0, 0, 0, 0, 0, 0, 0, 0, 0, 0, 0, 0, 0, 0, 0, 0, 0, 0, 0, 0, 0, 0, 0, 0, 0, 0, 0, 0, 0, 0, 0, 0, 0, 0, 0, 0, 0, 0, 0, 0, 0, 0, 0, 0, 0, 0, 0, 0, 0, 0, 0, 0, 0, 0, 0, 0, 0, 0, 0, 0, 0, 0, 0, 0, 0, 0, 0, 0, 0, 0, 0, 0, 0, 0
8802, 11184, 12238, 12096, 11143, 9822, 8462, 7227, 6169, 5280, 4531, 3888, 3317, 2784, 2275, 1793, 1304, 694, -321, -2314, -5374, -8521, -10763, -11842, -11929, -11370, -10395, -8627, -5584, -1823, 1541, 3859, 5041, 5316, 5025, 4477, 3878, 3324, 2837, 2400, 1978, 1537, 1084, 655, 283, -23, -263, -442, -578, -709, -889, -1142, -1471, -1864, -2297, -2821, -3680, -5100, -6848, -8374, -9257, -9366, -8888, -7900, -6088, -3423, -479, 2023, 3640, 4328, 4304, 3875, 3311, 2789, 2396, 2131, 1871, 1488, 1014, 526, 39, -380, -663, -879, -1119, -1364, -1537, -1580, -1630, -2031, -2562, -2299, -914, 947, 2550, 0, 0, 0, 0, 0, 0, 0, 0, 0, 0, 0, 0, 0, 0, 0, 0, 0, 0, 0, 0, 0, 0, 0, 0, 0, 0, 0, 0, 0, 0, 0, 0, 0, 0, 0, 0, 0, 0, 0, 0, 0, 0, 0, 0, 0, 0, 0, 0, 0, 0, 0, 0, 0, 0, 0, 0, 0, 0, 0, 0, 0, 0, 0, 0, 0, 0, 0, 0, 0, 0, 0, 0, 0, 0, 0, 0, 0, 0, 0, 0, 0, 0, 0, 0, 0, 0, 0, 0, 0, 0, 0, 0, 0, 0, 0, 0, 0, 0, 0, 0, 0, 0, 0, 0, 0, 0, 0, 0, 0, 0, 0, 0, 0, 0, 0, 0, 0, 0, 0, 0, 0, 0, 0, 0, 0, 0, 0, 0, 0, 0, 0, 0, 0, 0, 0, 0, 0, 0, 0, 0, 0, 0, 0, 0, 0, 0, 0, 0, 0, 0, 0, 0, 0, 0, 0, 0, 0, 0, 0, 0, 0, 0, 0, 0, 0, 0, 0, 0, 0, 0, 0, 0, 0, 0, 0, 0, 0, 0, 0, 0, 0, 0, 0, 0, 0, 0, 0, 0, 0, 0, 0, 0, 0, 0, 0, 0, 0, 0, 0, 0, 0, 0, 0, 0, 0
176, 72, -19, -107, -193, -270, -324, -344, -311, -193, 18, 233, 510, 1119, 2021, 2853, 3296, 3205, 2581, 1354, -568, -2886, -4952, -6322, -6951, -7012, -6729, -6276, -5762, -5243, -4741, -4259, -3791, -3330, -2868, -2230, -1130, 361, 1739, 2498, 2552, 2181, 1668, 1166, 733, 388, 148, 23, 5, 69, 183, 315, 435, 532, 616, 703, 811, 948, 1099, 1237, 1331, 1379, 1394, 1370, 1301, 1206, 1104, 1008, 940, 913, 919, 948, 961, 908, 777, 615, 474, 360, 268, 242, 332, 536, 801, 1070, 1332, 1582, 1756, 1781, 1642, 1385, 1079, 787, 569, 469, 516, 699, 950, 1200, 1416, 1609, 1820, 2069, 2336, 0, 0, 0, 0, 0, 0, 0, 0, 0, 0, 0, 0, 0, 0, 0, 0, 0, 0, 0, 0, 0, 0, 0, 0, 0, 0, 0, 0, 0, 0, 0, 0, 0, 0, 0, 0, 0, 0, 0, 0, 0, 0, 0, 0, 0, 0, 0, 0, 0, 0, 0, 0, 0, 0, 0, 0, 0, 0, 0, 0, 0, 0, 0, 0, 0, 0, 0, 0, 0, 0, 0, 0, 0, 0, 0, 0, 0, 0, 0, 0, 0, 0, 0, 0, 0, 0, 0, 0, 0, 0, 0, 0, 0, 0, 0, 0, 0, 0, 0, 0, 0, 0, 0, 0, 0, 0, 0, 0, 0, 0, 0, 0, 0, 0, 0, 0, 0, 0, 0, 0, 0, 0, 0, 0, 0, 0, 0, 0, 0, 0, 0, 0, 0, 0, 0, 0, 0, 0, 0, 0, 0, 0, 0, 0, 0, 0, 0, 0, 0, 0, 0, 0, 0, 0, 0, 0, 0, 0, 0, 0, 0, 0, 0, 0, 0, 0, 0, 0, 0, 0, 0, 0, 0, 0, 0, 0, 0, 0, 0, 0, 0, 0, 0, 0, 0, 0, 0, 0, 0, 0, 0, 0, 0, 0, 0, 0, 0
11215, 10984, 10337, 9508, 8621, 7751, 6932, 6174, 5473, 4821, 4206, 3521, 2470, 1077, -70, -693, -1277, -2615, -4885, -7340, -9249, -10399, -10843, -10733, -10242, -9522, -8678, -7759, -6755, -5460, -3372, -413, 2613, 4862, 5898, 5530, 3944, 1712, -569, -2472, -3757, -4390, -4492, -4240, -3798, -3291, -2792, -2338, -1938, -1588, -1276, -993, -728, -477, -240, -14, 200, 403, 597, 791, 999, 1244, 1706, 3038, 5656, 8747, 11128, 12203, 11881, 10463, 8465, 6341, 4409, 2874, 1803, 1160, 853, 796, 936, 1238, 1613, 1881, 1971, 1991, 1875, 1153, -543, -2829, -4962, -6511, -7378, -7648, -7488, -7065, -6504, -5877, -5195, -4244, -2485, 271, 0, 0, 0, 0, 0, 0, 0, 0, 0, 0, 0, 0, 0, 0, 0, 0, 0, 0, 0, 0, 0, 0, 0, 0, 0, 0, 0, 0, 0, 0, 0, 0, 0, 0, 0, 0, 0, 0, 0, 0, 0, 0, 0, 0, 0, 0, 0, 0, 0, 0, 0, 0, 0, 0, 0, 0, 0, 0, 0, 0, 0, 0, 0, 0, 0, 0, 0, 0, 0, 0, 0, 0, 0, 0, 0, 0, 0, 0, 0, 0, 0, 0, 0, 0, 0, 0, 0, 0, 0, 0, 0, 0, 0, 0, 0, 0, 0, 0, 0, 0, 0, 0, 0, 0, 0, 0, 0, 0, 0, 0, 0, 0, 0, 0, 0, 0, 0, 0, 0, 0, 0, 0, 0, 0, 0, 0, 0, 0, 0, 0, 0, 0, 0, 0, 0, 0, 0, 0, 0, 0, 0, 0, 0, 0, 0, 0, 0, 0, 0, 0, 0, 0, 0, 0, 0, 0, 0, 0, 0, 0, 0, 0, 0, 0, 0, 0, 0, 0, 0, 0, 0, 0, 0, 0, 0, 0, 0, 0, 0, 0, 0, 0, 0, 0, 0, 0, 0, 0, 0, 0, 0, 0, 0, 0, 0, 0, 0, 0, 0, 0
1371, 3629, 6060, 7430, 6974, 4662, 1454, -1459, -3468, -4517, -4820, -4646, -4223, -3704, -2717, -452, 2940, 6240, 8505, 9527, 9520, 8848, 7861, 6824, 5888, 5122, 4513, 3995, 3510, 3030, 2544, 2052, 1563, 1089, 638, 215, -191, -602, -1026, -1511, -2251, -3666, -6053, -8970, -11530, -13164, -13768, -13517, -12686, -11488, -9883, -7455, -4056, -478, 2292, 3866, 4440, 4439, 4180, 3832, 3481, 3162, 2876, 2539, 2020, 1323, 674, 332, 330, 457, 510, 451, 360, 367, 608, 1092, 1626, 2013, 2184, 2164, 2014, 1786, 1519, 1222, 762, -48, -1115, -2276, -3885, -6194, -8616, -10424, -11322, -11338, -10677, -9565, -7747, -4600, -431, 0, 0, 0, 0, 0, 0, 0, 0, 0, 0, 0, 0, 0, 0, 0, 0, 0, 0, 0, 0, 0, 0, 0, 0, 0, 0, 0, 0, 0, 0, 0, 0, 0, 0, 0, 0, 0, 0, 0, 0, 0, 0, 0, 0, 0, 0, 0, 0, 0, 0, 0, 0, 0, 0, 0, 0, 0, 0, 0, 0, 0, 0, 0, 0, 0, 0, 0, 0, 0, 0, 0, 0, 0, 0, 0, 0, 0, 0, 0, 0, 0, 0, 0, 0, 0, 0, 0, 0, 0, 0, 0, 0, 0, 0, 0, 0, 0, 0, 0, 0, 0, 0, 0, 0, 0, 0, 0, 0, 0, 0, 0, 0, 0, 0, 0, 0, 0, 0, 0, 0, 0, 0, 0, 0, 0, 0, 0, 0, 0, 0, 0, 0, 0, 0, 0, 0, 0, 0, 0, 0, 0, 0, 0, 0, 0, 0, 0, 0, 0, 0, 0, 0, 0, 0, 0, 0, 0, 0, 0, 0, 0, 0, 0, 0, 0, 0, 0, 0, 0, 0, 0, 0, 0, 0, 0, 0, 0, 0, 0, 0, 0, 0, 0, 0, 0, 0, 0, 0, 0, 0, 0, 0, 0, 0, 0, 0, 0, 0, 0, 0, 0
-5972, -5869, -5402, -4838, -4319, -3898, -3569, -3307, -3080, -2868, -2658, -2445, -2227, -2008, -1789, -1576, -1373, -1185, -1013, -858, -716, -586, -466, -353, -248, -151, -61, 21, 95, 163, 224, 279, 330, 375, 416, 453, 490, 526, 561, 592, 617, 632, 634, 623, 988, 2612, 5612, 8826, 11143, 12236, 12254, 11521, 10348, 8937, 7273, 4865, 1284, -2785, -6148, -8247, -9169, -9257, -8871, -8277, -7635, -7019, -6456, -5944, -5471, -5028, -4606, -4198, -3802, -3418, -3048, -2697, -2366, -2055, -1761, -1485, -1227, -987, -765, -560, -372, -198, -38, 107, 241, 362, 472, 570, 658, 738, 809, 873, 930, 979, 1021, 1055, 1081, 1101, 1114, 1123, 1126, 1125, 1121, 1111, 1097, 1080, 1100, 1280, 1826, 3199, 5783, 9000, 11702, 13221, 13523, 12891, 11645, 9832, 6878, 2581, -1850, -5145, -7007, -7695, -7627, -7179, -6609, -6053, -5566, -5153, -4796, -4478, -4182, -3896, -3616, -3341, -3073, -2812, -2561, -2321, -2091, -1873, -1666, -1469, -1282, -1106, -943, -791, -649, -514, -386, -265, -154, -54, 35, 118, 197, 276, 351, 421, 484, 538, 584, 622, 654, 680, 698, 710, 714, 708, 749, 923, 1602, 3366, 0, 0, 0, 0, 0, 0, 0, 0, 0, 0, 0, 0, 0, 0, 0, 0, 0, 0, 0, 0, 0, 0, 0, 0, 0, 0, 0, 0, 0, 0, 0, 0, 0, 0, 0, 0, 0, 0, 0, 0, 0, 0, 0, 0, 0, 0, 0, 0, 0, 0, 0, 0, 0, 0, 0, 0, 0, 0, 0, 0, 0, 0, 0, 0, 0, 0, 0, 0, 0, 0, 0, 0, 0, 0, 0, 0, 0, 0, 0, 0, 0, 0, 0, 0, 0, 0, 0, 0, 0, 0, 0, 0, 0, 0, 0, 0, 0, 0, 0, 0, 0, 0, 0, 0, 0, 0, 0, 0, 0, 0, 0, 0, 0, 0, 0, 0, 0, 0, 0, 0, 0, 0
-6502, -7218, -7334, -6736, -5660, -4492, -3541, -2967, -2884, -3407, -4374, -5259, -5614, -5341, -4595, -3635, -2637, -1599, -461, 665, 1470, 1569, 799, -516, -1809, -2704, -3097, -3029, -2588, -1805, -659, 762, 2120, 2909, 2886, 2313, 1625, 1080, 754, 628, 667, 855, 1230, 1898, 3068, 4728, 6276, 6886, 6155, 4447, 2581, 1124, 228, -160, -118, 429, 1691, 3590, 5568, 0, 0, 0, 0, 0, 0, 0, 0, 0, 0, 0, 0, 0, 0, 0, 0, 0, 0, 0, 0, 0, 0, 0, 0, 0, 0, 0, 0, 0, 0, 0, 0, 0, 0, 0, 0, 0, 0, 0, 0, 0, 0, 0, 0, 0, 0, 0, 0, 0, 0, 0, 0, 0, 0, 0, 0, 0, 0, 0, 0, 0, 0, 0, 0, 0, 0, 0, 0, 0, 0, 0, 0, 0, 0, 0, 0, 0, 0, 0, 0, 0, 0, 0, 0, 0, 0, 0, 0, 0, 0, 0, 0, 0, 0, 0, 0, 0, 0, 0, 0, 0, 0, 0, 0, 0, 0, 0, 0, 0, 0, 0, 0, 0, 0, 0, 0, 0, 0, 0, 0, 0, 0, 0, 0, 0, 0, 0, 0, 0, 0, 0, 0, 0, 0, 0, 0, 0, 0, 0, 0, 0, 0, 0, 0, 0, 0, 0, 0, 0, 0, 0, 0, 0, 0, 0, 0, 0, 0, 0, 0, 0, 0, 0, 0, 0, 0, 0, 0, 0, 0, 0, 0, 0, 0, 0, 0, 0, 0, 0, 0, 0, 0, 0, 0, 0, 0, 0, 0, 0, 0, 0, 0, 0, 0, 0, 0, 0, 0, 0, 0, 0, 0, 0, 0, 0, 0, 0, 0, 0, 0, 0, 0, 0, 0, 0, 0, 0, 0, 0, 0, 0, 0, 0, 0, 0, 0, 0, 0, 0, 0, 0, 0, 0, 0, 0, 0, 0, 0, 0, 0, 0
-1461, -2182, -2773, -3225, -3595, -3926, -4186, -4336, -4391, -4407, -4416, -4395, -4277, -3976, -3408, -2557, -1545, -602, 37, 227, -104, -1049, -2568, -4251, -5545, -6193, -6238, -5774, -4507, -2052, 1117, 3997, 5988, 7009, 7247, 6970, 6419, 5769, 5124, 4536, 4014, 3547, 3121, 2722, 2344, 1980, 1631, 1296, 973, 660, 357, 67, -208, -478, -759, -1080, -1481, -2048, -2935, -4371, -6351, -8331, -9667, -10149, -9925, -9260, -8393, -7488, -6627, -5835, -5114, -4455, -3848, -3282, -2750, -2249, -1779, -1344, -944, -575, -234, 80, 369, 631, 867, 1080, 1273, 1447, 1602, 1738, 1855, 1955, 2041, 2111, 2164, 2202, 2249, 2380, 2975, 4572, 7003, 9389, 11013, 11679, 11540, 10869, 9919, 8874, 7846, 6884, 6003, 5196, 4452, 3762, 3118, 2514, 1945, 1408, 895, 404, -71, -549, -1060, -1620, -2229, -2898, -3687, -4681, -5888, -7211, -8454, -9370, -9801, -9759, -9354, -8719, -7973, -7204, -6463, -5775, -5144, -4561, -4019, -3512, -3036, -2589, -2170, -1781, -1419, -1081, -766, -475, -206, 41, 269, 479, 670, 844, 1004, 1193, 1603, 2681, 0, 0, 0, 0, 0, 0, 0, 0, 0, 0, 0, 0, 0, 0, 0, 0, 0, 0, 0, 0, 0, 0, 0, 0, 0, 0, 0, 0, 0, 0, 0, 0, 0, 0, 0, 0, 0, 0, 0, 0, 0, 0, 0, 0, 0, 0, 0, 0, 0, 0, 0, 0, 0, 0, 0, 0, 0, 0, 0, 0, 0, 0, 0, 0, 0, 0, 0, 0, 0, 0, 0, 0, 0, 0, 0, 0, 0, 0, 0, 0, 0, 0, 0, 0, 0, 0, 0, 0, 0, 0, 0, 0, 0, 0, 0, 0, 0, 0, 0, 0, 0, 0, 0, 0, 0, 0, 0, 0, 0, 0, 0, 0, 0, 0, 0, 0, 0, 0, 0, 0, 0, 0, 0, 0, 0, 0, 0, 0, 0, 0, 0, 0, 0, 0, 0, 0, 0, 0
-459, -217, 1, 190, 351, 490, 619, 743, 858, 965, 1071, 1184, 1312, 1459, 1634, 1870, 2206, 2645, 3165, 3797, 4597, 5521, 6411, 7087, 7451, 7502, 7291, 6898, 6403, 5866, 5328, 4808, 4303, 3789, 3232, 2595, 1854, 1007, 63, -961, -2028, -3051, -3918, -4519, -4772, -4659, -4223, -3542, -2574, -1147, 614, 2250, 3406, 3972, 4000, 3571, 2536, 427, -2783, -6121, -8565, -9787, -9918, -9228, -7844, -5552, -2329, 1111, 3894, 5619, 6310, 6171, 5277, 3259, -7, -3547, -6215, -7586, -7747, -6974, -5444, -3385, -1473, -513, -767, -1815, -3047, -4048, -4632, -4789, -4605, -4177, -3512, -2547, -1162, 637, 0, 0, 0, 0, 0, 0, 0, 0, 0, 0, 0, 0, 0, 0, 0, 0, 0, 0, 0, 0, 0, 0, 0, 0, 0, 0, 0, 0, 0, 0, 0, 0, 0, 0, 0, 0, 0, 0, 0, 0, 0, 0, 0, 0, 0, 0, 0, 0, 0, 0, 0, 0, 0, 0, 0, 0, 0, 0, 0, 0, 0, 0, 0, 0, 0, 0, 0, 0, 0, 0, 0, 0, 0, 0, 0, 0, 0, 0, 0, 0, 0, 0, 0, 0, 0, 0, 0, 0, 0, 0, 0, 0, 0, 0, 0, 0, 0, 0, 0, 0, 0, 0, 0, 0, 0, 0, 0, 0, 0, 0, 0, 0, 0, 0, 0, 0, 0, 0, 0, 0, 0, 0, 0, 0, 0, 0, 0, 0, 0, 0, 0, 0, 0, 0, 0, 0, 0, 0, 0, 0, 0, 0, 0, 0, 0, 0, 0, 0, 0, 0, 0, 0, 0, 0, 0, 0, 0, 0, 0, 0, 0, 0, 0, 0, 0, 0, 0, 0, 0, 0, 0, 0, 0, 0, 0, 0, 0, 0, 0, 0, 0, 0, 0, 0, 0, 0, 0, 0, 0, 0, 0, 0, 0, 0, 0, 0, 0, 0, 0, 0, 0, 0, 0, 0
