168, 165, 148, 126, 104, 85, 66, 47, 29, 12, 0, -7, -11, -13, -15, -17, -19, -20, -22, -24, -25, -27, -28, -30, -30, -30, -30, -29, -28, -27, -26, -25, -24, -23, -23, -22, -19, -6, 22, 63, 103, 128, 133, 123, 103, 81, 60, 42, 26, 12, 1, -5, -9, -11, -12, -14, -18, -22, -27, -33, -39, -44, -47, -49, -50, -51, -50, -49, -47, -45, -44, -42, -40, -39, -37, -35, -33, -29, -19, 4, 45, 94, 133, 154, 155, 142, 121, 100, 80, 61, 42, 24, 7, -5, -13, -17, -19, -21, -22, -25, -30, -35, -40, -44, -48, -50, -51, -51, -50, -49, -47, -45, -43, -42, -41, -41, -40, -39, -37, -35, -30, -15, 17, 0, 0, 0, 0, 0, 0, 0, 0, 0, 0, 0, 0, 0, 0, 0, 0, 0, 0, 0, 0, 0, 0, 0, 0, 0, 0, 0, 0, 0, 0, 0, 0, 0, 0, 0, 0, 0, 0, 0, 0, 0, 0, 0, 0, 0, 0, 0, 0, 0, 0, 0, 0, 0, 0, 0, 0, 0, 0, 0, 0, 0, 0, 0, 0, 0, 0, 0, 0, 0, 0, 0, 0, 0, 0, 0, 0, 0, 0, 0, 0, 0, 0, 0, 0, 0, 0, 0, 0, 0, 0, 0, 0, 0, 0, 0, 0, 0, 0, 0, 0, 0, 0, 0, 0, 0, 0, 0, 0, 0, 0, 0, 0, 0, 0, 0, 0, 0, 0, 0, 0, 0, 0, 0, 0, 0, 0, 0, 0, 0, 0, 0, 0, 0, 0, 0, 0, 0, 0, 0, 0, 0, 0, 0, 0, 0, 0, 0, 0, 0, 0, 0, 0, 0, 0, 0, 0, 0, 0, 0, 0, 0, 0, 0, 0, 0, 0, 0, 0, 0, 0, 0, 0, 0, 0, 0, 0, 0
-60, -67, -72, -75, -77, -78, -79, -79, -78, -77, -76, -75, -74, -73, -72, -70, -68, -60, -37, 5, 58, 106, 136, 145, 136, 118, 96, 75, 57, 41, 26, 11, 0, -8, -13, -17, -20, -24, -30, -38, -47, -55, -63, -70, -75, -77, -79, -79, -78, -77, -76, -74, -72, -70, -67, -63, -59, -55, -51, -43, -22, 19, 74, 125, 158, 169, 160, 140, 115, 91, 69, 49, 30, 13, 0, -6, -8, -7, -6, -7, -9, -14, -21, -29, -36, -42, -47, -49, -49, -48, -45, -42, -39, -37, -36, -34, -32, -31, -30, -25, -4, 34, 0, 0, 0, 0, 0, 0, 0, 0, 0, 0, 0, 0, 0, 0, 0, 0, 0, 0, 0, 0, 0, 0, 0, 0, 0, 0, 0, 0, 0, 0, 0, 0, 0, 0, 0, 0, 0, 0, 0, 0, 0, 0, 0, 0, 0, 0, 0, 0, 0, 0, 0, 0, 0, 0, 0, 0, 0, 0, 0, 0, 0, 0, 0, 0, 0, 0, 0, 0, 0, 0, 0, 0, 0, 0, 0, 0, 0, 0, 0, 0, 0, 0, 0, 0, 0, 0, 0, 0, 0, 0, 0, 0, 0, 0, 0, 0, 0, 0, 0, 0, 0, 0, 0, 0, 0, 0, 0, 0, 0, 0, 0, 0, 0, 0, 0, 0, 0, 0, 0, 0, 0, 0, 0, 0, 0, 0, 0, 0, 0, 0, 0, 0, 0, 0, 0, 0, 0, 0, 0, 0, 0, 0, 0, 0, 0, 0, 0, 0, 0, 0, 0, 0, 0, 0, 0, 0, 0, 0, 0, 0, 0, 0, 0, 0, 0, 0, 0, 0, 0, 0, 0, 0, 0, 0, 0, 0, 0, 0, 0, 0, 0, 0, 0, 0, 0, 0, 0, 0, 0, 0, 0, 0, 0, 0, 0, 0, 0, 0
-53, 13, 80, 131, 156, 156, 139, 113, 87, 62, 39, 16, -5, -23, -34, -39, -40, -39, -39, -41, -47, -55, -63, -71, -76, -79, -81, -82, -81, -79, -76, -72, -67, -61, -56, -51, -41, -18, 26, 88, 148, 191, 208, 202, 178, 145, 111, 78, 48, 22, 2, -10, -15, -15, -13, -12, -14, -19, -27, -36, -46, -55, -63, -69, -72, -73, -74, -73, -72, -71, -69, -66, -64, -63, -59, -44, -5, 55, 123, 179, 211, 218, 206, 183, 156, 129, 100, 70, 38, 7, -18, -37, -47, -52, -52, -52, -52, -53, -55, -57, -58, -58, -58, -56, -54, -52, -49, -47, -46, -44, -44, -43, -42, -42, -42, -37, -13, 35, 0, 0, 0, 0, 0, 0, 0, 0, 0, 0, 0, 0, 0, 0, 0, 0, 0, 0, 0, 0, 0, 0, 0, 0, 0, 0, 0, 0, 0, 0, 0, 0, 0, 0, 0, 0, 0, 0, 0, 0, 0, 0, 0, 0, 0, 0, 0, 0, 0, 0, 0, 0, 0, 0, 0, 0, 0, 0, 0, 0, 0, 0, 0, 0, 0, 0, 0, 0, 0, 0, 0, 0, 0, 0, 0, 0, 0, 0, 0, 0, 0, 0, 0, 0, 0, 0, 0, 0, 0, 0, 0, 0, 0, 0, 0, 0, 0, 0, 0, 0, 0, 0, 0, 0, 0, 0, 0, 0, 0, 0, 0, 0, 0, 0, 0, 0, 0, 0, 0, 0, 0, 0, 0, 0, 0, 0, 0, 0, 0, 0, 0, 0, 0, 0, 0, 0, 0, 0, 0, 0, 0, 0, 0, 0, 0, 0, 0, 0, 0, 0, 0, 0, 0, 0, 0, 0, 0, 0, 0, 0, 0, 0, 0, 0, 0, 0, 0, 0, 0, 0, 0, 0, 0, 0, 0, 0, 0, 0, 0, 0, 0, 0
132, 102, 75, 53, 35, 20, 11, 7, 8, 10, 11, 9, 4, -4, -15, -27, -39, -50, -59, -66, -70, -72, -73, -72, -71, -68, -65, -62, -59, -57, -55, -50, -33, 6, 64, 123, 166, 185, 181, 161, 134, 106, 82, 60, 40, 22, 9, 1, -2, -4, -7, -11, -18, -28, -39, -51, -62, -71, -77, -81, -81, -81, -79, -77, -75, -73, -71, -69, -66, -64, -62, -60, -54, -36, 4, 64, 127, 174, 195, 194, 175, 149, 122, 97, 75, 55, 37, 22, 10, 4, 0, -2, -6, -12, -21, -32, -44, -56, -66, -74, -80, -84, -86, -86, -86, -85, -84, -82, -80, -77, -75, -72, -69, -67, -59, -36, 10, 0, 0, 0, 0, 0, 0, 0, 0, 0, 0, 0, 0, 0, 0, 0, 0, 0, 0, 0, 0, 0, 0, 0, 0, 0, 0, 0, 0, 0, 0, 0, 0, 0, 0, 0, 0, 0, 0, 0, 0, 0, 0, 0, 0, 0, 0, 0, 0, 0, 0, 0, 0, 0, 0, 0, 0, 0, 0, 0, 0, 0, 0, 0, 0, 0, 0, 0, 0, 0, 0, 0, 0, 0, 0, 0, 0, 0, 0, 0, 0, 0, 0, 0, 0, 0, 0, 0, 0, 0, 0, 0, 0, 0, 0, 0, 0, 0, 0, 0, 0, 0, 0, 0, 0, 0, 0, 0, 0, 0, 0, 0, 0, 0, 0, 0, 0, 0, 0, 0, 0, 0, 0, 0, 0, 0, 0, 0, 0, 0, 0, 0, 0, 0, 0, 0, 0, 0, 0, 0, 0, 0, 0, 0, 0, 0, 0, 0, 0, 0, 0, 0, 0, 0, 0, 0, 0, 0, 0, 0, 0, 0, 0, 0, 0, 0, 0, 0, 0, 0, 0, 0, 0, 0, 0, 0, 0, 0, 0, 0, 0, 0, 0, 0
-27, -31, -35, -43, -52, -62, -72, -80, -86, -90, -92, -93, -93, -91, -88, -85, -82, -80, -77, -75, -74, -73, -73, -65, -39, 11, 76, 136, 178, 195, 190, 171, 146, 120, 94, 70, 46, 25, 7, -3, -10, -14, -17, -22, -29, -39, -50, -61, -72, -81, -88, -91, -93, -91, -89, -85, -80, -76, -71, -66, -61, -57, -54, -47, -25, 18, 79, 139, 181, 200, 196, 176, 150, 122, 96, 71, 45, 22, 3, -9, -16, -20, -23, -27, -33, -41, -51, -60, -68, -75, -81, -84, -86, -87, -87, -87, -86, -84, -80, -77, -73, -70, -67, -66, -59, -37, 8, 0, 0, 0, 0, 0, 0, 0, 0, 0, 0, 0, 0, 0, 0, 0, 0, 0, 0, 0, 0, 0, 0, 0, 0, 0, 0, 0, 0, 0, 0, 0, 0, 0, 0, 0, 0, 0, 0, 0, 0, 0, 0, 0, 0, 0, 0, 0, 0, 0, 0, 0, 0, 0, 0, 0, 0, 0, 0, 0, 0, 0, 0, 0, 0, 0, 0, 0, 0, 0, 0, 0, 0, 0, 0, 0, 0, 0, 0, 0, 0, 0, 0, 0, 0, 0, 0, 0, 0, 0, 0, 0, 0, 0, 0, 0, 0, 0, 0, 0, 0, 0, 0, 0, 0, 0, 0, 0, 0, 0, 0, 0, 0, 0, 0, 0, 0, 0, 0, 0, 0, 0, 0, 0, 0, 0, 0, 0, 0, 0, 0, 0, 0, 0, 0, 0, 0, 0, 0, 0, 0, 0, 0, 0, 0, 0, 0, 0, 0, 0, 0, 0, 0, 0, 0, 0, 0, 0, 0, 0, 0, 0, 0, 0, 0, 0, 0, 0, 0, 0, 0, 0, 0, 0, 0, 0, 0, 0, 0, 0, 0, 0, 0, 0, 0, 0, 0, 0, 0, 0, 0, 0, 0, 0
69, 133, 174, 190, 184, 165, 142, 118, 95, 72, 48, 25, 6, -5, -13, -18, -22, -29, -38, -50, -63, -76, -89, -99, -107, -114, -119, -122, -124, -124, -122, -120, -117, -113, -109, -105, -101, -97, -91, -71, -26, 44, 122, 187, 226, 237, 228, 207, 182, 157, 133, 108, 81, 53, 29, 10, -1, -8, -13, -17, -24, -33, -44, -57, -70, -83, -96, -106, -114, -117, -117, -114, -110, -105, -100, -95, -91, -87, -84, -81, -69, -37, 23, 99, 169, 217, 238, 236, 221, 198, 175, 150, 125, 98, 72, 49, 32, 20, 12, 5, -3, -14, -27, -43, -59, -75, -89, -101, -110, -117, -121, -123, -123, -122, -120, -117, -113, -109, -105, -101, -92, -67, -14, 0, 0, 0, 0, 0, 0, 0, 0, 0, 0, 0, 0, 0, 0, 0, 0, 0, 0, 0, 0, 0, 0, 0, 0, 0, 0, 0, 0, 0, 0, 0, 0, 0, 0, 0, 0, 0, 0, 0, 0, 0, 0, 0, 0, 0, 0, 0, 0, 0, 0, 0, 0, 0, 0, 0, 0, 0, 0, 0, 0, 0, 0, 0, 0, 0, 0, 0, 0, 0, 0, 0, 0, 0, 0, 0, 0, 0, 0, 0, 0, 0, 0, 0, 0, 0, 0, 0, 0, 0, 0, 0, 0, 0, 0, 0, 0, 0, 0, 0, 0, 0, 0, 0, 0, 0, 0, 0, 0, 0, 0, 0, 0, 0, 0, 0, 0, 0, 0, 0, 0, 0, 0, 0, 0, 0, 0, 0, 0, 0, 0, 0, 0, 0, 0, 0, 0, 0, 0, 0, 0, 0, 0, 0, 0, 0, 0, 0, 0, 0, 0, 0, 0, 0, 0, 0, 0, 0, 0, 0, 0, 0, 0, 0, 0, 0, 0, 0, 0, 0, 0, 0, 0, 0, 0, 0, 0, 0
-91, -85, -79, -74, -67, -54, -35, -17, -3, 2, 2, 0, -2, -5, -10, -15, -20, -25, -28, -30, -30, -30, -30, -29, -29, -29, -29, -29, -29, -29, -29, -29, -29, -28, -27, -26, -25, -25, -25, -25, -25, -24, -21, -11, 6, 26, 43, 51, 50, 43, 34, 25, 18, 11, 4, -3, -9, -14, -18, -20, -20, -21, -22, -23, -25, -27, -30, -31, -32, -32, -32, -32, -31, -31, -30, -28, -27, -25, -24, -22, -21, -19, -16, -6, 12, 37, 61, 75, 79, 75, 66, 56, 47, 39, 30, 21, 12, 4, -2, -7, -9, -11, -12, -15, -18, -22, -26, -29, -32, -33, -34, -34, -34, -33, -32, -32, -31, -30, -29, -27, -25, -22, -19, -15, -9, 0, 17, 0, 0, 0, 0, 0, 0, 0, 0, 0, 0, 0, 0, 0, 0, 0, 0, 0, 0, 0, 0, 0, 0, 0, 0, 0, 0, 0, 0, 0, 0, 0, 0, 0, 0, 0, 0, 0, 0, 0, 0, 0, 0, 0, 0, 0, 0, 0, 0, 0, 0, 0, 0, 0, 0, 0, 0, 0, 0, 0, 0, 0, 0, 0, 0, 0, 0, 0, 0, 0, 0, 0, 0, 0, 0, 0, 0, 0, 0, 0, 0, 0, 0, 0, 0, 0, 0, 0, 0, 0, 0, 0, 0, 0, 0, 0, 0, 0, 0, 0, 0, 0, 0, 0, 0, 0, 0, 0, 0, 0, 0, 0, 0, 0, 0, 0, 0, 0, 0, 0, 0, 0, 0, 0, 0, 0, 0, 0, 0, 0, 0, 0, 0, 0, 0, 0, 0, 0, 0, 0, 0, 0, 0, 0, 0, 0, 0, 0, 0, 0, 0, 0, 0, 0, 0, 0, 0, 0, 0, 0, 0, 0, 0, 0, 0, 0, 0, 0, 0, 0, 0, 0, 0, 0
-9, -11, -11, -11, -11, -12, -14, -16, -17, -19, -20, -20, -20, -19, -18, -16, -15, -14, -13, -13, -12, -9, -1, 13, 33, 52, 61, 60, 52, 40, 29, 19, 11, 5, 0, -6, -11, -14, -15, -14, -14, -14, -15, -16, -17, -18, -18, -19, -19, -18, -18, -17, -16, -14, -13, -11, -10, -9, -7, -4, 1, 15, 36, 61, 79, 86, 81, 69, 56, 45, 36, 29, 20, 11, 3, -3, -9, -14, -18, -22, -24, -26, -27, -27, -28, -28, -28, -29, -29, -30, -31, -31, -31, -32, -32, -32, -31, -30, -28, -26, -20, -9, 4, 0, 0, 0, 0, 0, 0, 0, 0, 0, 0, 0, 0, 0, 0, 0, 0, 0, 0, 0, 0, 0, 0, 0, 0, 0, 0, 0, 0, 0, 0, 0, 0, 0, 0, 0, 0, 0, 0, 0, 0, 0, 0, 0, 0, 0, 0, 0, 0, 0, 0, 0, 0, 0, 0, 0, 0, 0, 0, 0, 0, 0, 0, 0, 0, 0, 0, 0, 0, 0, 0, 0, 0, 0, 0, 0, 0, 0, 0, 0, 0, 0, 0, 0, 0, 0, 0, 0, 0, 0, 0, 0, 0, 0, 0, 0, 0, 0, 0, 0, 0, 0, 0, 0, 0, 0, 0, 0, 0, 0, 0, 0, 0, 0, 0, 0, 0, 0, 0, 0, 0, 0, 0, 0, 0, 0, 0, 0, 0, 0, 0, 0, 0, 0, 0, 0, 0, 0, 0, 0, 0, 0, 0, 0, 0, 0, 0, 0, 0, 0, 0, 0, 0, 0, 0, 0, 0, 0, 0, 0, 0, 0, 0, 0, 0, 0, 0, 0, 0, 0, 0, 0, 0, 0, 0, 0, 0, 0, 0, 0, 0, 0, 0, 0, 0, 0, 0, 0, 0, 0, 0, 0, 0, 0, 0, 0, 0, 0
45, 45, 42, 39, 34, 29, 24, 19, 14, 11, 10, 10, 12, 13, 14, 14, 13, 12, 11, 10, 9, 8, 6, 5, 4, 2, 1, 0, 1, 2, 3, 2, 1, 0, -2, -5, -8, -12, -17, -22, -27, -30, -30, -28, -24, -20, -16, -10, -4, 2, 9, 15, 19, 21, 22, 21, 19, 13, 6, -2, -10, -15, -17, -16, -14, -12, -11, -10, -6, 0, 7, 13, 16, 16, 15, 13, 11, 10, 10, 9, 9, 8, 7, 6, 5, 4, 2, 1, 0, 2, 4, 7, 11, 19, 31, 44, 53, 55, 50, 39, 26, 11, -2, -15, -26, -35, -42, -47, -51, -52, -52, -49, -45, -40, -33, -25, -18, -14, -11, -9, -9, -10, -13, -15, -16, -16, -17, -19, -20, -20, -20, -19, -17, -16, -13, -8, 0, 12, 0, 0, 0, 0, 0, 0, 0, 0, 0, 0, 0, 0, 0, 0, 0, 0, 0, 0, 0, 0, 0, 0, 0, 0, 0, 0, 0, 0, 0, 0, 0, 0, 0, 0, 0, 0, 0, 0, 0, 0, 0, 0, 0, 0, 0, 0, 0, 0, 0, 0, 0, 0, 0, 0, 0, 0, 0, 0, 0, 0, 0, 0, 0, 0, 0, 0, 0, 0, 0, 0, 0, 0, 0, 0, 0, 0, 0, 0, 0, 0, 0, 0, 0, 0, 0, 0, 0, 0, 0, 0, 0, 0, 0, 0, 0, 0, 0, 0, 0, 0, 0, 0, 0, 0, 0, 0, 0, 0, 0, 0, 0, 0, 0, 0, 0, 0, 0, 0, 0, 0, 0, 0, 0, 0, 0, 0, 0, 0, 0, 0, 0, 0, 0, 0, 0, 0, 0, 0, 0, 0, 0, 0, 0, 0, 0, 0, 0, 0, 0, 0, 0, 0, 0, 0, 0, 0, 0, 0, 0, 0, 0, 0
11, 21, 27, 28, 26, 23, 18, 14, 10, 7, 3, 0, -1, -3, -4, -5, -5, -5, -5, -5, -5, -6, -7, -8, -10, -10, -11, -12, -13, -14, -15, -15, -16, -16, -15, -15, -14, -13, -9, -2, 7, 18, 26, 29, 29, 26, 22, 18, 14, 10, 7, 3, 0, -3, -4, -5, -5, -5, -5, -5, -6, -7, -8, -9, -10, -10, -10, -10, -10, -10, -10, -10, -9, -8, -6, -5, -4, -4, -4, -2, 2, 12, 25, 38, 47, 50, 48, 43, 39, 34, 29, 25, 22, 21, 21, 22, 23, 22, 20, 16, 11, 5, 0, -7, -13, -18, -21, -24, -26, -28, -28, -28, -27, -26, -25, -24, -23, -23, -23, -21, -17, -9, 0, 0, 0, 0, 0, 0, 0, 0, 0, 0, 0, 0, 0, 0, 0, 0, 0, 0, 0, 0, 0, 0, 0, 0, 0, 0, 0, 0, 0, 0, 0, 0, 0, 0, 0, 0, 0, 0, 0, 0, 0, 0, 0, 0, 0, 0, 0, 0, 0, 0, 0, 0, 0, 0, 0, 0, 0, 0, 0, 0, 0, 0, 0, 0, 0, 0, 0, 0, 0, 0, 0, 0, 0, 0, 0, 0, 0, 0, 0, 0, 0, 0, 0, 0, 0, 0, 0, 0, 0, 0, 0, 0, 0, 0, 0, 0, 0, 0, 0, 0, 0, 0, 0, 0, 0, 0, 0, 0, 0, 0, 0, 0, 0, 0, 0, 0, 0, 0, 0, 0, 0, 0, 0, 0, 0, 0, 0, 0, 0, 0, 0, 0, 0, 0, 0, 0, 0, 0, 0, 0, 0, 0, 0, 0, 0, 0, 0, 0, 0, 0, 0, 0, 0, 0, 0, 0, 0, 0, 0, 0, 0, 0, 0, 0, 0, 0, 0, 0, 0, 0, 0, 0, 0, 0, 0, 0, 0, 0
0, 0, 1, 1, 1, 0, 0, -1, -3, -4, -4, -5, -5, -5, -5, -6, -6, -6, -6, -6, -6, -6, -5, -5, -4, -1, 3, 11, 20, 27, 30, 30, 26, 22, 18, 14, 11, 9, 6, 3, 1, 0, -2, -3, -3, -4, -4, -5, -6, -7, -7, -8, -8, -8, -8, -9, -10, -11, -13, -14, -16, -17, -18, -19, -18, -18, -18, -18, -17, -14, -6, 2, 11, 17, 20, 18, 15, 12, 8, 5, 3, 0, -3, -6, -8, -9, -8, -7, -6, -5, -5, -5, -7, -9, -11, -13, -15, -15, -14, -13, -11, -9, -7, -5, -3, 0, 0, 0, 1, 1, 5, 0, 0, 0, 0, 0, 0, 0, 0, 0, 0, 0, 0, 0, 0, 0, 0, 0, 0, 0, 0, 0, 0, 0, 0, 0, 0, 0, 0, 0, 0, 0, 0, 0, 0, 0, 0, 0, 0, 0, 0, 0, 0, 0, 0, 0, 0, 0, 0, 0, 0, 0, 0, 0, 0, 0, 0, 0, 0, 0, 0, 0, 0, 0, 0, 0, 0, 0, 0, 0, 0, 0, 0, 0, 0, 0, 0, 0, 0, 0, 0, 0, 0, 0, 0, 0, 0, 0, 0, 0, 0, 0, 0, 0, 0, 0, 0, 0, 0, 0, 0, 0, 0, 0, 0, 0, 0, 0, 0, 0, 0, 0, 0, 0, 0, 0, 0, 0, 0, 0, 0, 0, 0, 0, 0, 0, 0, 0, 0, 0, 0, 0, 0, 0, 0, 0, 0, 0, 0, 0, 0, 0, 0, 0, 0, 0, 0, 0, 0, 0, 0, 0, 0, 0, 0, 0, 0, 0, 0, 0, 0, 0, 0, 0, 0, 0, 0, 0, 0, 0, 0, 0, 0, 0, 0, 0, 0, 0, 0, 0, 0, 0, 0, 0, 0, 0, 0, 0, 0, 0
27, 30, 31, 30, 29, 27, 25, 22, 19, 15, 12, 9, 7, 5, 4, 2, 1, 0, -2, -5, -7, -10, -12, -14, -17, -18, -20, -21, -22, -23, -23, -23, -23, -22, -22, -21, -20, -19, -18, -14, -6, 6, 18, 29, 35, 38, 39, 38, 37, 35, 32, 29, 25, 21, 17, 13, 11, 8, 7, 5, 3, 1, 0, -2, -4, -7, -9, -12, -14, -16, -18, -19, -21, -22, -23, -23, -24, -23, -23, -22, -22, -21, -20, -17, -9, 2, 14, 23, 29, 31, 32, 31, 30, 28, 26, 22, 19, 15, 12, 9, 6, 4, 2, 0, 0, -2, -4, -7, -9, -10, -11, -13, -14, -15, -17, -18, -19, -19, -20, -21, -21, -21, -21, -21, -21, -19, -13, -3, 0, 0, 0, 0, 0, 0, 0, 0, 0, 0, 0, 0, 0, 0, 0, 0, 0, 0, 0, 0, 0, 0, 0, 0, 0, 0, 0, 0, 0, 0, 0, 0, 0, 0, 0, 0, 0, 0, 0, 0, 0, 0, 0, 0, 0, 0, 0, 0, 0, 0, 0, 0, 0, 0, 0, 0, 0, 0, 0, 0, 0, 0, 0, 0, 0, 0, 0, 0, 0, 0, 0, 0, 0, 0, 0, 0, 0, 0, 0, 0, 0, 0, 0, 0, 0, 0, 0, 0, 0, 0, 0, 0, 0, 0, 0, 0, 0, 0, 0, 0, 0, 0, 0, 0, 0, 0, 0, 0, 0, 0, 0, 0, 0, 0, 0, 0, 0, 0, 0, 0, 0, 0, 0, 0, 0, 0, 0, 0, 0, 0, 0, 0, 0, 0, 0, 0, 0, 0, 0, 0, 0, 0, 0, 0, 0, 0, 0, 0, 0, 0, 0, 0, 0, 0, 0, 0, 0, 0, 0, 0, 0, 0, 0, 0, 0, 0, 0, 0, 0, 0, 0, 0
29, 46, 65, 88, 115, 147, 178, 202, 214, 210, 195, 170, 139, 102, 60, 17, -22, -57, -85, -106, -119, -126, -129, -130, -129, -128, -125, -122, -117, -113, -108, -103, -97, -92, -86, -81, -76, -71, -66, -61, -53, -42, -28, -15, -5, 3, 9, 14, 18, 20, 21, 20, 18, 15, 13, 10, 9, 8, 7, 6, 5, 4, 3, 2, 1, 0, 0, -1, -2, -2, -2, -2, -2, -1, -1, -1, -1, -1, 0, 0, 0, 2, 8, 18, 31, 42, 50, 55, 56, 55, 53, 50, 47, 43, 37, 31, 26, 22, 18, 15, 12, 9, 5, 2, -1, -4, -7, -9, -11, -13, -14, -15, -16, -17, -17, -18, -19, -19, -19, -19, -18, -16, -12, -4, 7, 18, 0, 0, 0, 0, 0, 0, 0, 0, 0, 0, 0, 0, 0, 0, 0, 0, 0, 0, 0, 0, 0, 0, 0, 0, 0, 0, 0, 0, 0, 0, 0, 0, 0, 0, 0, 0, 0, 0, 0, 0, 0, 0, 0, 0, 0, 0, 0, 0, 0, 0, 0, 0, 0, 0, 0, 0, 0, 0, 0, 0, 0, 0, 0, 0, 0, 0, 0, 0, 0, 0, 0, 0, 0, 0, 0, 0, 0, 0, 0, 0, 0, 0, 0, 0, 0, 0, 0, 0, 0, 0, 0, 0, 0, 0, 0, 0, 0, 0, 0, 0, 0, 0, 0, 0, 0, 0, 0, 0, 0, 0, 0, 0, 0, 0, 0, 0, 0, 0, 0, 0, 0, 0, 0, 0, 0, 0, 0, 0, 0, 0, 0, 0, 0, 0, 0, 0, 0, 0, 0, 0, 0, 0, 0, 0, 0, 0, 0, 0, 0, 0, 0, 0, 0, 0, 0, 0, 0, 0, 0, 0, 0, 0, 0, 0, 0, 0, 0, 0, 0, 0, 0, 0, 0, 0
-13, -12, -11, -10, -9, -8, -4, 2, 13, 26, 37, 46, 50, 51, 49, 46, 42, 35, 27, 19, 12, 6, 1, -1, -3, -5, -7, -9, -10, -12, -13, -15, -16, -17, -18, -18, -18, -18, -17, -16, -16, -15, -15, -14, -13, -12, -10, -6, 1, 11, 22, 30, 35, 38, 39, 38, 36, 33, 28, 22, 16, 11, 6, 3, 0, -1, -4, -6, -8, -11, -13, -15, -17, -19, -20, -21, -22, -22, -22, -22, -22, -21, -21, -20, -19, -18, -18, -17, -16, -14, -9, 0, 10, 21, 30, 35, 38, 38, 38, 37, 34, 30, 24, 19, 13, 7, 3, 0, -4, -7, -11, -13, -16, -17, -19, -20, -21, -21, -22, -22, -22, -21, -21, -21, -21, -20, -20, -19, -19, -18, -18, -17, -15, -12, -4, 6, 0, 0, 0, 0, 0, 0, 0, 0, 0, 0, 0, 0, 0, 0, 0, 0, 0, 0, 0, 0, 0, 0, 0, 0, 0, 0, 0, 0, 0, 0, 0, 0, 0, 0, 0, 0, 0, 0, 0, 0, 0, 0, 0, 0, 0, 0, 0, 0, 0, 0, 0, 0, 0, 0, 0, 0, 0, 0, 0, 0, 0, 0, 0, 0, 0, 0, 0, 0, 0, 0, 0, 0, 0, 0, 0, 0, 0, 0, 0, 0, 0, 0, 0, 0, 0, 0, 0, 0, 0, 0, 0, 0, 0, 0, 0, 0, 0, 0, 0, 0, 0, 0, 0, 0, 0, 0, 0, 0, 0, 0, 0, 0, 0, 0, 0, 0, 0, 0, 0, 0, 0, 0, 0, 0, 0, 0, 0, 0, 0, 0, 0, 0, 0, 0, 0, 0, 0, 0, 0, 0, 0, 0, 0, 0, 0, 0, 0, 0, 0, 0, 0, 0, 0, 0, 0, 0, 0, 0, 0, 0, 0, 0, 0, 0
95, 71, 47, 24, 4, -11, -25, -34, -41, -45, -48, -52, -55, -59, -62, -64, -64, -56, -34, 3, 47, 88, 117, 134, 140, 139, 132, 120, 103, 83, 62, 42, 24, 10, -2, -15, -29, -48, -68, -87, -103, -115, -121, -121, -117, -111, -106, -101, -97, -93, -91, -88, -86, -82, -77, -71, -65, -55, -35, 2, 51, 103, 146, 178, 197, 206, 207, 202, 190, 173, 154, 135, 116, 100, 84, 70, 57, 43, 29, 13, -4, -26, -48, -69, -89, -108, -126, -141, -152, -158, -162, -162, -161, -159, -154, -148, -142, -134, -123, -102, -63, -8, 0, 0, 0, 0, 0, 0, 0, 0, 0, 0, 0, 0, 0, 0, 0, 0, 0, 0, 0, 0, 0, 0, 0, 0, 0, 0, 0, 0, 0, 0, 0, 0, 0, 0, 0, 0, 0, 0, 0, 0, 0, 0, 0, 0, 0, 0, 0, 0, 0, 0, 0, 0, 0, 0, 0, 0, 0, 0, 0, 0, 0, 0, 0, 0, 0, 0, 0, 0, 0, 0, 0, 0, 0, 0, 0, 0, 0, 0, 0, 0, 0, 0, 0, 0, 0, 0, 0, 0, 0, 0, 0, 0, 0, 0, 0, 0, 0, 0, 0, 0, 0, 0, 0, 0, 0, 0, 0, 0, 0, 0, 0, 0, 0, 0, 0, 0, 0, 0, 0, 0, 0, 0, 0, 0, 0, 0, 0, 0, 0, 0, 0, 0, 0, 0, 0, 0, 0, 0, 0, 0, 0, 0, 0, 0, 0, 0, 0, 0, 0, 0, 0, 0, 0, 0, 0, 0, 0, 0, 0, 0, 0, 0, 0, 0, 0, 0, 0, 0, 0, 0, 0, 0, 0, 0, 0, 0, 0, 0, 0, 0, 0, 0, 0, 0, 0, 0, 0, 0, 0, 0, 0, 0, 0, 0, 0, 0, 0, 0
-94, -102, -112, -126, -143, -163, -184, -203, -216, -220, -214, -195, -153, -87, -8, 64, 117, 146, 155, 150, 138, 123, 109, 93, 77, 62, 48, 36, 28, 21, 14, 7, 0, -11, -23, -35, -46, -57, -66, -72, -75, -76, -78, -81, -84, -85, -85, -81, -76, -71, -67, -63, -49, -17, 31, 83, 126, 150, 157, 151, 137, 120, 104, 87, 69, 50, 35, 24, 20, 18, 17, 14, 9, -1, -16, -34, -52, -65, -75, -83, -89, -94, -97, -100, -103, -106, -106, -103, -99, -96, -94, -93, -92, -85, -66, -24, 33, 0, 0, 0, 0, 0, 0, 0, 0, 0, 0, 0, 0, 0, 0, 0, 0, 0, 0, 0, 0, 0, 0, 0, 0, 0, 0, 0, 0, 0, 0, 0, 0, 0, 0, 0, 0, 0, 0, 0, 0, 0, 0, 0, 0, 0, 0, 0, 0, 0, 0, 0, 0, 0, 0, 0, 0, 0, 0, 0, 0, 0, 0, 0, 0, 0, 0, 0, 0, 0, 0, 0, 0, 0, 0, 0, 0, 0, 0, 0, 0, 0, 0, 0, 0, 0, 0, 0, 0, 0, 0, 0, 0, 0, 0, 0, 0, 0, 0, 0, 0, 0, 0, 0, 0, 0, 0, 0, 0, 0, 0, 0, 0, 0, 0, 0, 0, 0, 0, 0, 0, 0, 0, 0, 0, 0, 0, 0, 0, 0, 0, 0, 0, 0, 0, 0, 0, 0, 0, 0, 0, 0, 0, 0, 0, 0, 0, 0, 0, 0, 0, 0, 0, 0, 0, 0, 0, 0, 0, 0, 0, 0, 0, 0, 0, 0, 0, 0, 0, 0, 0, 0, 0, 0, 0, 0, 0, 0, 0, 0, 0, 0, 0, 0, 0, 0, 0, 0, 0, 0, 0, 0, 0, 0, 0, 0, 0, 0, 0, 0, 0, 0, 0, 0
120, 136, 143, 145, 143, 135, 120, 100, 79, 57, 36, 18, 5, -1, -3, -5, -6, -8, -10, -12, -15, -17, -17, -17, -16, -14, -11, -8, -6, -4, -1, 2, 6, 10, 13, 19, 35, 69, 123, 184, 236, 269, 281, 278, 266, 251, 233, 211, 187, 164, 142, 123, 104, 87, 70, 53, 34, 13, -8, -30, -53, -75, -94, -110, -125, -140, -155, -168, -178, -185, -189, -189, -187, -181, -172, -160, -139, -98, -35, 33, 92, 130, 150, 157, 156, 152, 146, 135, 121, 104, 87, 70, 55, 41, 29, 17, 3, -10, -25, -40, -55, -69, -82, -95, -108, -122, -136, -149, -158, -165, -169, -170, -166, -160, -153, -146, -137, -125, -102, -57, 7, 0, 0, 0, 0, 0, 0, 0, 0, 0, 0, 0, 0, 0, 0, 0, 0, 0, 0, 0, 0, 0, 0, 0, 0, 0, 0, 0, 0, 0, 0, 0, 0, 0, 0, 0, 0, 0, 0, 0, 0, 0, 0, 0, 0, 0, 0, 0, 0, 0, 0, 0, 0, 0, 0, 0, 0, 0, 0, 0, 0, 0, 0, 0, 0, 0, 0, 0, 0, 0, 0, 0, 0, 0, 0, 0, 0, 0, 0, 0, 0, 0, 0, 0, 0, 0, 0, 0, 0, 0, 0, 0, 0, 0, 0, 0, 0, 0, 0, 0, 0, 0, 0, 0, 0, 0, 0, 0, 0, 0, 0, 0, 0, 0, 0, 0, 0, 0, 0, 0, 0, 0, 0, 0, 0, 0, 0, 0, 0, 0, 0, 0, 0, 0, 0, 0, 0, 0, 0, 0, 0, 0, 0, 0, 0, 0, 0, 0, 0, 0, 0, 0, 0, 0, 0, 0, 0, 0, 0, 0, 0, 0, 0, 0, 0, 0, 0, 0, 0, 0, 0, 0, 0, 0, 0, 0, 0, 0, 0, 0
134, 157, 163, 156, 142, 126, 109, 94, 78, 62, 47, 33, 22, 12, 4, -3, -10, -18, -27, -38, -49, -60, -69, -78, -86, -93, -98, -100, -100, -100, -100, -99, -96, -93, -91, -92, -93, -88, -69, -31, 17, 66, 105, 126, 132, 125, 112, 98, 84, 71, 57, 43, 30, 20, 12, 6, 1, -1, -5, -11, -19, -27, -36, -42, -47, -51, -56, -61, -65, -68, -71, -75, -80, -82, -83, -83, -83, -84, -77, -56, -16, 33, 81, 115, 134, 137, 130, 118, 104, 92, 81, 68, 54, 40, 29, 21, 16, 11, 7, 1, -5, -13, -22, -32, -41, -48, -54, -59, -64, -69, -70, -70, -71, -72, -75, -76, -76, -75, -75, -76, -73, -55, -19, 29, 0, 0, 0, 0, 0, 0, 0, 0, 0, 0, 0, 0, 0, 0, 0, 0, 0, 0, 0, 0, 0, 0, 0, 0, 0, 0, 0, 0, 0, 0, 0, 0, 0, 0, 0, 0, 0, 0, 0, 0, 0, 0, 0, 0, 0, 0, 0, 0, 0, 0, 0, 0, 0, 0, 0, 0, 0, 0, 0, 0, 0, 0, 0, 0, 0, 0, 0, 0, 0, 0, 0, 0, 0, 0, 0, 0, 0, 0, 0, 0, 0, 0, 0, 0, 0, 0, 0, 0, 0, 0, 0, 0, 0, 0, 0, 0, 0, 0, 0, 0, 0, 0, 0, 0, 0, 0, 0, 0, 0, 0, 0, 0, 0, 0, 0, 0, 0, 0, 0, 0, 0, 0, 0, 0, 0, 0, 0, 0, 0, 0, 0, 0, 0, 0, 0, 0, 0, 0, 0, 0, 0, 0, 0, 0, 0, 0, 0, 0, 0, 0, 0, 0, 0, 0, 0, 0, 0, 0, 0, 0, 0, 0, 0, 0, 0, 0, 0, 0, 0, 0, 0, 0, 0, 0, 0, 0
33, 20, 7, -4, -12, -16, -17, -18, -21, -26, -32, -37, -41, -46, -50, -53, -54, -55, -55, -57, -58, -59, -58, -56, -54, -53, -52, -51, -53, -57, -58, -48, -18, 24, 67, 101, 121, 127, 124, 116, 105, 93, 80, 64, 47, 31, 19, 11, 6, 4, 2, -2, -10, -23, -40, -56, -66, -67, -60, -50, -41, -37, -37, -41, -47, -55, -61, -67, -72, -75, -77, -78, -74, -59, -26, 20, 68, 106, 129, 136, 131, 118, 104, 91, 79, 68, 56, 43, 32, 23, 18, 15, 13, 11, 7, 2, -5, -12, -20, -26, -31, -36, -42, -47, -52, -56, -58, -58, -56, -51, -46, -45, -47, -47, -33, -5, 30, 0, 0, 0, 0, 0, 0, 0, 0, 0, 0, 0, 0, 0, 0, 0, 0, 0, 0, 0, 0, 0, 0, 0, 0, 0, 0, 0, 0, 0, 0, 0, 0, 0, 0, 0, 0, 0, 0, 0, 0, 0, 0, 0, 0, 0, 0, 0, 0, 0, 0, 0, 0, 0, 0, 0, 0, 0, 0, 0, 0, 0, 0, 0, 0, 0, 0, 0, 0, 0, 0, 0, 0, 0, 0, 0, 0, 0, 0, 0, 0, 0, 0, 0, 0, 0, 0, 0, 0, 0, 0, 0, 0, 0, 0, 0, 0, 0, 0, 0, 0, 0, 0, 0, 0, 0, 0, 0, 0, 0, 0, 0, 0, 0, 0, 0, 0, 0, 0, 0, 0, 0, 0, 0, 0, 0, 0, 0, 0, 0, 0, 0, 0, 0, 0, 0, 0, 0, 0, 0, 0, 0, 0, 0, 0, 0, 0, 0, 0, 0, 0, 0, 0, 0, 0, 0, 0, 0, 0, 0, 0, 0, 0, 0, 0, 0, 0, 0, 0, 0, 0, 0, 0, 0, 0, 0, 0, 0, 0, 0, 0, 0, 0, 0
-68, -73, -79, -86, -94, -102, -111, -119, -126, -131, -136, -138, -139, -139, -138, -136, -133, -128, -122, -115, -108, -103, -100, -96, -85, -62, -27, 14, 53, 83, 100, 104, 100, 92, 83, 76, 68, 60, 49, 38, 26, 16, 8, 1, -5, -12, -21, -31, -41, -51, -59, -67, -71, -74, -76, -77, -77, -78, -77, -77, -75, -74, -73, -72, -71, -70, -62, -43, -10, 32, 76, 113, 137, 147, 144, 133, 119, 102, 86, 70, 56, 43, 34, 27, 22, 18, 13, 6, -1, -10, -20, -29, -38, -45, -52, -58, -62, -66, -68, -69, -69, -68, -67, -66, -66, -65, -60, -47, -22, 13, 0, 0, 0, 0, 0, 0, 0, 0, 0, 0, 0, 0, 0, 0, 0, 0, 0, 0, 0, 0, 0, 0, 0, 0, 0, 0, 0, 0, 0, 0, 0, 0, 0, 0, 0, 0, 0, 0, 0, 0, 0, 0, 0, 0, 0, 0, 0, 0, 0, 0, 0, 0, 0, 0, 0, 0, 0, 0, 0, 0, 0, 0, 0, 0, 0, 0, 0, 0, 0, 0, 0, 0, 0, 0, 0, 0, 0, 0, 0, 0, 0, 0, 0, 0, 0, 0, 0, 0, 0, 0, 0, 0, 0, 0, 0, 0, 0, 0, 0, 0, 0, 0, 0, 0, 0, 0, 0, 0, 0, 0, 0, 0, 0, 0, 0, 0, 0, 0, 0, 0, 0, 0, 0, 0, 0, 0, 0, 0, 0, 0, 0, 0, 0, 0, 0, 0, 0, 0, 0, 0, 0, 0, 0, 0, 0, 0, 0, 0, 0, 0, 0, 0, 0, 0, 0, 0, 0, 0, 0, 0, 0, 0, 0, 0, 0, 0, 0, 0, 0, 0, 0, 0, 0, 0, 0, 0, 0, 0, 0, 0, 0, 0, 0, 0, 0, 0, 0, 0, 0, 0
28, 73, 109, 129, 135, 129, 117, 102, 88, 73, 57, 43, 31, 22, 16, 12, 8, 4, -1, -9, -19, -30, -42, -53, -63, -71, -77, -81, -84, -86, -88, -88, -87, -86, -84, -82, -80, -78, -74, -63, -41, -6, 36, 79, 114, 136, 144, 140, 129, 116, 101, 86, 70, 54, 40, 28, 19, 13, 8, 2, -4, -12, -21, -30, -40, -48, -55, -61, -66, -70, -73, -75, -77, -78, -78, -77, -76, -74, -72, -70, -69, -67, -64, -52, -27, 9, 53, 95, 127, 145, 149, 143, 132, 120, 106, 92, 77, 63, 50, 40, 32, 27, 22, 17, 11, 3, -5, -15, -25, -35, -44, -52, -59, -64, -67, -70, -72, -73, -73, -73, -72, -71, -69, -67, -66, -63, -58, -43, -15, 23, 0, 0, 0, 0, 0, 0, 0, 0, 0, 0, 0, 0, 0, 0, 0, 0, 0, 0, 0, 0, 0, 0, 0, 0, 0, 0, 0, 0, 0, 0, 0, 0, 0, 0, 0, 0, 0, 0, 0, 0, 0, 0, 0, 0, 0, 0, 0, 0, 0, 0, 0, 0, 0, 0, 0, 0, 0, 0, 0, 0, 0, 0, 0, 0, 0, 0, 0, 0, 0, 0, 0, 0, 0, 0, 0, 0, 0, 0, 0, 0, 0, 0, 0, 0, 0, 0, 0, 0, 0, 0, 0, 0, 0, 0, 0, 0, 0, 0, 0, 0, 0, 0, 0, 0, 0, 0, 0, 0, 0, 0, 0, 0, 0, 0, 0, 0, 0, 0, 0, 0, 0, 0, 0, 0, 0, 0, 0, 0, 0, 0, 0, 0, 0, 0, 0, 0, 0, 0, 0, 0, 0, 0, 0, 0, 0, 0, 0, 0, 0, 0, 0, 0, 0, 0, 0, 0, 0, 0, 0, 0, 0, 0, 0, 0, 0, 0, 0, 0, 0, 0
-7, 36, 78, 110, 128, 132, 127, 116, 103, 89, 74, 59, 44, 31, 20, 12, 5, -1, -8, -15, -24, -33, -42, -50, -58, -65, -71, -75, -78, -79, -80, -80, -80, -79, -78, -76, -74, -72, -70, -69, -65, -55, -33, 2, 47, 93, 130, 154, 163, 160, 151, 139, 126, 111, 96, 79, 63, 48, 36, 27, 19, 11, 2, -6, -17, -28, -39, -50, -59, -67, -73, -78, -82, -85, -87, -88, -88, -87, -86, -84, -82, -80, -78, -75, -69, -53, -23, 18, 65, 107, 138, 154, 156, 149, 138, 124, 110, 95, 79, 64, 51, 40, 32, 25, 18, 10, 1, -9, -21, -33, -44, -55, -64, -71, -77, -81, -84, -85, -86, -86, -86, -85, -84, -82, -80, -74, -58, -29, 10, 0, 0, 0, 0, 0, 0, 0, 0, 0, 0, 0, 0, 0, 0, 0, 0, 0, 0, 0, 0, 0, 0, 0, 0, 0, 0, 0, 0, 0, 0, 0, 0, 0, 0, 0, 0, 0, 0, 0, 0, 0, 0, 0, 0, 0, 0, 0, 0, 0, 0, 0, 0, 0, 0, 0, 0, 0, 0, 0, 0, 0, 0, 0, 0, 0, 0, 0, 0, 0, 0, 0, 0, 0, 0, 0, 0, 0, 0, 0, 0, 0, 0, 0, 0, 0, 0, 0, 0, 0, 0, 0, 0, 0, 0, 0, 0, 0, 0, 0, 0, 0, 0, 0, 0, 0, 0, 0, 0, 0, 0, 0, 0, 0, 0, 0, 0, 0, 0, 0, 0, 0, 0, 0, 0, 0, 0, 0, 0, 0, 0, 0, 0, 0, 0, 0, 0, 0, 0, 0, 0, 0, 0, 0, 0, 0, 0, 0, 0, 0, 0, 0, 0, 0, 0, 0, 0, 0, 0, 0, 0, 0, 0, 0, 0, 0, 0, 0, 0, 0, 0, 0
65, 50, 37, 26, 18, 11, 6, 0, -5, -13, -23, -32, -41, -50, -57, -63, -68, -71, -74, -76, -77, -77, -76, -75, -74, -73, -73, -70, -63, -45, -16, 22, 62, 95, 116, 124, 123, 115, 105, 94, 82, 69, 56, 44, 33, 26, 20, 14, 8, 2, -5, -14, -23, -33, -41, -49, -56, -62, -66, -70, -73, -75, -77, -77, -77, -77, -76, -74, -72, -70, -63, -48, -21, 15, 57, 95, 123, 138, 141, 137, 129, 120, 109, 96, 82, 68, 55, 45, 36, 29, 22, 15, 6, -2, -12, -23, -33, -42, -51, -59, -65, -71, -75, -78, -79, -80, -80, -79, -77, -76, -74, -73, -70, -62, -43, -13, 24, 0, 0, 0, 0, 0, 0, 0, 0, 0, 0, 0, 0, 0, 0, 0, 0, 0, 0, 0, 0, 0, 0, 0, 0, 0, 0, 0, 0, 0, 0, 0, 0, 0, 0, 0, 0, 0, 0, 0, 0, 0, 0, 0, 0, 0, 0, 0, 0, 0, 0, 0, 0, 0, 0, 0, 0, 0, 0, 0, 0, 0, 0, 0, 0, 0, 0, 0, 0, 0, 0, 0, 0, 0, 0, 0, 0, 0, 0, 0, 0, 0, 0, 0, 0, 0, 0, 0, 0, 0, 0, 0, 0, 0, 0, 0, 0, 0, 0, 0, 0, 0, 0, 0, 0, 0, 0, 0, 0, 0, 0, 0, 0, 0, 0, 0, 0, 0, 0, 0, 0, 0, 0, 0, 0, 0, 0, 0, 0, 0, 0, 0, 0, 0, 0, 0, 0, 0, 0, 0, 0, 0, 0, 0, 0, 0, 0, 0, 0, 0, 0, 0, 0, 0, 0, 0, 0, 0, 0, 0, 0, 0, 0, 0, 0, 0, 0, 0, 0, 0, 0, 0, 0, 0, 0, 0, 0, 0, 0, 0, 0, 0, 0, 0
23, 17, 11, 4, -3, -12, -21, -30, -38, -45, -51, -55, -59, -61, -63, -64, -65, -65, -64, -63, -62, -61, -59, -58, -55, -44, -23, 8, 48, 86, 116, 133, 138, 134, 126, 116, 106, 93, 80, 67, 54, 42, 33, 26, 19, 13, 5, -2, -11, -20, -28, -36, -43, -49, -54, -58, -62, -65, -67, -69, -70, -71, -72, -72, -72, -73, -73, -71, -63, -45, -16, 20, 58, 89, 108, 116, 114, 108, 99, 89, 78, 66, 54, 43, 34, 27, 22, 17, 12, 6, -1, -9, -18, -27, -35, -42, -48, -53, -57, -59, -61, -61, -62, -61, -60, -59, -59, -59, -56, -49, -31, -3, 0, 0, 0, 0, 0, 0, 0, 0, 0, 0, 0, 0, 0, 0, 0, 0, 0, 0, 0, 0, 0, 0, 0, 0, 0, 0, 0, 0, 0, 0, 0, 0, 0, 0, 0, 0, 0, 0, 0, 0, 0, 0, 0, 0, 0, 0, 0, 0, 0, 0, 0, 0, 0, 0, 0, 0, 0, 0, 0, 0, 0, 0, 0, 0, 0, 0, 0, 0, 0, 0, 0, 0, 0, 0, 0, 0, 0, 0, 0, 0, 0, 0, 0, 0, 0, 0, 0, 0, 0, 0, 0, 0, 0, 0, 0, 0, 0, 0, 0, 0, 0, 0, 0, 0, 0, 0, 0, 0, 0, 0, 0, 0, 0, 0, 0, 0, 0, 0, 0, 0, 0, 0, 0, 0, 0, 0, 0, 0, 0, 0, 0, 0, 0, 0, 0, 0, 0, 0, 0, 0, 0, 0, 0, 0, 0, 0, 0, 0, 0, 0, 0, 0, 0, 0, 0, 0, 0, 0, 0, 0, 0, 0, 0, 0, 0, 0, 0, 0, 0, 0, 0, 0, 0, 0, 0, 0, 0, 0, 0, 0, 0, 0, 0, 0, 0, 0, 0, 0
50, 66, 74, 76, 72, 67, 59, 50, 40, 29, 18, 10, 3, -1, -4, -9, -13, -20, -27, -34, -42, -50, -57, -64, -69, -73, -76, -77, -78, -77, -75, -73, -70, -68, -66, -65, -62, -52, -33, -5, 27, 58, 80, 93, 95, 92, 84, 75, 65, 53, 41, 30, 20, 13, 7, 3, -1, -6, -13, -20, -28, -36, -43, -49, -54, -58, -62, -65, -67, -69, -70, -71, -72, -73, -73, -73, -73, -70, -59, -37, -7, 24, 53, 73, 82, 82, 77, 68, 59, 48, 37, 25, 14, 6, 0, -3, -6, -9, -12, -17, -23, -30, -37, -44, -49, -54, -57, -60, -61, -61, -60, -59, -57, -55, -54, -53, -52, -52, -52, -49, -38, -16, 16, 0, 0, 0, 0, 0, 0, 0, 0, 0, 0, 0, 0, 0, 0, 0, 0, 0, 0, 0, 0, 0, 0, 0, 0, 0, 0, 0, 0, 0, 0, 0, 0, 0, 0, 0, 0, 0, 0, 0, 0, 0, 0, 0, 0, 0, 0, 0, 0, 0, 0, 0, 0, 0, 0, 0, 0, 0, 0, 0, 0, 0, 0, 0, 0, 0, 0, 0, 0, 0, 0, 0, 0, 0, 0, 0, 0, 0, 0, 0, 0, 0, 0, 0, 0, 0, 0, 0, 0, 0, 0, 0, 0, 0, 0, 0, 0, 0, 0, 0, 0, 0, 0, 0, 0, 0, 0, 0, 0, 0, 0, 0, 0, 0, 0, 0, 0, 0, 0, 0, 0, 0, 0, 0, 0, 0, 0, 0, 0, 0, 0, 0, 0, 0, 0, 0, 0, 0, 0, 0, 0, 0, 0, 0, 0, 0, 0, 0, 0, 0, 0, 0, 0, 0, 0, 0, 0, 0, 0, 0, 0, 0, 0, 0, 0, 0, 0, 0, 0, 0, 0, 0, 0, 0, 0, 0, 0, 0
72, 88, 92, 89, 80, 70, 59, 47, 34, 23, 13, 6, 1, -1, -5, -9, -14, -21, -28, -36, -44, -50, -56, -62, -66, -70, -73, -75, -75, -75, -75, -73, -71, -70, -68, -66, -63, -54, -35, -3, 35, 74, 106, 125, 133, 131, 124, 114, 104, 93, 80, 66, 53, 42, 33, 26, 19, 13, 6, -2, -11, -21, -30, -39, -46, -53, -59, -64, -69, -73, -76, -78, -79, -79, -79, -79, -79, -79, -79, -77, -69, -49, -18, 18, 53, 79, 94, 99, 96, 89, 81, 73, 64, 55, 45, 36, 28, 23, 20, 17, 13, 8, 2, -3, -11, -18, -25, -32, -38, -42, -46, -48, -49, -50, -50, -50, -50, -50, -50, -51, -51, -46, -31, -4, 27, 0, 0, 0, 0, 0, 0, 0, 0, 0, 0, 0, 0, 0, 0, 0, 0, 0, 0, 0, 0, 0, 0, 0, 0, 0, 0, 0, 0, 0, 0, 0, 0, 0, 0, 0, 0, 0, 0, 0, 0, 0, 0, 0, 0, 0, 0, 0, 0, 0, 0, 0, 0, 0, 0, 0, 0, 0, 0, 0, 0, 0, 0, 0, 0, 0, 0, 0, 0, 0, 0, 0, 0, 0, 0, 0, 0, 0, 0, 0, 0, 0, 0, 0, 0, 0, 0, 0, 0, 0, 0, 0, 0, 0, 0, 0, 0, 0, 0, 0, 0, 0, 0, 0, 0, 0, 0, 0, 0, 0, 0, 0, 0, 0, 0, 0, 0, 0, 0, 0, 0, 0, 0, 0, 0, 0, 0, 0, 0, 0, 0, 0, 0, 0, 0, 0, 0, 0, 0, 0, 0, 0, 0, 0, 0, 0, 0, 0, 0, 0, 0, 0, 0, 0, 0, 0, 0, 0, 0, 0, 0, 0, 0, 0, 0, 0, 0, 0, 0, 0, 0, 0, 0, 0, 0, 0
17, 56, 87, 108, 117, 117, 113, 105, 97, 86, 73, 58, 45, 33, 24, 18, 12, 7, 0, -6, -15, -25, -34, -42, -49, -56, -61, -65, -68, -70, -71, -72, -71, -71, -71, -71, -71, -68, -58, -37, -4, 33, 69, 96, 110, 114, 109, 99, 87, 74, 60, 45, 32, 22, 14, 9, 5, 1, -3, -9, -17, -25, -33, -41, -48, -54, -59, -63, -66, -68, -70, -70, -70, -69, -67, -66, -64, -63, -61, -57, -46, -24, 8, 47, 85, 115, 132, 138, 135, 127, 116, 104, 91, 76, 61, 46, 34, 25, 19, 13, 7, 1, -7, -15, -25, -33, -41, -48, -53, -57, -60, -63, -65, -67, -68, -69, -70, -70, -70, -69, -69, -68, -65, -55, -36, -7, 0, 0, 0, 0, 0, 0, 0, 0, 0, 0, 0, 0, 0, 0, 0, 0, 0, 0, 0, 0, 0, 0, 0, 0, 0, 0, 0, 0, 0, 0, 0, 0, 0, 0, 0, 0, 0, 0, 0, 0, 0, 0, 0, 0, 0, 0, 0, 0, 0, 0, 0, 0, 0, 0, 0, 0, 0, 0, 0, 0, 0, 0, 0, 0, 0, 0, 0, 0, 0, 0, 0, 0, 0, 0, 0, 0, 0, 0, 0, 0, 0, 0, 0, 0, 0, 0, 0, 0, 0, 0, 0, 0, 0, 0, 0, 0, 0, 0, 0, 0, 0, 0, 0, 0, 0, 0, 0, 0, 0, 0, 0, 0, 0, 0, 0, 0, 0, 0, 0, 0, 0, 0, 0, 0, 0, 0, 0, 0, 0, 0, 0, 0, 0, 0, 0, 0, 0, 0, 0, 0, 0, 0, 0, 0, 0, 0, 0, 0, 0, 0, 0, 0, 0, 0, 0, 0, 0, 0, 0, 0, 0, 0, 0, 0, 0, 0, 0, 0, 0, 0, 0, 0, 0, 0
0, -7, -17, -26, -35, -43, -51, -57, -63, -67, -70, -72, -74, -75, -75, -74, -73, -71, -69, -67, -66, -63, -54, -34, -3, 35, 74, 106, 127, 136, 135, 129, 120, 109, 97, 82, 65, 50, 36, 25, 17, 11, 6, 0, -4, -11, -18, -27, -36, -45, -53, -61, -68, -73, -77, -80, -82, -83, -84, -83, -83, -81, -80, -79, -75, -66, -45, -13, 25, 64, 96, 116, 124, 123, 117, 108, 97, 84, 70, 55, 41, 30, 21, 15, 10, 4, -2, -10, -18, -26, -34, -41, -47, -52, -55, -58, -60, -61, -62, -63, -63, -62, -63, -63, -64, -63, -55, -38, -11, 23, 0, 0, 0, 0, 0, 0, 0, 0, 0, 0, 0, 0, 0, 0, 0, 0, 0, 0, 0, 0, 0, 0, 0, 0, 0, 0, 0, 0, 0, 0, 0, 0, 0, 0, 0, 0, 0, 0, 0, 0, 0, 0, 0, 0, 0, 0, 0, 0, 0, 0, 0, 0, 0, 0, 0, 0, 0, 0, 0, 0, 0, 0, 0, 0, 0, 0, 0, 0, 0, 0, 0, 0, 0, 0, 0, 0, 0, 0, 0, 0, 0, 0, 0, 0, 0, 0, 0, 0, 0, 0, 0, 0, 0, 0, 0, 0, 0, 0, 0, 0, 0, 0, 0, 0, 0, 0, 0, 0, 0, 0, 0, 0, 0, 0, 0, 0, 0, 0, 0, 0, 0, 0, 0, 0, 0, 0, 0, 0, 0, 0, 0, 0, 0, 0, 0, 0, 0, 0, 0, 0, 0, 0, 0, 0, 0, 0, 0, 0, 0, 0, 0, 0, 0, 0, 0, 0, 0, 0, 0, 0, 0, 0, 0, 0, 0, 0, 0, 0, 0, 0, 0, 0, 0, 0, 0, 0, 0, 0, 0, 0, 0, 0, 0, 0, 0, 0, 0, 0, 0, 0
-108, -104, -98, -94, -91, -91, -93, -97, -101, -106, -111, -115, -119, -118, -107, -80, -41, 3, 46, 78, 97, 104, 100, 91, 79, 66, 51, 36, 22, 10, 2, -3, -9, -16, -25, -38, -53, -67, -79, -87, -91, -91, -88, -83, -77, -70, -63, -56, -48, -41, -36, -34, -38, -43, -41, -25, 4, 43, 82, 115, 136, 145, 143, 135, 124, 111, 98, 85, 72, 61, 52, 45, 38, 31, 23, 15, 5, -3, -13, -22, -30, -37, -45, -53, -59, -64, -68, -70, -71, -71, -71, -70, -69, -68, -66, -61, -44, -16, 20, 0, 0, 0, 0, 0, 0, 0, 0, 0, 0, 0, 0, 0, 0, 0, 0, 0, 0, 0, 0, 0, 0, 0, 0, 0, 0, 0, 0, 0, 0, 0, 0, 0, 0, 0, 0, 0, 0, 0, 0, 0, 0, 0, 0, 0, 0, 0, 0, 0, 0, 0, 0, 0, 0, 0, 0, 0, 0, 0, 0, 0, 0, 0, 0, 0, 0, 0, 0, 0, 0, 0, 0, 0, 0, 0, 0, 0, 0, 0, 0, 0, 0, 0, 0, 0, 0, 0, 0, 0, 0, 0, 0, 0, 0, 0, 0, 0, 0, 0, 0, 0, 0, 0, 0, 0, 0, 0, 0, 0, 0, 0, 0, 0, 0, 0, 0, 0, 0, 0, 0, 0, 0, 0, 0, 0, 0, 0, 0, 0, 0, 0, 0, 0, 0, 0, 0, 0, 0, 0, 0, 0, 0, 0, 0, 0, 0, 0, 0, 0, 0, 0, 0, 0, 0, 0, 0, 0, 0, 0, 0, 0, 0, 0, 0, 0, 0, 0, 0, 0, 0, 0, 0, 0, 0, 0, 0, 0, 0, 0, 0, 0, 0, 0, 0, 0, 0, 0, 0, 0, 0, 0, 0, 0, 0, 0, 0, 0, 0, 0, 0, 0
66, 94, 113, 121, 120, 114, 104, 92, 78, 64, 50, 38, 28, 19, 12, 6, 0, -5, -12, -20, -28, -35, -41, -47, -52, -55, -59, -61, -63, -64, -65, -66, -66, -67, -67, -67, -66, -62, -49, -26, 5, 42, 74, 96, 107, 107, 101, 92, 81, 69, 57, 46, 37, 29, 23, 19, 14, 9, 2, -5, -14, -24, -34, -43, -50, -56, -60, -64, -66, -68, -69, -69, -70, -69, -69, -68, -65, -56, -38, -9, 26, 62, 91, 109, 115, 111, 103, 92, 80, 68, 56, 45, 35, 27, 21, 16, 11, 4, -2, -9, -17, -24, -31, -37, -42, -47, -52, -55, -59, -62, -64, -66, -67, -67, -67, -66, -66, -64, -56, -38, -9, 0, 0, 0, 0, 0, 0, 0, 0, 0, 0, 0, 0, 0, 0, 0, 0, 0, 0, 0, 0, 0, 0, 0, 0, 0, 0, 0, 0, 0, 0, 0, 0, 0, 0, 0, 0, 0, 0, 0, 0, 0, 0, 0, 0, 0, 0, 0, 0, 0, 0, 0, 0, 0, 0, 0, 0, 0, 0, 0, 0, 0, 0, 0, 0, 0, 0, 0, 0, 0, 0, 0, 0, 0, 0, 0, 0, 0, 0, 0, 0, 0, 0, 0, 0, 0, 0, 0, 0, 0, 0, 0, 0, 0, 0, 0, 0, 0, 0, 0, 0, 0, 0, 0, 0, 0, 0, 0, 0, 0, 0, 0, 0, 0, 0, 0, 0, 0, 0, 0, 0, 0, 0, 0, 0, 0, 0, 0, 0, 0, 0, 0, 0, 0, 0, 0, 0, 0, 0, 0, 0, 0, 0, 0, 0, 0, 0, 0, 0, 0, 0, 0, 0, 0, 0, 0, 0, 0, 0, 0, 0, 0, 0, 0, 0, 0, 0, 0, 0, 0, 0, 0, 0, 0, 0, 0, 0, 0, 0, 0
35, 26, 18, 11, 4, -3, -12, -21, -30, -38, -45, -51, -57, -62, -66, -70, -72, -74, -75, -76, -76, -75, -73, -72, -70, -68, -62, -49, -24, 9, 47, 82, 107, 120, 122, 116, 107, 96, 85, 73, 60, 48, 38, 30, 25, 21, 17, 12, 5, -2, -11, -20, -29, -37, -43, -50, -55, -59, -62, -64, -65, -65, -66, -66, -67, -67, -65, -57, -39, -10, 25, 60, 89, 106, 112, 108, 100, 89, 77, 64, 52, 39, 29, 20, 14, 9, 4, 0, -6, -14, -22, -30, -38, -44, -49, -54, -57, -59, -61, -62, -63, -64, -65, -65, -64, -64, -63, -63, -62, -56, -43, -18, 14, 0, 0, 0, 0, 0, 0, 0, 0, 0, 0, 0, 0, 0, 0, 0, 0, 0, 0, 0, 0, 0, 0, 0, 0, 0, 0, 0, 0, 0, 0, 0, 0, 0, 0, 0, 0, 0, 0, 0, 0, 0, 0, 0, 0, 0, 0, 0, 0, 0, 0, 0, 0, 0, 0, 0, 0, 0, 0, 0, 0, 0, 0, 0, 0, 0, 0, 0, 0, 0, 0, 0, 0, 0, 0, 0, 0, 0, 0, 0, 0, 0, 0, 0, 0, 0, 0, 0, 0, 0, 0, 0, 0, 0, 0, 0, 0, 0, 0, 0, 0, 0, 0, 0, 0, 0, 0, 0, 0, 0, 0, 0, 0, 0, 0, 0, 0, 0, 0, 0, 0, 0, 0, 0, 0, 0, 0, 0, 0, 0, 0, 0, 0, 0, 0, 0, 0, 0, 0, 0, 0, 0, 0, 0, 0, 0, 0, 0, 0, 0, 0, 0, 0, 0, 0, 0, 0, 0, 0, 0, 0, 0, 0, 0, 0, 0, 0, 0, 0, 0, 0, 0, 0, 0, 0, 0, 0, 0, 0, 0, 0, 0, 0, 0, 0, 0, 0, 0
-90, -91, -91, -91, -90, -89, -88, -86, -84, -83, -82, -79, -70, -50, -19, 19, 59, 92, 114, 124, 125, 120, 112, 102, 91, 77, 63, 49, 36, 26, 18, 10, 3, -4, -13, -23, -33, -43, -52, -60, -67, -73, -77, -81, -83, -85, -86, -86, -86, -85, -84, -83, -82, -80, -77, -71, -57, -31, 4, 43, 79, 105, 118, 120, 116, 109, 100, 91, 81, 70, 59, 50, 42, 36, 30, 25, 18, 10, 0, -9, -19, -29, -37, -45, -51, -56, -59, -62, -63, -63, -63, -63, -62, -62, -62, -61, -55, -41, -15, 17, 0, 0, 0, 0, 0, 0, 0, 0, 0, 0, 0, 0, 0, 0, 0, 0, 0, 0, 0, 0, 0, 0, 0, 0, 0, 0, 0, 0, 0, 0, 0, 0, 0, 0, 0, 0, 0, 0, 0, 0, 0, 0, 0, 0, 0, 0, 0, 0, 0, 0, 0, 0, 0, 0, 0, 0, 0, 0, 0, 0, 0, 0, 0, 0, 0, 0, 0, 0, 0, 0, 0, 0, 0, 0, 0, 0, 0, 0, 0, 0, 0, 0, 0, 0, 0, 0, 0, 0, 0, 0, 0, 0, 0, 0, 0, 0, 0, 0, 0, 0, 0, 0, 0, 0, 0, 0, 0, 0, 0, 0, 0, 0, 0, 0, 0, 0, 0, 0, 0, 0, 0, 0, 0, 0, 0, 0, 0, 0, 0, 0, 0, 0, 0, 0, 0, 0, 0, 0, 0, 0, 0, 0, 0, 0, 0, 0, 0, 0, 0, 0, 0, 0, 0, 0, 0, 0, 0, 0, 0, 0, 0, 0, 0, 0, 0, 0, 0, 0, 0, 0, 0, 0, 0, 0, 0, 0, 0, 0, 0, 0, 0, 0, 0, 0, 0, 0, 0, 0, 0, 0, 0, 0, 0, 0, 0, 0, 0, 0, 0, 0
64, 53, 43, 35, 28, 22, 17, 13, 10, 9, 8, 6, 4, 1, 0, 3, 19, 50, 87, 119, 138, 140, 130, 112, 92, 73, 57, 43, 32, 24, 19, 15, 13, 11, 7, 0, -9, -19, -31, -41, -50, -56, -61, -63, -64, -64, -63, -62, -61, -60, -58, -57, -56, -55, -53, -45, -24, 12, 56, 95, 118, 125, 119, 105, 88, 73, 59, 47, 36, 26, 18, 12, 8, 5, 2, -2, -9, -18, -28, -38, -46, -53, -58, -62, -65, -68, -69, -68, -67, -65, -62, -59, -56, -53, -50, -48, -41, -22, 12, 0, 0, 0, 0, 0, 0, 0, 0, 0, 0, 0, 0, 0, 0, 0, 0, 0, 0, 0, 0, 0, 0, 0, 0, 0, 0, 0, 0, 0, 0, 0, 0, 0, 0, 0, 0, 0, 0, 0, 0, 0, 0, 0, 0, 0, 0, 0, 0, 0, 0, 0, 0, 0, 0, 0, 0, 0, 0, 0, 0, 0, 0, 0, 0, 0, 0, 0, 0, 0, 0, 0, 0, 0, 0, 0, 0, 0, 0, 0, 0, 0, 0, 0, 0, 0, 0, 0, 0, 0, 0, 0, 0, 0, 0, 0, 0, 0, 0, 0, 0, 0, 0, 0, 0, 0, 0, 0, 0, 0, 0, 0, 0, 0, 0, 0, 0, 0, 0, 0, 0, 0, 0, 0, 0, 0, 0, 0, 0, 0, 0, 0, 0, 0, 0, 0, 0, 0, 0, 0, 0, 0, 0, 0, 0, 0, 0, 0, 0, 0, 0, 0, 0, 0, 0, 0, 0, 0, 0, 0, 0, 0, 0, 0, 0, 0, 0, 0, 0, 0, 0, 0, 0, 0, 0, 0, 0, 0, 0, 0, 0, 0, 0, 0, 0, 0, 0, 0, 0, 0, 0, 0, 0, 0, 0, 0, 0, 0, 0, 0, 0, 0
64, 50, 38, 28, 19, 11, 6, 4, 3, 2, 0, -4, -11, -19, -27, -34, -41, -45, -49, -51, -53, -54, -54, -53, -53, -53, -53, -53, -53, -52, -51, -51, -51, -49, -40, -16, 21, 63, 97, 118, 124, 118, 106, 92, 79, 69, 58, 48, 39, 30, 24, 19, 15, 12, 7, 1, -5, -12, -20, -26, -32, -37, -41, -44, -46, -48, -49, -50, -51, -51, -52, -52, -53, -54, -56, -58, -59, -58, -46, -19, 19, 59, 90, 108, 111, 105, 93, 81, 70, 60, 51, 41, 32, 25, 19, 15, 12, 8, 3, -2, -8, -15, -22, -28, -33, -36, -39, -40, -41, -41, -41, -41, -41, -42, -43, -44, -45, -47, -50, -52, -48, -29, 1, 0, 0, 0, 0, 0, 0, 0, 0, 0, 0, 0, 0, 0, 0, 0, 0, 0, 0, 0, 0, 0, 0, 0, 0, 0, 0, 0, 0, 0, 0, 0, 0, 0, 0, 0, 0, 0, 0, 0, 0, 0, 0, 0, 0, 0, 0, 0, 0, 0, 0, 0, 0, 0, 0, 0, 0, 0, 0, 0, 0, 0, 0, 0, 0, 0, 0, 0, 0, 0, 0, 0, 0, 0, 0, 0, 0, 0, 0, 0, 0, 0, 0, 0, 0, 0, 0, 0, 0, 0, 0, 0, 0, 0, 0, 0, 0, 0, 0, 0, 0, 0, 0, 0, 0, 0, 0, 0, 0, 0, 0, 0, 0, 0, 0, 0, 0, 0, 0, 0, 0, 0, 0, 0, 0, 0, 0, 0, 0, 0, 0, 0, 0, 0, 0, 0, 0, 0, 0, 0, 0, 0, 0, 0, 0, 0, 0, 0, 0, 0, 0, 0, 0, 0, 0, 0, 0, 0, 0, 0, 0, 0, 0, 0, 0, 0, 0, 0, 0, 0, 0, 0, 0, 0, 0, 0, 0, 0
128, 120, 107, 93, 81, 69, 58, 47, 37, 28, 22, 18, 15, 11, 7, 1, -5, -12, -18, -24, -27, -31, -34, -36, -38, -39, -40, -40, -40, -40, -39, -39, -40, -40, -33, -15, 10, 40, 64, 79, 83, 77, 66, 54, 44, 34, 25, 17, 10, 5, 2, 0, -2, -4, -8, -12, -17, -23, -28, -33, -36, -39, -41, -42, -43, -43, -43, -42, -42, -41, -41, -41, -41, -42, -42, -38, -23, 2, 34, 62, 82, 90, 88, 80, 70, 61, 52, 44, 36, 28, 20, 14, 9, 6, 4, 1, -2, -7, -12, -18, -24, -28, -32, -35, -38, -40, -42, -43, -45, -47, -48, -50, -51, -52, -53, -53, -52, -47, -32, -5, 0, 0, 0, 0, 0, 0, 0, 0, 0, 0, 0, 0, 0, 0, 0, 0, 0, 0, 0, 0, 0, 0, 0, 0, 0, 0, 0, 0, 0, 0, 0, 0, 0, 0, 0, 0, 0, 0, 0, 0, 0, 0, 0, 0, 0, 0, 0, 0, 0, 0, 0, 0, 0, 0, 0, 0, 0, 0, 0, 0, 0, 0, 0, 0, 0, 0, 0, 0, 0, 0, 0, 0, 0, 0, 0, 0, 0, 0, 0, 0, 0, 0, 0, 0, 0, 0, 0, 0, 0, 0, 0, 0, 0, 0, 0, 0, 0, 0, 0, 0, 0, 0, 0, 0, 0, 0, 0, 0, 0, 0, 0, 0, 0, 0, 0, 0, 0, 0, 0, 0, 0, 0, 0, 0, 0, 0, 0, 0, 0, 0, 0, 0, 0, 0, 0, 0, 0, 0, 0, 0, 0, 0, 0, 0, 0, 0, 0, 0, 0, 0, 0, 0, 0, 0, 0, 0, 0, 0, 0, 0, 0, 0, 0, 0, 0, 0, 0, 0, 0, 0, 0, 0, 0, 0, 0, 0, 0, 0, 0, 0
52, 44, 36, 30, 26, 22, 17, 12, 5, -1, -9, -17, -24, -31, -36, -41, -44, -47, -48, -49, -50, -50, -50, -50, -49, -49, -50, -50, -43, -27, -1, 30, 59, 81, 91, 90, 83, 73, 62, 52, 42, 33, 25, 18, 13, 9, 6, 1, -4, -11, -19, -28, -35, -41, -46, -50, -53, -56, -58, -59, -61, -62, -64, -65, -65, -64, -63, -62, -63, -63, -60, -48, -24, 9, 47, 80, 103, 112, 111, 102, 91, 81, 71, 62, 52, 41, 32, 24, 17, 12, 7, 2, -4, -11, -18, -25, -32, -37, -41, -44, -46, -48, -49, -52, -54, -56, -57, -59, -60, -60, -61, -61, -62, -61, -52, -30, 3, 0, 0, 0, 0, 0, 0, 0, 0, 0, 0, 0, 0, 0, 0, 0, 0, 0, 0, 0, 0, 0, 0, 0, 0, 0, 0, 0, 0, 0, 0, 0, 0, 0, 0, 0, 0, 0, 0, 0, 0, 0, 0, 0, 0, 0, 0, 0, 0, 0, 0, 0, 0, 0, 0, 0, 0, 0, 0, 0, 0, 0, 0, 0, 0, 0, 0, 0, 0, 0, 0, 0, 0, 0, 0, 0, 0, 0, 0, 0, 0, 0, 0, 0, 0, 0, 0, 0, 0, 0, 0, 0, 0, 0, 0, 0, 0, 0, 0, 0, 0, 0, 0, 0, 0, 0, 0, 0, 0, 0, 0, 0, 0, 0, 0, 0, 0, 0, 0, 0, 0, 0, 0, 0, 0, 0, 0, 0, 0, 0, 0, 0, 0, 0, 0, 0, 0, 0, 0, 0, 0, 0, 0, 0, 0, 0, 0, 0, 0, 0, 0, 0, 0, 0, 0, 0, 0, 0, 0, 0, 0, 0, 0, 0, 0, 0, 0, 0, 0, 0, 0, 0, 0, 0, 0, 0, 0, 0, 0, 0, 0, 0, 0, 0
-54, -56, -58, -59, -60, -61, -61, -62, -63, -63, -63, -63, -63, -63, -60, -48, -22, 13, 49, 78, 95, 100, 96, 88, 79, 70, 62, 53, 43, 33, 24, 17, 12, 9, 5, 1, -3, -10, -17, -24, -30, -35, -39, -43, -45, -47, -49, -50, -51, -52, -54, -55, -57, -58, -60, -61, -63, -61, -50, -26, 7, 43, 73, 91, 96, 92, 83, 73, 64, 55, 47, 37, 28, 21, 16, 12, 10, 7, 4, 0, -6, -13, -20, -26, -31, -35, -38, -40, -41, -42, -41, -41, -40, -40, -41, -43, -45, -46, -41, -26, -3, 0, 0, 0, 0, 0, 0, 0, 0, 0, 0, 0, 0, 0, 0, 0, 0, 0, 0, 0, 0, 0, 0, 0, 0, 0, 0, 0, 0, 0, 0, 0, 0, 0, 0, 0, 0, 0, 0, 0, 0, 0, 0, 0, 0, 0, 0, 0, 0, 0, 0, 0, 0, 0, 0, 0, 0, 0, 0, 0, 0, 0, 0, 0, 0, 0, 0, 0, 0, 0, 0, 0, 0, 0, 0, 0, 0, 0, 0, 0, 0, 0, 0, 0, 0, 0, 0, 0, 0, 0, 0, 0, 0, 0, 0, 0, 0, 0, 0, 0, 0, 0, 0, 0, 0, 0, 0, 0, 0, 0, 0, 0, 0, 0, 0, 0, 0, 0, 0, 0, 0, 0, 0, 0, 0, 0, 0, 0, 0, 0, 0, 0, 0, 0, 0, 0, 0, 0, 0, 0, 0, 0, 0, 0, 0, 0, 0, 0, 0, 0, 0, 0, 0, 0, 0, 0, 0, 0, 0, 0, 0, 0, 0, 0, 0, 0, 0, 0, 0, 0, 0, 0, 0, 0, 0, 0, 0, 0, 0, 0, 0, 0, 0, 0, 0, 0, 0, 0, 0, 0, 0, 0, 0, 0, 0, 0, 0, 0, 0, 0
77, 70, 63, 55, 45, 34, 22, 9, -4, -18, -32, -45, -57, -67, -76, -84, -91, -95, -98, -99, -99, -98, -96, -95, -93, -89, -77, -54, -22, 13, 45, 67, 76, 75, 69, 60, 52, 45, 38, 31, 23, 17, 13, 9, 6, 3, 0, -5, -10, -16, -22, -27, -32, -36, -40, -44, -47, -49, -50, -51, -52, -52, -53, -54, -54, -55, -56, -55, -49, -33, -8, 22, 52, 73, 83, 83, 76, 68, 60, 52, 44, 37, 29, 22, 17, 14, 11, 8, 4, -1, -7, -14, -20, -26, -31, -35, -39, -41, -43, -44, -45, -45, -45, -44, -43, -43, -43, -43, -39, -27, -6, 22, 0, 0, 0, 0, 0, 0, 0, 0, 0, 0, 0, 0, 0, 0, 0, 0, 0, 0, 0, 0, 0, 0, 0, 0, 0, 0, 0, 0, 0, 0, 0, 0, 0, 0, 0, 0, 0, 0, 0, 0, 0, 0, 0, 0, 0, 0, 0, 0, 0, 0, 0, 0, 0, 0, 0, 0, 0, 0, 0, 0, 0, 0, 0, 0, 0, 0, 0, 0, 0, 0, 0, 0, 0, 0, 0, 0, 0, 0, 0, 0, 0, 0, 0, 0, 0, 0, 0, 0, 0, 0, 0, 0, 0, 0, 0, 0, 0, 0, 0, 0, 0, 0, 0, 0, 0, 0, 0, 0, 0, 0, 0, 0, 0, 0, 0, 0, 0, 0, 0, 0, 0, 0, 0, 0, 0, 0, 0, 0, 0, 0, 0, 0, 0, 0, 0, 0, 0, 0, 0, 0, 0, 0, 0, 0, 0, 0, 0, 0, 0, 0, 0, 0, 0, 0, 0, 0, 0, 0, 0, 0, 0, 0, 0, 0, 0, 0, 0, 0, 0, 0, 0, 0, 0, 0, 0, 0, 0, 0, 0, 0, 0, 0, 0, 0, 0, 0, 0, 0
12, 44, 68, 81, 84, 80, 72, 63, 55, 47, 38, 29, 19, 11, 5, 1, -2, -6, -11, -16, -22, -29, -36, -42, -47, -51, -54, -56, -58, -60, -60, -60, -60, -59, -58, -56, -55, -55, -54, -48, -33, -7, 24, 55, 78, 90, 92, 86, 77, 68, 60, 51, 43, 34, 27, 22, 18, 15, 12, 8, 3, -3, -10, -17, -24, -30, -35, -39, -41, -43, -44, -44, -44, -44, -44, -44, -44, -44, -43, -38, -23, 0, 30, 57, 77, 86, 86, 80, 72, 63, 55, 46, 37, 29, 21, 16, 12, 9, 5, 1, -3, -8, -14, -20, -25, -30, -34, -38, -41, -43, -45, -47, -48, -49, -49, -48, -48, -47, -47, -47, -42, -30, -8, 0, 0, 0, 0, 0, 0, 0, 0, 0, 0, 0, 0, 0, 0, 0, 0, 0, 0, 0, 0, 0, 0, 0, 0, 0, 0, 0, 0, 0, 0, 0, 0, 0, 0, 0, 0, 0, 0, 0, 0, 0, 0, 0, 0, 0, 0, 0, 0, 0, 0, 0, 0, 0, 0, 0, 0, 0, 0, 0, 0, 0, 0, 0, 0, 0, 0, 0, 0, 0, 0, 0, 0, 0, 0, 0, 0, 0, 0, 0, 0, 0, 0, 0, 0, 0, 0, 0, 0, 0, 0, 0, 0, 0, 0, 0, 0, 0, 0, 0, 0, 0, 0, 0, 0, 0, 0, 0, 0, 0, 0, 0, 0, 0, 0, 0, 0, 0, 0, 0, 0, 0, 0, 0, 0, 0, 0, 0, 0, 0, 0, 0, 0, 0, 0, 0, 0, 0, 0, 0, 0, 0, 0, 0, 0, 0, 0, 0, 0, 0, 0, 0, 0, 0, 0, 0, 0, 0, 0, 0, 0, 0, 0, 0, 0, 0, 0, 0, 0, 0, 0, 0, 0, 0, 0, 0, 0, 0
54, 91, 117, 129, 128, 117, 101, 84, 66, 51, 38, 28, 21, 16, 14, 13, 13, 12, 12, 11, 10, 8, 5, 0, -7, -16, -26, -35, -43, -48, -51, -52, -50, -45, -39, -31, -25, -15, 1, 28, 62, 93, 117, 130, 132, 126, 115, 102, 88, 75, 62, 51, 41, 33, 28, 24, 20, 16, 11, 3, -6, -18, -31, -43, -53, -60, -66, -70, -74, -78, -82, -85, -87, -87, -86, -84, -82, -82, -82, -73, -49, -10, 31, 65, 86, 95, 93, 86, 77, 69, 62, 56, 48, 41, 34, 28, 23, 19, 15, 10, 3, -4, -13, -22, -30, -37, -44, -51, -58, -65, -71, -74, -75, -73, -68, -62, -55, -49, -43, -30, -5, 0, 0, 0, 0, 0, 0, 0, 0, 0, 0, 0, 0, 0, 0, 0, 0, 0, 0, 0, 0, 0, 0, 0, 0, 0, 0, 0, 0, 0, 0, 0, 0, 0, 0, 0, 0, 0, 0, 0, 0, 0, 0, 0, 0, 0, 0, 0, 0, 0, 0, 0, 0, 0, 0, 0, 0, 0, 0, 0, 0, 0, 0, 0, 0, 0, 0, 0, 0, 0, 0, 0, 0, 0, 0, 0, 0, 0, 0, 0, 0, 0, 0, 0, 0, 0, 0, 0, 0, 0, 0, 0, 0, 0, 0, 0, 0, 0, 0, 0, 0, 0, 0, 0, 0, 0, 0, 0, 0, 0, 0, 0, 0, 0, 0, 0, 0, 0, 0, 0, 0, 0, 0, 0, 0, 0, 0, 0, 0, 0, 0, 0, 0, 0, 0, 0, 0, 0, 0, 0, 0, 0, 0, 0, 0, 0, 0, 0, 0, 0, 0, 0, 0, 0, 0, 0, 0, 0, 0, 0, 0, 0, 0, 0, 0, 0, 0, 0, 0, 0, 0, 0, 0, 0, 0, 0, 0, 0, 0, 0
-31, -40, -48, -55, -61, -65, -68, -71, -73, -74, -75, -74, -73, -72, -70, -68, -67, -66, -63, -54, -35, -6, 29, 64, 90, 105, 108, 104, 95, 84, 74, 64, 54, 44, 36, 29, 24, 19, 15, 10, 4, -2, -9, -17, -24, -31, -37, -43, -47, -51, -54, -55, -57, -57, -58, -58, -58, -58, -58, -57, -55, -47, -29, -3, 28, 56, 77, 89, 91, 88, 81, 75, 67, 60, 51, 43, 35, 29, 24, 19, 14, 8, 1, -6, -15, -23, -30, -36, -42, -47, -51, -55, -59, -61, -63, -65, -65, -66, -66, -66, -66, -63, -53, -35, -9, 0, 0, 0, 0, 0, 0, 0, 0, 0, 0, 0, 0, 0, 0, 0, 0, 0, 0, 0, 0, 0, 0, 0, 0, 0, 0, 0, 0, 0, 0, 0, 0, 0, 0, 0, 0, 0, 0, 0, 0, 0, 0, 0, 0, 0, 0, 0, 0, 0, 0, 0, 0, 0, 0, 0, 0, 0, 0, 0, 0, 0, 0, 0, 0, 0, 0, 0, 0, 0, 0, 0, 0, 0, 0, 0, 0, 0, 0, 0, 0, 0, 0, 0, 0, 0, 0, 0, 0, 0, 0, 0, 0, 0, 0, 0, 0, 0, 0, 0, 0, 0, 0, 0, 0, 0, 0, 0, 0, 0, 0, 0, 0, 0, 0, 0, 0, 0, 0, 0, 0, 0, 0, 0, 0, 0, 0, 0, 0, 0, 0, 0, 0, 0, 0, 0, 0, 0, 0, 0, 0, 0, 0, 0, 0, 0, 0, 0, 0, 0, 0, 0, 0, 0, 0, 0, 0, 0, 0, 0, 0, 0, 0, 0, 0, 0, 0, 0, 0, 0, 0, 0, 0, 0, 0, 0, 0, 0, 0, 0, 0, 0, 0, 0, 0, 0, 0, 0, 0, 0, 0, 0, 0, 0, 0, 0
98, 92, 86, 79, 70, 61, 51, 42, 35, 28, 21, 14, 6, -2, -13, -23, -34, -44, -52, -59, -64, -67, -70, -72, -73, -74, -75, -76, -77, -78, -77, -77, -76, -71, -60, -39, -10, 21, 49, 69, 80, 82, 79, 73, 67, 61, 54, 46, 39, 33, 29, 26, 24, 21, 17, 12, 6, 0, -6, -11, -16, -20, -23, -26, -29, -32, -35, -37, -39, -41, -42, -44, -45, -43, -35, -17, 9, 39, 67, 86, 95, 94, 88, 78, 68, 58, 47, 37, 27, 20, 15, 12, 9, 5, 0, -5, -12, -19, -26, -33, -38, -43, -47, -50, -53, -55, -57, -59, -61, -63, -65, -66, -66, -67, -68, -67, -60, -45, -18, 0, 0, 0, 0, 0, 0, 0, 0, 0, 0, 0, 0, 0, 0, 0, 0, 0, 0, 0, 0, 0, 0, 0, 0, 0, 0, 0, 0, 0, 0, 0, 0, 0, 0, 0, 0, 0, 0, 0, 0, 0, 0, 0, 0, 0, 0, 0, 0, 0, 0, 0, 0, 0, 0, 0, 0, 0, 0, 0, 0, 0, 0, 0, 0, 0, 0, 0, 0, 0, 0, 0, 0, 0, 0, 0, 0, 0, 0, 0, 0, 0, 0, 0, 0, 0, 0, 0, 0, 0, 0, 0, 0, 0, 0, 0, 0, 0, 0, 0, 0, 0, 0, 0, 0, 0, 0, 0, 0, 0, 0, 0, 0, 0, 0, 0, 0, 0, 0, 0, 0, 0, 0, 0, 0, 0, 0, 0, 0, 0, 0, 0, 0, 0, 0, 0, 0, 0, 0, 0, 0, 0, 0, 0, 0, 0, 0, 0, 0, 0, 0, 0, 0, 0, 0, 0, 0, 0, 0, 0, 0, 0, 0, 0, 0, 0, 0, 0, 0, 0, 0, 0, 0, 0, 0, 0, 0, 0, 0, 0, 0, 0
0, -5, -11, -16, -21, -24, -28, -30, -33, -36, -38, -40, -41, -42, -42, -43, -42, -38, -27, -7, 16, 42, 63, 77, 85, 87, 87, 85, 82, 77, 70, 62, 53, 44, 38, 32, 27, 22, 16, 9, 2, -4, -11, -18, -24, -29, -34, -38, -41, -44, -46, -48, -49, -51, -52, -53, -54, -56, -56, -55, -48, -32, -10, 13, 35, 50, 58, 59, 57, 54, 51, 46, 40, 32, 24, 17, 11, 6, 2, -1, -5, -11, -16, -22, -28, -33, -37, -40, -43, -45, -46, -47, -47, -48, -48, -48, -48, -48, -48, -48, -45, -36, -19, 2, 0, 0, 0, 0, 0, 0, 0, 0, 0, 0, 0, 0, 0, 0, 0, 0, 0, 0, 0, 0, 0, 0, 0, 0, 0, 0, 0, 0, 0, 0, 0, 0, 0, 0, 0, 0, 0, 0, 0, 0, 0, 0, 0, 0, 0, 0, 0, 0, 0, 0, 0, 0, 0, 0, 0, 0, 0, 0, 0, 0, 0, 0, 0, 0, 0, 0, 0, 0, 0, 0, 0, 0, 0, 0, 0, 0, 0, 0, 0, 0, 0, 0, 0, 0, 0, 0, 0, 0, 0, 0, 0, 0, 0, 0, 0, 0, 0, 0, 0, 0, 0, 0, 0, 0, 0, 0, 0, 0, 0, 0, 0, 0, 0, 0, 0, 0, 0, 0, 0, 0, 0, 0, 0, 0, 0, 0, 0, 0, 0, 0, 0, 0, 0, 0, 0, 0, 0, 0, 0, 0, 0, 0, 0, 0, 0, 0, 0, 0, 0, 0, 0, 0, 0, 0, 0, 0, 0, 0, 0, 0, 0, 0, 0, 0, 0, 0, 0, 0, 0, 0, 0, 0, 0, 0, 0, 0, 0, 0, 0, 0, 0, 0, 0, 0, 0, 0, 0, 0, 0, 0, 0, 0, 0, 0, 0, 0
39, 63, 80, 88, 89, 85, 78, 71, 63, 53, 44, 34, 27, 21, 16, 12, 7, 2, -3, -10, -17, -24, -31, -38, -43, -48, -51, -53, -55, -57, -58, -59, -60, -60, -60, -60, -60, -59, -54, -41, -19, 9, 37, 61, 76, 84, 85, 82, 78, 74, 68, 60, 52, 43, 35, 29, 23, 18, 13, 8, 1, -5, -12, -19, -25, -31, -35, -39, -43, -46, -48, -50, -52, -53, -54, -55, -56, -57, -53, -43, -23, 3, 32, 57, 74, 83, 84, 82, 77, 72, 65, 57, 48, 40, 32, 26, 20, 16, 11, 6, 0, -5, -12, -19, -26, -32, -37, -42, -47, -51, -54, -57, -60, -62, -63, -65, -66, -65, -59, -44, -22, 2, 0, 0, 0, 0, 0, 0, 0, 0, 0, 0, 0, 0, 0, 0, 0, 0, 0, 0, 0, 0, 0, 0, 0, 0, 0, 0, 0, 0, 0, 0, 0, 0, 0, 0, 0, 0, 0, 0, 0, 0, 0, 0, 0, 0, 0, 0, 0, 0, 0, 0, 0, 0, 0, 0, 0, 0, 0, 0, 0, 0, 0, 0, 0, 0, 0, 0, 0, 0, 0, 0, 0, 0, 0, 0, 0, 0, 0, 0, 0, 0, 0, 0, 0, 0, 0, 0, 0, 0, 0, 0, 0, 0, 0, 0, 0, 0, 0, 0, 0, 0, 0, 0, 0, 0, 0, 0, 0, 0, 0, 0, 0, 0, 0, 0, 0, 0, 0, 0, 0, 0, 0, 0, 0, 0, 0, 0, 0, 0, 0, 0, 0, 0, 0, 0, 0, 0, 0, 0, 0, 0, 0, 0, 0, 0, 0, 0, 0, 0, 0, 0, 0, 0, 0, 0, 0, 0, 0, 0, 0, 0, 0, 0, 0, 0, 0, 0, 0, 0, 0, 0, 0, 0, 0, 0, 0, 0, 0, 0
78, 97, 107, 108, 103, 97, 89, 82, 73, 63, 52, 43, 35, 29, 23, 18, 11, 5, -2, -9, -16, -23, -28, -33, -38, -41, -45, -48, -50, -53, -55, -57, -58, -60, -60, -61, -60, -53, -37, -12, 17, 47, 70, 84, 88, 87, 83, 77, 70, 62, 53, 44, 35, 28, 22, 18, 13, 8, 3, -3, -10, -17, -24, -30, -36, -41, -45, -49, -52, -55, -58, -61, -63, -65, -66, -68, -69, -70, -69, -61, -44, -20, 7, 33, 51, 61, 64, 61, 57, 51, 45, 38, 31, 23, 17, 13, 10, 7, 4, 0, -4, -10, -16, -22, -27, -31, -34, -37, -39, -40, -41, -41, -42, -42, -42, -42, -42, -42, -42, -40, -31, -14, 8, 0, 0, 0, 0, 0, 0, 0, 0, 0, 0, 0, 0, 0, 0, 0, 0, 0, 0, 0, 0, 0, 0, 0, 0, 0, 0, 0, 0, 0, 0, 0, 0, 0, 0, 0, 0, 0, 0, 0, 0, 0, 0, 0, 0, 0, 0, 0, 0, 0, 0, 0, 0, 0, 0, 0, 0, 0, 0, 0, 0, 0, 0, 0, 0, 0, 0, 0, 0, 0, 0, 0, 0, 0, 0, 0, 0, 0, 0, 0, 0, 0, 0, 0, 0, 0, 0, 0, 0, 0, 0, 0, 0, 0, 0, 0, 0, 0, 0, 0, 0, 0, 0, 0, 0, 0, 0, 0, 0, 0, 0, 0, 0, 0, 0, 0, 0, 0, 0, 0, 0, 0, 0, 0, 0, 0, 0, 0, 0, 0, 0, 0, 0, 0, 0, 0, 0, 0, 0, 0, 0, 0, 0, 0, 0, 0, 0, 0, 0, 0, 0, 0, 0, 0, 0, 0, 0, 0, 0, 0, 0, 0, 0, 0, 0, 0, 0, 0, 0, 0, 0, 0, 0, 0, 0, 0, 0, 0
-5, -6, -8, -10, -14, -19, -24, -29, -34, -39, -42, -45, -47, -48, -49, -49, -50, -50, -49, -49, -49, -48, -48, -48, -46, -41, -27, -7, 17, 40, 56, 63, 63, 57, 50, 42, 34, 28, 22, 17, 13, 10, 9, 7, 5, 2, -1, -6, -11, -15, -19, -23, -25, -27, -29, -30, -31, -33, -34, -34, -35, -34, -34, -34, -34, -34, -33, -33, -31, -25, -10, 12, 39, 64, 81, 89, 90, 86, 79, 72, 65, 58, 50, 42, 35, 30, 25, 21, 17, 13, 8, 2, -3, -10, -16, -21, -26, -30, -33, -36, -38, -40, -42, -44, -45, -46, -46, -46, -46, -46, -46, -46, -46, -45, -41, -29, -7, 0, 0, 0, 0, 0, 0, 0, 0, 0, 0, 0, 0, 0, 0, 0, 0, 0, 0, 0, 0, 0, 0, 0, 0, 0, 0, 0, 0, 0, 0, 0, 0, 0, 0, 0, 0, 0, 0, 0, 0, 0, 0, 0, 0, 0, 0, 0, 0, 0, 0, 0, 0, 0, 0, 0, 0, 0, 0, 0, 0, 0, 0, 0, 0, 0, 0, 0, 0, 0, 0, 0, 0, 0, 0, 0, 0, 0, 0, 0, 0, 0, 0, 0, 0, 0, 0, 0, 0, 0, 0, 0, 0, 0, 0, 0, 0, 0, 0, 0, 0, 0, 0, 0, 0, 0, 0, 0, 0, 0, 0, 0, 0, 0, 0, 0, 0, 0, 0, 0, 0, 0, 0, 0, 0, 0, 0, 0, 0, 0, 0, 0, 0, 0, 0, 0, 0, 0, 0, 0, 0, 0, 0, 0, 0, 0, 0, 0, 0, 0, 0, 0, 0, 0, 0, 0, 0, 0, 0, 0, 0, 0, 0, 0, 0, 0, 0, 0, 0, 0, 0, 0, 0, 0, 0, 0, 0, 0, 0, 0, 0, 0, 0, 0
10, 42, 67, 83, 89, 89, 84, 79, 72, 66, 58, 49, 41, 33, 26, 21, 16, 12, 7, 1, -5, -11, -18, -24, -29, -34, -37, -40, -43, -45, -46, -48, -48, -49, -49, -49, -49, -49, -48, -48, -47, -43, -32, -11, 17, 46, 70, 86, 92, 91, 86, 80, 73, 66, 58, 49, 40, 32, 25, 19, 14, 9, 3, -2, -8, -15, -22, -28, -33, -38, -41, -44, -47, -48, -49, -50, -50, -50, -50, -50, -49, -49, -49, -49, -47, -39, -22, 3, 31, 55, 72, 81, 81, 77, 71, 64, 58, 51, 44, 37, 31, 27, 24, 21, 18, 13, 8, 2, -4, -11, -17, -23, -28, -32, -35, -38, -40, -41, -42, -43, -44, -44, -44, -44, -44, -42, -34, -19, 3, 0, 0, 0, 0, 0, 0, 0, 0, 0, 0, 0, 0, 0, 0, 0, 0, 0, 0, 0, 0, 0, 0, 0, 0, 0, 0, 0, 0, 0, 0, 0, 0, 0, 0, 0, 0, 0, 0, 0, 0, 0, 0, 0, 0, 0, 0, 0, 0, 0, 0, 0, 0, 0, 0, 0, 0, 0, 0, 0, 0, 0, 0, 0, 0, 0, 0, 0, 0, 0, 0, 0, 0, 0, 0, 0, 0, 0, 0, 0, 0, 0, 0, 0, 0, 0, 0, 0, 0, 0, 0, 0, 0, 0, 0, 0, 0, 0, 0, 0, 0, 0, 0, 0, 0, 0, 0, 0, 0, 0, 0, 0, 0, 0, 0, 0, 0, 0, 0, 0, 0, 0, 0, 0, 0, 0, 0, 0, 0, 0, 0, 0, 0, 0, 0, 0, 0, 0, 0, 0, 0, 0, 0, 0, 0, 0, 0, 0, 0, 0, 0, 0, 0, 0, 0, 0, 0, 0, 0, 0, 0, 0, 0, 0, 0, 0, 0, 0, 0, 0, 0, 0
69, 82, 87, 87, 83, 78, 70, 61, 50, 38, 27, 18, 11, 6, 1, -2, -8, -13, -19, -25, -31, -36, -41, -46, -49, -52, -54, -55, -55, -55, -55, -54, -53, -52, -51, -51, -50, -47, -37, -19, 6, 34, 59, 77, 86, 88, 86, 81, 75, 68, 59, 50, 41, 34, 28, 23, 20, 16, 11, 5, -1, -7, -14, -20, -25, -29, -33, -36, -38, -40, -41, -41, -42, -42, -42, -43, -43, -42, -36, -22, 0, 25, 49, 67, 78, 81, 80, 75, 70, 62, 54, 44, 35, 26, 20, 14, 10, 6, 1, -4, -10, -17, -23, -29, -34, -38, -41, -43, -45, -46, -46, -46, -45, -45, -44, -44, -43, -43, -42, -40, -33, -18, 4, 0, 0, 0, 0, 0, 0, 0, 0, 0, 0, 0, 0, 0, 0, 0, 0, 0, 0, 0, 0, 0, 0, 0, 0, 0, 0, 0, 0, 0, 0, 0, 0, 0, 0, 0, 0, 0, 0, 0, 0, 0, 0, 0, 0, 0, 0, 0, 0, 0, 0, 0, 0, 0, 0, 0, 0, 0, 0, 0, 0, 0, 0, 0, 0, 0, 0, 0, 0, 0, 0, 0, 0, 0, 0, 0, 0, 0, 0, 0, 0, 0, 0, 0, 0, 0, 0, 0, 0, 0, 0, 0, 0, 0, 0, 0, 0, 0, 0, 0, 0, 0, 0, 0, 0, 0, 0, 0, 0, 0, 0, 0, 0, 0, 0, 0, 0, 0, 0, 0, 0, 0, 0, 0, 0, 0, 0, 0, 0, 0, 0, 0, 0, 0, 0, 0, 0, 0, 0, 0, 0, 0, 0, 0, 0, 0, 0, 0, 0, 0, 0, 0, 0, 0, 0, 0, 0, 0, 0, 0, 0, 0, 0, 0, 0, 0, 0, 0, 0, 0, 0, 0, 0, 0, 0, 0, 0, 0
224, 212, 198, 185, 172, 159, 148, 139, 130, 120, 110, 100, 89, 78, 67, 57, 48, 40, 32, 24, 17, 10, 4, 0, -4, -8, -11, -15, -17, -18, -13, 0, 18, 39, 57, 68, 72, 70, 64, 56, 48, 39, 30, 21, 14, 8, 4, 1, -1, -4, -7, -12, -18, -23, -28, -33, -37, -41, -43, -45, -47, -47, -48, -49, -49, -50, -50, -50, -46, -36, -18, 4, 27, 45, 55, 58, 55, 49, 42, 34, 26, 18, 11, 6, 2, 0, -2, -4, -6, -10, -14, -19, -24, -28, -32, -36, -39, -41, -43, -45, -46, -46, -46, -46, -45, -44, -43, -42, -39, -31, -15, 9, 36, 60, 77, 85, 86, 82, 75, 68, 61, 52, 44, 36, 28, 22, 17, 13, 9, 5, 0, -5, -11, -16, -22, -27, -31, -35, -38, -40, -42, -43, -44, -45, -45, -45, -44, -44, -43, -41, -33, -17, 5, 0, 0, 0, 0, 0, 0, 0, 0, 0, 0, 0, 0, 0, 0, 0, 0, 0, 0, 0, 0, 0, 0, 0, 0, 0, 0, 0, 0, 0, 0, 0, 0, 0, 0, 0, 0, 0, 0, 0, 0, 0, 0, 0, 0, 0, 0, 0, 0, 0, 0, 0, 0, 0, 0, 0, 0, 0, 0, 0, 0, 0, 0, 0, 0, 0, 0, 0, 0, 0, 0, 0, 0, 0, 0, 0, 0, 0, 0, 0, 0, 0, 0, 0, 0, 0, 0, 0, 0, 0, 0, 0, 0, 0, 0, 0, 0, 0, 0, 0, 0, 0, 0, 0, 0, 0, 0, 0, 0, 0, 0, 0, 0, 0, 0, 0, 0, 0, 0, 0, 0, 0, 0, 0, 0, 0, 0, 0, 0, 0, 0, 0, 0, 0, 0, 0, 0, 0, 0, 0, 0, 0, 0, 0, 0, 0, 0, 0
15, 43, 63, 73, 74, 69, 60, 51, 43, 34, 26, 18, 12, 7, 4, 1, -1, -5, -10, -16, -22, -27, -32, -37, -40, -43, -45, -48, -49, -51, -52, -52, -51, -50, -49, -47, -45, -43, -37, -22, 2, 33, 64, 88, 101, 105, 102, 95, 87, 79, 70, 59, 48, 38, 29, 22, 17, 12, 7, 1, -5, -12, -19, -26, -32, -37, -42, -45, -48, -50, -51, -52, -53, -53, -52, -51, -50, -49, -49, -47, -41, -27, -2, 28, 58, 82, 96, 101, 98, 92, 85, 77, 68, 58, 47, 36, 26, 19, 13, 8, 2, -2, -8, -15, -22, -29, -35, -40, -45, -49, -52, -55, -56, -57, -58, -58, -58, -57, -56, -55, -54, -54, -51, -42, -23, 3, 0, 0, 0, 0, 0, 0, 0, 0, 0, 0, 0, 0, 0, 0, 0, 0, 0, 0, 0, 0, 0, 0, 0, 0, 0, 0, 0, 0, 0, 0, 0, 0, 0, 0, 0, 0, 0, 0, 0, 0, 0, 0, 0, 0, 0, 0, 0, 0, 0, 0, 0, 0, 0, 0, 0, 0, 0, 0, 0, 0, 0, 0, 0, 0, 0, 0, 0, 0, 0, 0, 0, 0, 0, 0, 0, 0, 0, 0, 0, 0, 0, 0, 0, 0, 0, 0, 0, 0, 0, 0, 0, 0, 0, 0, 0, 0, 0, 0, 0, 0, 0, 0, 0, 0, 0, 0, 0, 0, 0, 0, 0, 0, 0, 0, 0, 0, 0, 0, 0, 0, 0, 0, 0, 0, 0, 0, 0, 0, 0, 0, 0, 0, 0, 0, 0, 0, 0, 0, 0, 0, 0, 0, 0, 0, 0, 0, 0, 0, 0, 0, 0, 0, 0, 0, 0, 0, 0, 0, 0, 0, 0, 0, 0, 0, 0, 0, 0, 0, 0, 0, 0, 0, 0, 0
168, 165, 148, 126, 104, 85, 66, 47, 29, 12, 0, -7, -11, -13, -15, -17, -19, -20, -22, -24, -25, -27, -28, -30, -30, -30, -30, -29, -28, -27, -26, -25, -24, -23, -23, -22, -19, -6, 22, 63, 103, 128, 133, 123, 103, 81, 60, 42, 26, 12, 1, -5, -9, -11, -12, -14, -18, -22, -27, -33, -39, -44, -47, -49, -50, -51, -50, -49, -47, -45, -44, -42, -40, -39, -37, -35, -33, -29, -19, 4, 45, 94, 133, 154, 155, 142, 121, 100, 80, 61, 42, 24, 7, -5, -13, -17, -19, -21, -22, -25, -30, -35, -40, -44, -48, -50, -51, -51, -50, -49, -47, -45, -43, -42, -41, -41, -40, -39, -37, -35, -30, -15, 17, 0, 0, 0, 0, 0, 0, 0, 0, 0, 0, 0, 0, 0, 0, 0, 0, 0, 0, 0, 0, 0, 0, 0, 0, 0, 0, 0, 0, 0, 0, 0, 0, 0, 0, 0, 0, 0, 0, 0, 0, 0, 0, 0, 0, 0, 0, 0, 0, 0, 0, 0, 0, 0, 0, 0, 0, 0, 0, 0, 0, 0, 0, 0, 0, 0, 0, 0, 0, 0, 0, 0, 0, 0, 0, 0, 0, 0, 0, 0, 0, 0, 0, 0, 0, 0, 0, 0, 0, 0, 0, 0, 0, 0, 0, 0, 0, 0, 0, 0, 0, 0, 0, 0, 0, 0, 0, 0, 0, 0, 0, 0, 0, 0, 0, 0, 0, 0, 0, 0, 0, 0, 0, 0, 0, 0, 0, 0, 0, 0, 0, 0, 0, 0, 0, 0, 0, 0, 0, 0, 0, 0, 0, 0, 0, 0, 0, 0, 0, 0, 0, 0, 0, 0, 0, 0, 0, 0, 0, 0, 0, 0, 0, 0, 0, 0, 0, 0, 0, 0, 0, 0, 0, 0, 0, 0, 0, 0
-60, -67, -72, -75, -77, -78, -79, -79, -78, -77, -76, -75, -74, -73, -72, -70, -68, -60, -37, 5, 58, 106, 136, 145, 136, 118, 96, 75, 57, 41, 26, 11, 0, -8, -13, -17, -20, -24, -30, -38, -47, -55, -63, -70, -75, -77, -79, -79, -78, -77, -76, -74, -72, -70, -67, -63, -59, -55, -51, -43, -22, 19, 74, 125, 158, 169, 160, 140, 115, 91, 69, 49, 30, 13, 0, -6, -8, -7, -6, -7, -9, -14, -21, -29, -36, -42, -47, -49, -49, -48, -45, -42, -39, -37, -36, -34, -32, -31, -30, -25, -4, 34, 0, 0, 0, 0, 0, 0, 0, 0, 0, 0, 0, 0, 0, 0, 0, 0, 0, 0, 0, 0, 0, 0, 0, 0, 0, 0, 0, 0, 0, 0, 0, 0, 0, 0, 0, 0, 0, 0, 0, 0, 0, 0, 0, 0, 0, 0, 0, 0, 0, 0, 0, 0, 0, 0, 0, 0, 0, 0, 0, 0, 0, 0, 0, 0, 0, 0, 0, 0, 0, 0, 0, 0, 0, 0, 0, 0, 0, 0, 0, 0, 0, 0, 0, 0, 0, 0, 0, 0, 0, 0, 0, 0, 0, 0, 0, 0, 0, 0, 0, 0, 0, 0, 0, 0, 0, 0, 0, 0, 0, 0, 0, 0, 0, 0, 0, 0, 0, 0, 0, 0, 0, 0, 0, 0, 0, 0, 0, 0, 0, 0, 0, 0, 0, 0, 0, 0, 0, 0, 0, 0, 0, 0, 0, 0, 0, 0, 0, 0, 0, 0, 0, 0, 0, 0, 0, 0, 0, 0, 0, 0, 0, 0, 0, 0, 0, 0, 0, 0, 0, 0, 0, 0, 0, 0, 0, 0, 0, 0, 0, 0, 0, 0, 0, 0, 0, 0, 0, 0, 0, 0, 0, 0, 0, 0, 0, 0, 0, 0
-53, 13, 80, 131, 156, 156, 139, 113, 87, 62, 39, 16, -5, -23, -34, -39, -40, -39, -39, -41, -47, -55, -63, -71, -76, -79, -81, -82, -81, -79, -76, -72, -67, -61, -56, -51, -41, -18, 26, 88, 148, 191, 208, 202, 178, 145, 111, 78, 48, 22, 2, -10, -15, -15, -13, -12, -14, -19, -27, -36, -46, -55, -63, -69, -72, -73, -74, -73, -72, -71, -69, -66, -64, -63, -59, -44, -5, 55, 123, 179, 211, 218, 206, 183, 156, 129, 100, 70, 38, 7, -18, -37, -47, -52, -52, -52, -52, -53, -55, -57, -58, -58, -58, -56, -54, -52, -49, -47, -46, -44, -44, -43, -42, -42, -42, -37, -13, 35, 0, 0, 0, 0, 0, 0, 0, 0, 0, 0, 0, 0, 0, 0, 0, 0, 0, 0, 0, 0, 0, 0, 0, 0, 0, 0, 0, 0, 0, 0, 0, 0, 0, 0, 0, 0, 0, 0, 0, 0, 0, 0, 0, 0, 0, 0, 0, 0, 0, 0, 0, 0, 0, 0, 0, 0, 0, 0, 0, 0, 0, 0, 0, 0, 0, 0, 0, 0, 0, 0, 0, 0, 0, 0, 0, 0, 0, 0, 0, 0, 0, 0, 0, 0, 0, 0, 0, 0, 0, 0, 0, 0, 0, 0, 0, 0, 0, 0, 0, 0, 0, 0, 0, 0, 0, 0, 0, 0, 0, 0, 0, 0, 0, 0, 0, 0, 0, 0, 0, 0, 0, 0, 0, 0, 0, 0, 0, 0, 0, 0, 0, 0, 0, 0, 0, 0, 0, 0, 0, 0, 0, 0, 0, 0, 0, 0, 0, 0, 0, 0, 0, 0, 0, 0, 0, 0, 0, 0, 0, 0, 0, 0, 0, 0, 0, 0, 0, 0, 0, 0, 0, 0, 0, 0, 0, 0, 0, 0, 0, 0, 0, 0
132, 102, 75, 53, 35, 20, 11, 7, 8, 10, 11, 9, 4, -4, -15, -27, -39, -50, -59, -66, -70, -72, -73, -72, -71, -68, -65, -62, -59, -57, -55, -50, -33, 6, 64, 123, 166, 185, 181, 161, 134, 106, 82, 60, 40, 22, 9, 1, -2, -4, -7, -11, -18, -28, -39, -51, -62, -71, -77, -81, -81, -81, -79, -77, -75, -73, -71, -69, -66, -64, -62, -60, -54, -36, 4, 64, 127, 174, 195, 194, 175, 149, 122, 97, 75, 55, 37, 22, 10, 4, 0, -2, -6, -12, -21, -32, -44, -56, -66, -74, -80, -84, -86, -86, -86, -85, -84, -82, -80, -77, -75, -72, -69, -67, -59, -36, 10, 0, 0, 0, 0, 0, 0, 0, 0, 0, 0, 0, 0, 0, 0, 0, 0, 0, 0, 0, 0, 0, 0, 0, 0, 0, 0, 0, 0, 0, 0, 0, 0, 0, 0, 0, 0, 0, 0, 0, 0, 0, 0, 0, 0, 0, 0, 0, 0, 0, 0, 0, 0, 0, 0, 0, 0, 0, 0, 0, 0, 0, 0, 0, 0, 0, 0, 0, 0, 0, 0, 0, 0, 0, 0, 0, 0, 0, 0, 0, 0, 0, 0, 0, 0, 0, 0, 0, 0, 0, 0, 0, 0, 0, 0, 0, 0, 0, 0, 0, 0, 0, 0, 0, 0, 0, 0, 0, 0, 0, 0, 0, 0, 0, 0, 0, 0, 0, 0, 0, 0, 0, 0, 0, 0, 0, 0, 0, 0, 0, 0, 0, 0, 0, 0, 0, 0, 0, 0, 0, 0, 0, 0, 0, 0, 0, 0, 0, 0, 0, 0, 0, 0, 0, 0, 0, 0, 0, 0, 0, 0, 0, 0, 0, 0, 0, 0, 0, 0, 0, 0, 0, 0, 0, 0, 0, 0, 0, 0, 0, 0, 0, 0, 0
-27, -31, -35, -43, -52, -62, -72, -80, -86, -90, -92, -93, -93, -91, -88, -85, -82, -80, -77, -75, -74, -73, -73, -65, -39, 11, 76, 136, 178, 195, 190, 171, 146, 120, 94, 70, 46, 25, 7, -3, -10, -14, -17, -22, -29, -39, -50, -61, -72, -81, -88, -91, -93, -91, -89, -85, -80, -76, -71, -66, -61, -57, -54, -47, -25, 18, 79, 139, 181, 200, 196, 176, 150, 122, 96, 71, 45, 22, 3, -9, -16, -20, -23, -27, -33, -41, -51, -60, -68, -75, -81, -84, -86, -87, -87, -87, -86, -84, -80, -77, -73, -70, -67, -66, -59, -37, 8, 0, 0, 0, 0, 0, 0, 0, 0, 0, 0, 0, 0, 0, 0, 0, 0, 0, 0, 0, 0, 0, 0, 0, 0, 0, 0, 0, 0, 0, 0, 0, 0, 0, 0, 0, 0, 0, 0, 0, 0, 0, 0, 0, 0, 0, 0, 0, 0, 0, 0, 0, 0, 0, 0, 0, 0, 0, 0, 0, 0, 0, 0, 0, 0, 0, 0, 0, 0, 0, 0, 0, 0, 0, 0, 0, 0, 0, 0, 0, 0, 0, 0, 0, 0, 0, 0, 0, 0, 0, 0, 0, 0, 0, 0, 0, 0, 0, 0, 0, 0, 0, 0, 0, 0, 0, 0, 0, 0, 0, 0, 0, 0, 0, 0, 0, 0, 0, 0, 0, 0, 0, 0, 0, 0, 0, 0, 0, 0, 0, 0, 0, 0, 0, 0, 0, 0, 0, 0, 0, 0, 0, 0, 0, 0, 0, 0, 0, 0, 0, 0, 0, 0, 0, 0, 0, 0, 0, 0, 0, 0, 0, 0, 0, 0, 0, 0, 0, 0, 0, 0, 0, 0, 0, 0, 0, 0, 0, 0, 0, 0, 0, 0, 0, 0, 0, 0, 0, 0, 0, 0, 0, 0, 0
69, 133, 174, 190, 184, 165, 142, 118, 95, 72, 48, 25, 6, -5, -13, -18, -22, -29, -38, -50, -63, -76, -89, -99, -107, -114, -119, -122, -124, -124, -122, -120, -117, -113, -109, -105, -101, -97, -91, -71, -26, 44, 122, 187, 226, 237, 228, 207, 182, 157, 133, 108, 81, 53, 29, 10, -1, -8, -13, -17, -24, -33, -44, -57, -70, -83, -96, -106, -114, -117, -117, -114, -110, -105, -100, -95, -91, -87, -84, -81, -69, -37, 23, 99, 169, 217, 238, 236, 221, 198, 175, 150, 125, 98, 72, 49, 32, 20, 12, 5, -3, -14, -27, -43, -59, -75, -89, -101, -110, -117, -121, -123, -123, -122, -120, -117, -113, -109, -105, -101, -92, -67, -14, 0, 0, 0, 0, 0, 0, 0, 0, 0, 0, 0, 0, 0, 0, 0, 0, 0, 0, 0, 0, 0, 0, 0, 0, 0, 0, 0, 0, 0, 0, 0, 0, 0, 0, 0, 0, 0, 0, 0, 0, 0, 0, 0, 0, 0, 0, 0, 0, 0, 0, 0, 0, 0, 0, 0, 0, 0, 0, 0, 0, 0, 0, 0, 0, 0, 0, 0, 0, 0, 0, 0, 0, 0, 0, 0, 0, 0, 0, 0, 0, 0, 0, 0, 0, 0, 0, 0, 0, 0, 0, 0, 0, 0, 0, 0, 0, 0, 0, 0, 0, 0, 0, 0, 0, 0, 0, 0, 0, 0, 0, 0, 0, 0, 0, 0, 0, 0, 0, 0, 0, 0, 0, 0, 0, 0, 0, 0, 0, 0, 0, 0, 0, 0, 0, 0, 0, 0, 0, 0, 0, 0, 0, 0, 0, 0, 0, 0, 0, 0, 0, 0, 0, 0, 0, 0, 0, 0, 0, 0, 0, 0, 0, 0, 0, 0, 0, 0, 0, 0, 0, 0, 0, 0, 0, 0, 0, 0
-91, -85, -79, -74, -67, -54, -35, -17, -3, 2, 2, 0, -2, -5, -10, -15, -20, -25, -28, -30, -30, -30, -30, -29, -29, -29, -29, -29, -29, -29, -29, -29, -29, -28, -27, -26, -25, -25, -25, -25, -25, -24, -21, -11, 6, 26, 43, 51, 50, 43, 34, 25, 18, 11, 4, -3, -9, -14, -18, -20, -20, -21, -22, -23, -25, -27, -30, -31, -32, -32, -32, -32, -31, -31, -30, -28, -27, -25, -24, -22, -21, -19, -16, -6, 12, 37, 61, 75, 79, 75, 66, 56, 47, 39, 30, 21, 12, 4, -2, -7, -9, -11, -12, -15, -18, -22, -26, -29, -32, -33, -34, -34, -34, -33, -32, -32, -31, -30, -29, -27, -25, -22, -19, -15, -9, 0, 17, 0, 0, 0, 0, 0, 0, 0, 0, 0, 0, 0, 0, 0, 0, 0, 0, 0, 0, 0, 0, 0, 0, 0, 0, 0, 0, 0, 0, 0, 0, 0, 0, 0, 0, 0, 0, 0, 0, 0, 0, 0, 0, 0, 0, 0, 0, 0, 0, 0, 0, 0, 0, 0, 0, 0, 0, 0, 0, 0, 0, 0, 0, 0, 0, 0, 0, 0, 0, 0, 0, 0, 0, 0, 0, 0, 0, 0, 0, 0, 0, 0, 0, 0, 0, 0, 0, 0, 0, 0, 0, 0, 0, 0, 0, 0, 0, 0, 0, 0, 0, 0, 0, 0, 0, 0, 0, 0, 0, 0, 0, 0, 0, 0, 0, 0, 0, 0, 0, 0, 0, 0, 0, 0, 0, 0, 0, 0, 0, 0, 0, 0, 0, 0, 0, 0, 0, 0, 0, 0, 0, 0, 0, 0, 0, 0, 0, 0, 0, 0, 0, 0, 0, 0, 0, 0, 0, 0, 0, 0, 0, 0, 0, 0, 0, 0, 0, 0, 0, 0, 0, 0, 0, 0
-9, -11, -11, -11, -11, -12, -14, -16, -17, -19, -20, -20, -20, -19, -18, -16, -15, -14, -13, -13, -12, -9, -1, 13, 33, 52, 61, 60, 52, 40, 29, 19, 11, 5, 0, -6, -11, -14, -15, -14, -14, -14, -15, -16, -17, -18, -18, -19, -19, -18, -18, -17, -16, -14, -13, -11, -10, -9, -7, -4, 1, 15, 36, 61, 79, 86, 81, 69, 56, 45, 36, 29, 20, 11, 3, -3, -9, -14, -18, -22, -24, -26, -27, -27, -28, -28, -28, -29, -29, -30, -31, -31, -31, -32, -32, -32, -31, -30, -28, -26, -20, -9, 4, 0, 0, 0, 0, 0, 0, 0, 0, 0, 0, 0, 0, 0, 0, 0, 0, 0, 0, 0, 0, 0, 0, 0, 0, 0, 0, 0, 0, 0, 0, 0, 0, 0, 0, 0, 0, 0, 0, 0, 0, 0, 0, 0, 0, 0, 0, 0, 0, 0, 0, 0, 0, 0, 0, 0, 0, 0, 0, 0, 0, 0, 0, 0, 0, 0, 0, 0, 0, 0, 0, 0, 0, 0, 0, 0, 0, 0, 0, 0, 0, 0, 0, 0, 0, 0, 0, 0, 0, 0, 0, 0, 0, 0, 0, 0, 0, 0, 0, 0, 0, 0, 0, 0, 0, 0, 0, 0, 0, 0, 0, 0, 0, 0, 0, 0, 0, 0, 0, 0, 0, 0, 0, 0, 0, 0, 0, 0, 0, 0, 0, 0, 0, 0, 0, 0, 0, 0, 0, 0, 0, 0, 0, 0, 0, 0, 0, 0, 0, 0, 0, 0, 0, 0, 0, 0, 0, 0, 0, 0, 0, 0, 0, 0, 0, 0, 0, 0, 0, 0, 0, 0, 0, 0, 0, 0, 0, 0, 0, 0, 0, 0, 0, 0, 0, 0, 0, 0, 0, 0, 0, 0, 0, 0, 0, 0, 0, 0
45, 45, 42, 39, 34, 29, 24, 19, 14, 11, 10, 10, 12, 13, 14, 14, 13, 12, 11, 10, 9, 8, 6, 5, 4, 2, 1, 0, 1, 2, 3, 2, 1, 0, -2, -5, -8, -12, -17, -22, -27, -30, -30, -28, -24, -20, -16, -10, -4, 2, 9, 15, 19, 21, 22, 21, 19, 13, 6, -2, -10, -15, -17, -16, -14, -12, -11, -10, -6, 0, 7, 13, 16, 16, 15, 13, 11, 10, 10, 9, 9, 8, 7, 6, 5, 4, 2, 1, 0, 2, 4, 7, 11, 19, 31, 44, 53, 55, 50, 39, 26, 11, -2, -15, -26, -35, -42, -47, -51, -52, -52, -49, -45, -40, -33, -25, -18, -14, -11, -9, -9, -10, -13, -15, -16, -16, -17, -19, -20, -20, -20, -19, -17, -16, -13, -8, 0, 12, 0, 0, 0, 0, 0, 0, 0, 0, 0, 0, 0, 0, 0, 0, 0, 0, 0, 0, 0, 0, 0, 0, 0, 0, 0, 0, 0, 0, 0, 0, 0, 0, 0, 0, 0, 0, 0, 0, 0, 0, 0, 0, 0, 0, 0, 0, 0, 0, 0, 0, 0, 0, 0, 0, 0, 0, 0, 0, 0, 0, 0, 0, 0, 0, 0, 0, 0, 0, 0, 0, 0, 0, 0, 0, 0, 0, 0, 0, 0, 0, 0, 0, 0, 0, 0, 0, 0, 0, 0, 0, 0, 0, 0, 0, 0, 0, 0, 0, 0, 0, 0, 0, 0, 0, 0, 0, 0, 0, 0, 0, 0, 0, 0, 0, 0, 0, 0, 0, 0, 0, 0, 0, 0, 0, 0, 0, 0, 0, 0, 0, 0, 0, 0, 0, 0, 0, 0, 0, 0, 0, 0, 0, 0, 0, 0, 0, 0, 0, 0, 0, 0, 0, 0, 0, 0, 0, 0, 0, 0, 0, 0, 0
11, 21, 27, 28, 26, 23, 18, 14, 10, 7, 3, 0, -1, -3, -4, -5, -5, -5, -5, -5, -5, -6, -7, -8, -10, -10, -11, -12, -13, -14, -15, -15, -16, -16, -15, -15, -14, -13, -9, -2, 7, 18, 26, 29, 29, 26, 22, 18, 14, 10, 7, 3, 0, -3, -4, -5, -5, -5, -5, -5, -6, -7, -8, -9, -10, -10, -10, -10, -10, -10, -10, -10, -9, -8, -6, -5, -4, -4, -4, -2, 2, 12, 25, 38, 47, 50, 48, 43, 39, 34, 29, 25, 22, 21, 21, 22, 23, 22, 20, 16, 11, 5, 0, -7, -13, -18, -21, -24, -26, -28, -28, -28, -27, -26, -25, -24, -23, -23, -23, -21, -17, -9, 0, 0, 0, 0, 0, 0, 0, 0, 0, 0, 0, 0, 0, 0, 0, 0, 0, 0, 0, 0, 0, 0, 0, 0, 0, 0, 0, 0, 0, 0, 0, 0, 0, 0, 0, 0, 0, 0, 0, 0, 0, 0, 0, 0, 0, 0, 0, 0, 0, 0, 0, 0, 0, 0, 0, 0, 0, 0, 0, 0, 0, 0, 0, 0, 0, 0, 0, 0, 0, 0, 0, 0, 0, 0, 0, 0, 0, 0, 0, 0, 0, 0, 0, 0, 0, 0, 0, 0, 0, 0, 0, 0, 0, 0, 0, 0, 0, 0, 0, 0, 0, 0, 0, 0, 0, 0, 0, 0, 0, 0, 0, 0, 0, 0, 0, 0, 0, 0, 0, 0, 0, 0, 0, 0, 0, 0, 0, 0, 0, 0, 0, 0, 0, 0, 0, 0, 0, 0, 0, 0, 0, 0, 0, 0, 0, 0, 0, 0, 0, 0, 0, 0, 0, 0, 0, 0, 0, 0, 0, 0, 0, 0, 0, 0, 0, 0, 0, 0, 0, 0, 0, 0, 0, 0, 0, 0, 0, 0
0, 0, 1, 1, 1, 0, 0, -1, -3, -4, -4, -5, -5, -5, -5, -6, -6, -6, -6, -6, -6, -6, -5, -5, -4, -1, 3, 11, 20, 27, 30, 30, 26, 22, 18, 14, 11, 9, 6, 3, 1, 0, -2, -3, -3, -4, -4, -5, -6, -7, -7, -8, -8, -8, -8, -9, -10, -11, -13, -14, -16, -17, -18, -19, -18, -18, -18, -18, -17, -14, -6, 2, 11, 17, 20, 18, 15, 12, 8, 5, 3, 0, -3, -6, -8, -9, -8, -7, -6, -5, -5, -5, -7, -9, -11, -13, -15, -15, -14, -13, -11, -9, -7, -5, -3, 0, 0, 0, 1, 1, 5, 0, 0, 0, 0, 0, 0, 0, 0, 0, 0, 0, 0, 0, 0, 0, 0, 0, 0, 0, 0, 0, 0, 0, 0, 0, 0, 0, 0, 0, 0, 0, 0, 0, 0, 0, 0, 0, 0, 0, 0, 0, 0, 0, 0, 0, 0, 0, 0, 0, 0, 0, 0, 0, 0, 0, 0, 0, 0, 0, 0, 0, 0, 0, 0, 0, 0, 0, 0, 0, 0, 0, 0, 0, 0, 0, 0, 0, 0, 0, 0, 0, 0, 0, 0, 0, 0, 0, 0, 0, 0, 0, 0, 0, 0, 0, 0, 0, 0, 0, 0, 0, 0, 0, 0, 0, 0, 0, 0, 0, 0, 0, 0, 0, 0, 0, 0, 0, 0, 0, 0, 0, 0, 0, 0, 0, 0, 0, 0, 0, 0, 0, 0, 0, 0, 0, 0, 0, 0, 0, 0, 0, 0, 0, 0, 0, 0, 0, 0, 0, 0, 0, 0, 0, 0, 0, 0, 0, 0, 0, 0, 0, 0, 0, 0, 0, 0, 0, 0, 0, 0, 0, 0, 0, 0, 0, 0, 0, 0, 0, 0, 0, 0, 0, 0, 0, 0, 0, 0, 0
27, 30, 31, 30, 29, 27, 25, 22, 19, 15, 12, 9, 7, 5, 4, 2, 1, 0, -2, -5, -7, -10, -12, -14, -17, -18, -20, -21, -22, -23, -23, -23, -23, -22, -22, -21, -20, -19, -18, -14, -6, 6, 18, 29, 35, 38, 39, 38, 37, 35, 32, 29, 25, 21, 17, 13, 11, 8, 7, 5, 3, 1, 0, -2, -4, -7, -9, -12, -14, -16, -18, -19, -21, -22, -23, -23, -24, -23, -23, -22, -22, -21, -20, -17, -9, 2, 14, 23, 29, 31, 32, 31, 30, 28, 26, 22, 19, 15, 12, 9, 6, 4, 2, 0, 0, -2, -4, -7, -9, -10, -11, -13, -14, -15, -17, -18, -19, -19, -20, -21, -21, -21, -21, -21, -21, -19, -13, -3, 0, 0, 0, 0, 0, 0, 0, 0, 0, 0, 0, 0, 0, 0, 0, 0, 0, 0, 0, 0, 0, 0, 0, 0, 0, 0, 0, 0, 0, 0, 0, 0, 0, 0, 0, 0, 0, 0, 0, 0, 0, 0, 0, 0, 0, 0, 0, 0, 0, 0, 0, 0, 0, 0, 0, 0, 0, 0, 0, 0, 0, 0, 0, 0, 0, 0, 0, 0, 0, 0, 0, 0, 0, 0, 0, 0, 0, 0, 0, 0, 0, 0, 0, 0, 0, 0, 0, 0, 0, 0, 0, 0, 0, 0, 0, 0, 0, 0, 0, 0, 0, 0, 0, 0, 0, 0, 0, 0, 0, 0, 0, 0, 0, 0, 0, 0, 0, 0, 0, 0, 0, 0, 0, 0, 0, 0, 0, 0, 0, 0, 0, 0, 0, 0, 0, 0, 0, 0, 0, 0, 0, 0, 0, 0, 0, 0, 0, 0, 0, 0, 0, 0, 0, 0, 0, 0, 0, 0, 0, 0, 0, 0, 0, 0, 0, 0, 0, 0, 0, 0, 0, 0
29, 46, 65, 88, 115, 147, 178, 202, 214, 210, 195, 170, 139, 102, 60, 17, -22, -57, -85, -106, -119, -126, -129, -130, -129, -128, -125, -122, -117, -113, -108, -103, -97, -92, -86, -81, -76, -71, -66, -61, -53, -42, -28, -15, -5, 3, 9, 14, 18, 20, 21, 20, 18, 15, 13, 10, 9, 8, 7, 6, 5, 4, 3, 2, 1, 0, 0, -1, -2, -2, -2, -2, -2, -1, -1, -1, -1, -1, 0, 0, 0, 2, 8, 18, 31, 42, 50, 55, 56, 55, 53, 50, 47, 43, 37, 31, 26, 22, 18, 15, 12, 9, 5, 2, -1, -4, -7, -9, -11, -13, -14, -15, -16, -17, -17, -18, -19, -19, -19, -19, -18, -16, -12, -4, 7, 18, 0, 0, 0, 0, 0, 0, 0, 0, 0, 0, 0, 0, 0, 0, 0, 0, 0, 0, 0, 0, 0, 0, 0, 0, 0, 0, 0, 0, 0, 0, 0, 0, 0, 0, 0, 0, 0, 0, 0, 0, 0, 0, 0, 0, 0, 0, 0, 0, 0, 0, 0, 0, 0, 0, 0, 0, 0, 0, 0, 0, 0, 0, 0, 0, 0, 0, 0, 0, 0, 0, 0, 0, 0, 0, 0, 0, 0, 0, 0, 0, 0, 0, 0, 0, 0, 0, 0, 0, 0, 0, 0, 0, 0, 0, 0, 0, 0, 0, 0, 0, 0, 0, 0, 0, 0, 0, 0, 0, 0, 0, 0, 0, 0, 0, 0, 0, 0, 0, 0, 0, 0, 0, 0, 0, 0, 0, 0, 0, 0, 0, 0, 0, 0, 0, 0, 0, 0, 0, 0, 0, 0, 0, 0, 0, 0, 0, 0, 0, 0, 0, 0, 0, 0, 0, 0, 0, 0, 0, 0, 0, 0, 0, 0, 0, 0, 0, 0, 0, 0, 0, 0, 0, 0, 0
-13, -12, -11, -10, -9, -8, -4, 2, 13, 26, 37, 46, 50, 51, 49, 46, 42, 35, 27, 19, 12, 6, 1, -1, -3, -5, -7, -9, -10, -12, -13, -15, -16, -17, -18, -18, -18, -18, -17, -16, -16, -15, -15, -14, -13, -12, -10, -6, 1, 11, 22, 30, 35, 38, 39, 38, 36, 33, 28, 22, 16, 11, 6, 3, 0, -1, -4, -6, -8, -11, -13, -15, -17, -19, -20, -21, -22, -22, -22, -22, -22, -21, -21, -20, -19, -18, -18, -17, -16, -14, -9, 0, 10, 21, 30, 35, 38, 38, 38, 37, 34, 30, 24, 19, 13, 7, 3, 0, -4, -7, -11, -13, -16, -17, -19, -20, -21, -21, -22, -22, -22, -21, -21, -21, -21, -20, -20, -19, -19, -18, -18, -17, -15, -12, -4, 6, 0, 0, 0, 0, 0, 0, 0, 0, 0, 0, 0, 0, 0, 0, 0, 0, 0, 0, 0, 0, 0, 0, 0, 0, 0, 0, 0, 0, 0, 0, 0, 0, 0, 0, 0, 0, 0, 0, 0, 0, 0, 0, 0, 0, 0, 0, 0, 0, 0, 0, 0, 0, 0, 0, 0, 0, 0, 0, 0, 0, 0, 0, 0, 0, 0, 0, 0, 0, 0, 0, 0, 0, 0, 0, 0, 0, 0, 0, 0, 0, 0, 0, 0, 0, 0, 0, 0, 0, 0, 0, 0, 0, 0, 0, 0, 0, 0, 0, 0, 0, 0, 0, 0, 0, 0, 0, 0, 0, 0, 0, 0, 0, 0, 0, 0, 0, 0, 0, 0, 0, 0, 0, 0, 0, 0, 0, 0, 0, 0, 0, 0, 0, 0, 0, 0, 0, 0, 0, 0, 0, 0, 0, 0, 0, 0, 0, 0, 0, 0, 0, 0, 0, 0, 0, 0, 0, 0, 0, 0, 0, 0, 0, 0, 0
95, 71, 47, 24, 4, -11, -25, -34, -41, -45, -48, -52, -55, -59, -62, -64, -64, -56, -34, 3, 47, 88, 117, 134, 140, 139, 132, 120, 103, 83, 62, 42, 24, 10, -2, -15, -29, -48, -68, -87, -103, -115, -121, -121, -117, -111, -106, -101, -97, -93, -91, -88, -86, -82, -77, -71, -65, -55, -35, 2, 51, 103, 146, 178, 197, 206, 207, 202, 190, 173, 154, 135, 116, 100, 84, 70, 57, 43, 29, 13, -4, -26, -48, -69, -89, -108, -126, -141, -152, -158, -162, -162, -161, -159, -154, -148, -142, -134, -123, -102, -63, -8, 0, 0, 0, 0, 0, 0, 0, 0, 0, 0, 0, 0, 0, 0, 0, 0, 0, 0, 0, 0, 0, 0, 0, 0, 0, 0, 0, 0, 0, 0, 0, 0, 0, 0, 0, 0, 0, 0, 0, 0, 0, 0, 0, 0, 0, 0, 0, 0, 0, 0, 0, 0, 0, 0, 0, 0, 0, 0, 0, 0, 0, 0, 0, 0, 0, 0, 0, 0, 0, 0, 0, 0, 0, 0, 0, 0, 0, 0, 0, 0, 0, 0, 0, 0, 0, 0, 0, 0, 0, 0, 0, 0, 0, 0, 0, 0, 0, 0, 0, 0, 0, 0, 0, 0, 0, 0, 0, 0, 0, 0, 0, 0, 0, 0, 0, 0, 0, 0, 0, 0, 0, 0, 0, 0, 0, 0, 0, 0, 0, 0, 0, 0, 0, 0, 0, 0, 0, 0, 0, 0, 0, 0, 0, 0, 0, 0, 0, 0, 0, 0, 0, 0, 0, 0, 0, 0, 0, 0, 0, 0, 0, 0, 0, 0, 0, 0, 0, 0, 0, 0, 0, 0, 0, 0, 0, 0, 0, 0, 0, 0, 0, 0, 0, 0, 0, 0, 0, 0, 0, 0, 0, 0, 0, 0, 0, 0, 0, 0
-94, -102, -112, -126, -143, -163, -184, -203, -216, -220, -214, -195, -153, -87, -8, 64, 117, 146, 155, 150, 138, 123, 109, 93, 77, 62, 48, 36, 28, 21, 14, 7, 0, -11, -23, -35, -46, -57, -66, -72, -75, -76, -78, -81, -84, -85, -85, -81, -76, -71, -67, -63, -49, -17, 31, 83, 126, 150, 157, 151, 137, 120, 104, 87, 69, 50, 35, 24, 20, 18, 17, 14, 9, -1, -16, -34, -52, -65, -75, -83, -89, -94, -97, -100, -103, -106, -106, -103, -99, -96, -94, -93, -92, -85, -66, -24, 33, 0, 0, 0, 0, 0, 0, 0, 0, 0, 0, 0, 0, 0, 0, 0, 0, 0, 0, 0, 0, 0, 0, 0, 0, 0, 0, 0, 0, 0, 0, 0, 0, 0, 0, 0, 0, 0, 0, 0, 0, 0, 0, 0, 0, 0, 0, 0, 0, 0, 0, 0, 0, 0, 0, 0, 0, 0, 0, 0, 0, 0, 0, 0, 0, 0, 0, 0, 0, 0, 0, 0, 0, 0, 0, 0, 0, 0, 0, 0, 0, 0, 0, 0, 0, 0, 0, 0, 0, 0, 0, 0, 0, 0, 0, 0, 0, 0, 0, 0, 0, 0, 0, 0, 0, 0, 0, 0, 0, 0, 0, 0, 0, 0, 0, 0, 0, 0, 0, 0, 0, 0, 0, 0, 0, 0, 0, 0, 0, 0, 0, 0, 0, 0, 0, 0, 0, 0, 0, 0, 0, 0, 0, 0, 0, 0, 0, 0, 0, 0, 0, 0, 0, 0, 0, 0, 0, 0, 0, 0, 0, 0, 0, 0, 0, 0, 0, 0, 0, 0, 0, 0, 0, 0, 0, 0, 0, 0, 0, 0, 0, 0, 0, 0, 0, 0, 0, 0, 0, 0, 0, 0, 0, 0, 0, 0, 0, 0, 0, 0, 0, 0, 0, 0
120, 136, 143, 145, 143, 135, 120, 100, 79, 57, 36, 18, 5, -1, -3, -5, -6, -8, -10, -12, -15, -17, -17, -17, -16, -14, -11, -8, -6, -4, -1, 2, 6, 10, 13, 19, 35, 69, 123, 184, 236, 269, 281, 278, 266, 251, 233, 211, 187, 164, 142, 123, 104, 87, 70, 53, 34, 13, -8, -30, -53, -75, -94, -110, -125, -140, -155, -168, -178, -185, -189, -189, -187, -181, -172, -160, -139, -98, -35, 33, 92, 130, 150, 157, 156, 152, 146, 135, 121, 104, 87, 70, 55, 41, 29, 17, 3, -10, -25, -40, -55, -69, -82, -95, -108, -122, -136, -149, -158, -165, -169, -170, -166, -160, -153, -146, -137, -125, -102, -57, 7, 0, 0, 0, 0, 0, 0, 0, 0, 0, 0, 0, 0, 0, 0, 0, 0, 0, 0, 0, 0, 0, 0, 0, 0, 0, 0, 0, 0, 0, 0, 0, 0, 0, 0, 0, 0, 0, 0, 0, 0, 0, 0, 0, 0, 0, 0, 0, 0, 0, 0, 0, 0, 0, 0, 0, 0, 0, 0, 0, 0, 0, 0, 0, 0, 0, 0, 0, 0, 0, 0, 0, 0, 0, 0, 0, 0, 0, 0, 0, 0, 0, 0, 0, 0, 0, 0, 0, 0, 0, 0, 0, 0, 0, 0, 0, 0, 0, 0, 0, 0, 0, 0, 0, 0, 0, 0, 0, 0, 0, 0, 0, 0, 0, 0, 0, 0, 0, 0, 0, 0, 0, 0, 0, 0, 0, 0, 0, 0, 0, 0, 0, 0, 0, 0, 0, 0, 0, 0, 0, 0, 0, 0, 0, 0, 0, 0, 0, 0, 0, 0, 0, 0, 0, 0, 0, 0, 0, 0, 0, 0, 0, 0, 0, 0, 0, 0, 0, 0, 0, 0, 0, 0, 0, 0, 0, 0, 0, 0, 0
134, 157, 163, 156, 142, 126, 109, 94, 78, 62, 47, 33, 22, 12, 4, -3, -10, -18, -27, -38, -49, -60, -69, -78, -86, -93, -98, -100, -100, -100, -100, -99, -96, -93, -91, -92, -93, -88, -69, -31, 17, 66, 105, 126, 132, 125, 112, 98, 84, 71, 57, 43, 30, 20, 12, 6, 1, -1, -5, -11, -19, -27, -36, -42, -47, -51, -56, -61, -65, -68, -71, -75, -80, -82, -83, -83, -83, -84, -77, -56, -16, 33, 81, 115, 134, 137, 130, 118, 104, 92, 81, 68, 54, 40, 29, 21, 16, 11, 7, 1, -5, -13, -22, -32, -41, -48, -54, -59, -64, -69, -70, -70, -71, -72, -75, -76, -76, -75, -75, -76, -73, -55, -19, 29, 0, 0, 0, 0, 0, 0, 0, 0, 0, 0, 0, 0, 0, 0, 0, 0, 0, 0, 0, 0, 0, 0, 0, 0, 0, 0, 0, 0, 0, 0, 0, 0, 0, 0, 0, 0, 0, 0, 0, 0, 0, 0, 0, 0, 0, 0, 0, 0, 0, 0, 0, 0, 0, 0, 0, 0, 0, 0, 0, 0, 0, 0, 0, 0, 0, 0, 0, 0, 0, 0, 0, 0, 0, 0, 0, 0, 0, 0, 0, 0, 0, 0, 0, 0, 0, 0, 0, 0, 0, 0, 0, 0, 0, 0, 0, 0, 0, 0, 0, 0, 0, 0, 0, 0, 0, 0, 0, 0, 0, 0, 0, 0, 0, 0, 0, 0, 0, 0, 0, 0, 0, 0, 0, 0, 0, 0, 0, 0, 0, 0, 0, 0, 0, 0, 0, 0, 0, 0, 0, 0, 0, 0, 0, 0, 0, 0, 0, 0, 0, 0, 0, 0, 0, 0, 0, 0, 0, 0, 0, 0, 0, 0, 0, 0, 0, 0, 0, 0, 0, 0, 0, 0, 0, 0, 0, 0
33, 20, 7, -4, -12, -16, -17, -18, -21, -26, -32, -37, -41, -46, -50, -53, -54, -55, -55, -57, -58, -59, -58, -56, -54, -53, -52, -51, -53, -57, -58, -48, -18, 24, 67, 101, 121, 127, 124, 116, 105, 93, 80, 64, 47, 31, 19, 11, 6, 4, 2, -2, -10, -23, -40, -56, -66, -67, -60, -50, -41, -37, -37, -41, -47, -55, -61, -67, -72, -75, -77, -78, -74, -59, -26, 20, 68, 106, 129, 136, 131, 118, 104, 91, 79, 68, 56, 43, 32, 23, 18, 15, 13, 11, 7, 2, -5, -12, -20, -26, -31, -36, -42, -47, -52, -56, -58, -58, -56, -51, -46, -45, -47, -47, -33, -5, 30, 0, 0, 0, 0, 0, 0, 0, 0, 0, 0, 0, 0, 0, 0, 0, 0, 0, 0, 0, 0, 0, 0, 0, 0, 0, 0, 0, 0, 0, 0, 0, 0, 0, 0, 0, 0, 0, 0, 0, 0, 0, 0, 0, 0, 0, 0, 0, 0, 0, 0, 0, 0, 0, 0, 0, 0, 0, 0, 0, 0, 0, 0, 0, 0, 0, 0, 0, 0, 0, 0, 0, 0, 0, 0, 0, 0, 0, 0, 0, 0, 0, 0, 0, 0, 0, 0, 0, 0, 0, 0, 0, 0, 0, 0, 0, 0, 0, 0, 0, 0, 0, 0, 0, 0, 0, 0, 0, 0, 0, 0, 0, 0, 0, 0, 0, 0, 0, 0, 0, 0, 0, 0, 0, 0, 0, 0, 0, 0, 0, 0, 0, 0, 0, 0, 0, 0, 0, 0, 0, 0, 0, 0, 0, 0, 0, 0, 0, 0, 0, 0, 0, 0, 0, 0, 0, 0, 0, 0, 0, 0, 0, 0, 0, 0, 0, 0, 0, 0, 0, 0, 0, 0, 0, 0, 0, 0, 0, 0, 0, 0, 0, 0, 0
-68, -73, -79, -86, -94, -102, -111, -119, -126, -131, -136, -138, -139, -139, -138, -136, -133, -128, -122, -115, -108, -103, -100, -96, -85, -62, -27, 14, 53, 83, 100, 104, 100, 92, 83, 76, 68, 60, 49, 38, 26, 16, 8, 1, -5, -12, -21, -31, -41, -51, -59, -67, -71, -74, -76, -77, -77, -78, -77, -77, -75, -74, -73, -72, -71, -70, -62, -43, -10, 32, 76, 113, 137, 147, 144, 133, 119, 102, 86, 70, 56, 43, 34, 27, 22, 18, 13, 6, -1, -10, -20, -29, -38, -45, -52, -58, -62, -66, -68, -69, -69, -68, -67, -66, -66, -65, -60, -47, -22, 13, 0, 0, 0, 0, 0, 0, 0, 0, 0, 0, 0, 0, 0, 0, 0, 0, 0, 0, 0, 0, 0, 0, 0, 0, 0, 0, 0, 0, 0, 0, 0, 0, 0, 0, 0, 0, 0, 0, 0, 0, 0, 0, 0, 0, 0, 0, 0, 0, 0, 0, 0, 0, 0, 0, 0, 0, 0, 0, 0, 0, 0, 0, 0, 0, 0, 0, 0, 0, 0, 0, 0, 0, 0, 0, 0, 0, 0, 0, 0, 0, 0, 0, 0, 0, 0, 0, 0, 0, 0, 0, 0, 0, 0, 0, 0, 0, 0, 0, 0, 0, 0, 0, 0, 0, 0, 0, 0, 0, 0, 0, 0, 0, 0, 0, 0, 0, 0, 0, 0, 0, 0, 0, 0, 0, 0, 0, 0, 0, 0, 0, 0, 0, 0, 0, 0, 0, 0, 0, 0, 0, 0, 0, 0, 0, 0, 0, 0, 0, 0, 0, 0, 0, 0, 0, 0, 0, 0, 0, 0, 0, 0, 0, 0, 0, 0, 0, 0, 0, 0, 0, 0, 0, 0, 0, 0, 0, 0, 0, 0, 0, 0, 0, 0, 0, 0, 0, 0, 0, 0, 0
28, 73, 109, 129, 135, 129, 117, 102, 88, 73, 57, 43, 31, 22, 16, 12, 8, 4, -1, -9, -19, -30, -42, -53, -63, -71, -77, -81, -84, -86, -88, -88, -87, -86, -84, -82, -80, -78, -74, -63, -41, -6, 36, 79, 114, 136, 144, 140, 129, 116, 101, 86, 70, 54, 40, 28, 19, 13, 8, 2, -4, -12, -21, -30, -40, -48, -55, -61, -66, -70, -73, -75, -77, -78, -78, -77, -76, -74, -72, -70, -69, -67, -64, -52, -27, 9, 53, 95, 127, 145, 149, 143, 132, 120, 106, 92, 77, 63, 50, 40, 32, 27, 22, 17, 11, 3, -5, -15, -25, -35, -44, -52, -59, -64, -67, -70, -72, -73, -73, -73, -72, -71, -69, -67, -66, -63, -58, -43, -15, 23, 0, 0, 0, 0, 0, 0, 0, 0, 0, 0, 0, 0, 0, 0, 0, 0, 0, 0, 0, 0, 0, 0, 0, 0, 0, 0, 0, 0, 0, 0, 0, 0, 0, 0, 0, 0, 0, 0, 0, 0, 0, 0, 0, 0, 0, 0, 0, 0, 0, 0, 0, 0, 0, 0, 0, 0, 0, 0, 0, 0, 0, 0, 0, 0, 0, 0, 0, 0, 0, 0, 0, 0, 0, 0, 0, 0, 0, 0, 0, 0, 0, 0, 0, 0, 0, 0, 0, 0, 0, 0, 0, 0, 0, 0, 0, 0, 0, 0, 0, 0, 0, 0, 0, 0, 0, 0, 0, 0, 0, 0, 0, 0, 0, 0, 0, 0, 0, 0, 0, 0, 0, 0, 0, 0, 0, 0, 0, 0, 0, 0, 0, 0, 0, 0, 0, 0, 0, 0, 0, 0, 0, 0, 0, 0, 0, 0, 0, 0, 0, 0, 0, 0, 0, 0, 0, 0, 0, 0, 0, 0, 0, 0, 0, 0, 0, 0, 0, 0, 0, 0
-7, 36, 78, 110, 128, 132, 127, 116, 103, 89, 74, 59, 44, 31, 20, 12, 5, -1, -8, -15, -24, -33, -42, -50, -58, -65, -71, -75, -78, -79, -80, -80, -80, -79, -78, -76, -74, -72, -70, -69, -65, -55, -33, 2, 47, 93, 130, 154, 163, 160, 151, 139, 126, 111, 96, 79, 63, 48, 36, 27, 19, 11, 2, -6, -17, -28, -39, -50, -59, -67, -73, -78, -82, -85, -87, -88, -88, -87, -86, -84, -82, -80, -78, -75, -69, -53, -23, 18, 65, 107, 138, 154, 156, 149, 138, 124, 110, 95, 79, 64, 51, 40, 32, 25, 18, 10, 1, -9, -21, -33, -44, -55, -64, -71, -77, -81, -84, -85, -86, -86, -86, -85, -84, -82, -80, -74, -58, -29, 10, 0, 0, 0, 0, 0, 0, 0, 0, 0, 0, 0, 0, 0, 0, 0, 0, 0, 0, 0, 0, 0, 0, 0, 0, 0, 0, 0, 0, 0, 0, 0, 0, 0, 0, 0, 0, 0, 0, 0, 0, 0, 0, 0, 0, 0, 0, 0, 0, 0, 0, 0, 0, 0, 0, 0, 0, 0, 0, 0, 0, 0, 0, 0, 0, 0, 0, 0, 0, 0, 0, 0, 0, 0, 0, 0, 0, 0, 0, 0, 0, 0, 0, 0, 0, 0, 0, 0, 0, 0, 0, 0, 0, 0, 0, 0, 0, 0, 0, 0, 0, 0, 0, 0, 0, 0, 0, 0, 0, 0, 0, 0, 0, 0, 0, 0, 0, 0, 0, 0, 0, 0, 0, 0, 0, 0, 0, 0, 0, 0, 0, 0, 0, 0, 0, 0, 0, 0, 0, 0, 0, 0, 0, 0, 0, 0, 0, 0, 0, 0, 0, 0, 0, 0, 0, 0, 0, 0, 0, 0, 0, 0, 0, 0, 0, 0, 0, 0, 0, 0, 0, 0
65, 50, 37, 26, 18, 11, 6, 0, -5, -13, -23, -32, -41, -50, -57, -63, -68, -71, -74, -76, -77, -77, -76, -75, -74, -73, -73, -70, -63, -45, -16, 22, 62, 95, 116, 124, 123, 115, 105, 94, 82, 69, 56, 44, 33, 26, 20, 14, 8, 2, -5, -14, -23, -33, -41, -49, -56, -62, -66, -70, -73, -75, -77, -77, -77, -77, -76, -74, -72, -70, -63, -48, -21, 15, 57, 95, 123, 138, 141, 137, 129, 120, 109, 96, 82, 68, 55, 45, 36, 29, 22, 15, 6, -2, -12, -23, -33, -42, -51, -59, -65, -71, -75, -78, -79, -80, -80, -79, -77, -76, -74, -73, -70, -62, -43, -13, 24, 0, 0, 0, 0, 0, 0, 0, 0, 0, 0, 0, 0, 0, 0, 0, 0, 0, 0, 0, 0, 0, 0, 0, 0, 0, 0, 0, 0, 0, 0, 0, 0, 0, 0, 0, 0, 0, 0, 0, 0, 0, 0, 0, 0, 0, 0, 0, 0, 0, 0, 0, 0, 0, 0, 0, 0, 0, 0, 0, 0, 0, 0, 0, 0, 0, 0, 0, 0, 0, 0, 0, 0, 0, 0, 0, 0, 0, 0, 0, 0, 0, 0, 0, 0, 0, 0, 0, 0, 0, 0, 0, 0, 0, 0, 0, 0, 0, 0, 0, 0, 0, 0, 0, 0, 0, 0, 0, 0, 0, 0, 0, 0, 0, 0, 0, 0, 0, 0, 0, 0, 0, 0, 0, 0, 0, 0, 0, 0, 0, 0, 0, 0, 0, 0, 0, 0, 0, 0, 0, 0, 0, 0, 0, 0, 0, 0, 0, 0, 0, 0, 0, 0, 0, 0, 0, 0, 0, 0, 0, 0, 0, 0, 0, 0, 0, 0, 0, 0, 0, 0, 0, 0, 0, 0, 0, 0, 0, 0, 0, 0, 0, 0, 0
23, 17, 11, 4, -3, -12, -21, -30, -38, -45, -51, -55, -59, -61, -63, -64, -65, -65, -64, -63, -62, -61, -59, -58, -55, -44, -23, 8, 48, 86, 116, 133, 138, 134, 126, 116, 106, 93, 80, 67, 54, 42, 33, 26, 19, 13, 5, -2, -11, -20, -28, -36, -43, -49, -54, -58, -62, -65, -67, -69, -70, -71, -72, -72, -72, -73, -73, -71, -63, -45, -16, 20, 58, 89, 108, 116, 114, 108, 99, 89, 78, 66, 54, 43, 34, 27, 22, 17, 12, 6, -1, -9, -18, -27, -35, -42, -48, -53, -57, -59, -61, -61, -62, -61, -60, -59, -59, -59, -56, -49, -31, -3, 0, 0, 0, 0, 0, 0, 0, 0, 0, 0, 0, 0, 0, 0, 0, 0, 0, 0, 0, 0, 0, 0, 0, 0, 0, 0, 0, 0, 0, 0, 0, 0, 0, 0, 0, 0, 0, 0, 0, 0, 0, 0, 0, 0, 0, 0, 0, 0, 0, 0, 0, 0, 0, 0, 0, 0, 0, 0, 0, 0, 0, 0, 0, 0, 0, 0, 0, 0, 0, 0, 0, 0, 0, 0, 0, 0, 0, 0, 0, 0, 0, 0, 0, 0, 0, 0, 0, 0, 0, 0, 0, 0, 0, 0, 0, 0, 0, 0, 0, 0, 0, 0, 0, 0, 0, 0, 0, 0, 0, 0, 0, 0, 0, 0, 0, 0, 0, 0, 0, 0, 0, 0, 0, 0, 0, 0, 0, 0, 0, 0, 0, 0, 0, 0, 0, 0, 0, 0, 0, 0, 0, 0, 0, 0, 0, 0, 0, 0, 0, 0, 0, 0, 0, 0, 0, 0, 0, 0, 0, 0, 0, 0, 0, 0, 0, 0, 0, 0, 0, 0, 0, 0, 0, 0, 0, 0, 0, 0, 0, 0, 0, 0, 0, 0, 0, 0, 0, 0
50, 66, 74, 76, 72, 67, 59, 50, 40, 29, 18, 10, 3, -1, -4, -9, -13, -20, -27, -34, -42, -50, -57, -64, -69, -73, -76, -77, -78, -77, -75, -73, -70, -68, -66, -65, -62, -52, -33, -5, 27, 58, 80, 93, 95, 92, 84, 75, 65, 53, 41, 30, 20, 13, 7, 3, -1, -6, -13, -20, -28, -36, -43, -49, -54, -58, -62, -65, -67, -69, -70, -71, -72, -73, -73, -73, -73, -70, -59, -37, -7, 24, 53, 73, 82, 82, 77, 68, 59, 48, 37, 25, 14, 6, 0, -3, -6, -9, -12, -17, -23, -30, -37, -44, -49, -54, -57, -60, -61, -61, -60, -59, -57, -55, -54, -53, -52, -52, -52, -49, -38, -16, 16, 0, 0, 0, 0, 0, 0, 0, 0, 0, 0, 0, 0, 0, 0, 0, 0, 0, 0, 0, 0, 0, 0, 0, 0, 0, 0, 0, 0, 0, 0, 0, 0, 0, 0, 0, 0, 0, 0, 0, 0, 0, 0, 0, 0, 0, 0, 0, 0, 0, 0, 0, 0, 0, 0, 0, 0, 0, 0, 0, 0, 0, 0, 0, 0, 0, 0, 0, 0, 0, 0, 0, 0, 0, 0, 0, 0, 0, 0, 0, 0, 0, 0, 0, 0, 0, 0, 0, 0, 0, 0, 0, 0, 0, 0, 0, 0, 0, 0, 0, 0, 0, 0, 0, 0, 0, 0, 0, 0, 0, 0, 0, 0, 0, 0, 0, 0, 0, 0, 0, 0, 0, 0, 0, 0, 0, 0, 0, 0, 0, 0, 0, 0, 0, 0, 0, 0, 0, 0, 0, 0, 0, 0, 0, 0, 0, 0, 0, 0, 0, 0, 0, 0, 0, 0, 0, 0, 0, 0, 0, 0, 0, 0, 0, 0, 0, 0, 0, 0, 0, 0, 0, 0, 0, 0, 0, 0, 0
72, 88, 92, 89, 80, 70, 59, 47, 34, 23, 13, 6, 1, -1, -5, -9, -14, -21, -28, -36, -44, -50, -56, -62, -66, -70, -73, -75, -75, -75, -75, -73, -71, -70, -68, -66, -63, -54, -35, -3, 35, 74, 106, 125, 133, 131, 124, 114, 104, 93, 80, 66, 53, 42, 33, 26, 19, 13, 6, -2, -11, -21, -30, -39, -46, -53, -59, -64, -69, -73, -76, -78, -79, -79, -79, -79, -79, -79, -79, -77, -69, -49, -18, 18, 53, 79, 94, 99, 96, 89, 81, 73, 64, 55, 45, 36, 28, 23, 20, 17, 13, 8, 2, -3, -11, -18, -25, -32, -38, -42, -46, -48, -49, -50, -50, -50, -50, -50, -50, -51, -51, -46, -31, -4, 27, 0, 0, 0, 0, 0, 0, 0, 0, 0, 0, 0, 0, 0, 0, 0, 0, 0, 0, 0, 0, 0, 0, 0, 0, 0, 0, 0, 0, 0, 0, 0, 0, 0, 0, 0, 0, 0, 0, 0, 0, 0, 0, 0, 0, 0, 0, 0, 0, 0, 0, 0, 0, 0, 0, 0, 0, 0, 0, 0, 0, 0, 0, 0, 0, 0, 0, 0, 0, 0, 0, 0, 0, 0, 0, 0, 0, 0, 0, 0, 0, 0, 0, 0, 0, 0, 0, 0, 0, 0, 0, 0, 0, 0, 0, 0, 0, 0, 0, 0, 0, 0, 0, 0, 0, 0, 0, 0, 0, 0, 0, 0, 0, 0, 0, 0, 0, 0, 0, 0, 0, 0, 0, 0, 0, 0, 0, 0, 0, 0, 0, 0, 0, 0, 0, 0, 0, 0, 0, 0, 0, 0, 0, 0, 0, 0, 0, 0, 0, 0, 0, 0, 0, 0, 0, 0, 0, 0, 0, 0, 0, 0, 0, 0, 0, 0, 0, 0, 0, 0, 0, 0, 0, 0, 0, 0
17, 56, 87, 108, 117, 117, 113, 105, 97, 86, 73, 58, 45, 33, 24, 18, 12, 7, 0, -6, -15, -25, -34, -42, -49, -56, -61, -65, -68, -70, -71, -72, -71, -71, -71, -71, -71, -68, -58, -37, -4, 33, 69, 96, 110, 114, 109, 99, 87, 74, 60, 45, 32, 22, 14, 9, 5, 1, -3, -9, -17, -25, -33, -41, -48, -54, -59, -63, -66, -68, -70, -70, -70, -69, -67, -66, -64, -63, -61, -57, -46, -24, 8, 47, 85, 115, 132, 138, 135, 127, 116, 104, 91, 76, 61, 46, 34, 25, 19, 13, 7, 1, -7, -15, -25, -33, -41, -48, -53, -57, -60, -63, -65, -67, -68, -69, -70, -70, -70, -69, -69, -68, -65, -55, -36, -7, 0, 0, 0, 0, 0, 0, 0, 0, 0, 0, 0, 0, 0, 0, 0, 0, 0, 0, 0, 0, 0, 0, 0, 0, 0, 0, 0, 0, 0, 0, 0, 0, 0, 0, 0, 0, 0, 0, 0, 0, 0, 0, 0, 0, 0, 0, 0, 0, 0, 0, 0, 0, 0, 0, 0, 0, 0, 0, 0, 0, 0, 0, 0, 0, 0, 0, 0, 0, 0, 0, 0, 0, 0, 0, 0, 0, 0, 0, 0, 0, 0, 0, 0, 0, 0, 0, 0, 0, 0, 0, 0, 0, 0, 0, 0, 0, 0, 0, 0, 0, 0, 0, 0, 0, 0, 0, 0, 0, 0, 0, 0, 0, 0, 0, 0, 0, 0, 0, 0, 0, 0, 0, 0, 0, 0, 0, 0, 0, 0, 0, 0, 0, 0, 0, 0, 0, 0, 0, 0, 0, 0, 0, 0, 0, 0, 0, 0, 0, 0, 0, 0, 0, 0, 0, 0, 0, 0, 0, 0, 0, 0, 0, 0, 0, 0, 0, 0, 0, 0, 0, 0, 0, 0, 0
0, -7, -17, -26, -35, -43, -51, -57, -63, -67, -70, -72, -74, -75, -75, -74, -73, -71, -69, -67, -66, -63, -54, -34, -3, 35, 74, 106, 127, 136, 135, 129, 120, 109, 97, 82, 65, 50, 36, 25, 17, 11, 6, 0, -4, -11, -18, -27, -36, -45, -53, -61, -68, -73, -77, -80, -82, -83, -84, -83, -83, -81, -80, -79, -75, -66, -45, -13, 25, 64, 96, 116, 124, 123, 117, 108, 97, 84, 70, 55, 41, 30, 21, 15, 10, 4, -2, -10, -18, -26, -34, -41, -47, -52, -55, -58, -60, -61, -62, -63, -63, -62, -63, -63, -64, -63, -55, -38, -11, 23, 0, 0, 0, 0, 0, 0, 0, 0, 0, 0, 0, 0, 0, 0, 0, 0, 0, 0, 0, 0, 0, 0, 0, 0, 0, 0, 0, 0, 0, 0, 0, 0, 0, 0, 0, 0, 0, 0, 0, 0, 0, 0, 0, 0, 0, 0, 0, 0, 0, 0, 0, 0, 0, 0, 0, 0, 0, 0, 0, 0, 0, 0, 0, 0, 0, 0, 0, 0, 0, 0, 0, 0, 0, 0, 0, 0, 0, 0, 0, 0, 0, 0, 0, 0, 0, 0, 0, 0, 0, 0, 0, 0, 0, 0, 0, 0, 0, 0, 0, 0, 0, 0, 0, 0, 0, 0, 0, 0, 0, 0, 0, 0, 0, 0, 0, 0, 0, 0, 0, 0, 0, 0, 0, 0, 0, 0, 0, 0, 0, 0, 0, 0, 0, 0, 0, 0, 0, 0, 0, 0, 0, 0, 0, 0, 0, 0, 0, 0, 0, 0, 0, 0, 0, 0, 0, 0, 0, 0, 0, 0, 0, 0, 0, 0, 0, 0, 0, 0, 0, 0, 0, 0, 0, 0, 0, 0, 0, 0, 0, 0, 0, 0, 0, 0, 0, 0, 0, 0, 0, 0
-108, -104, -98, -94, -91, -91, -93, -97, -101, -106, -111, -115, -119, -118, -107, -80, -41, 3, 46, 78, 97, 104, 100, 91, 79, 66, 51, 36, 22, 10, 2, -3, -9, -16, -25, -38, -53, -67, -79, -87, -91, -91, -88, -83, -77, -70, -63, -56, -48, -41, -36, -34, -38, -43, -41, -25, 4, 43, 82, 115, 136, 145, 143, 135, 124, 111, 98, 85, 72, 61, 52, 45, 38, 31, 23, 15, 5, -3, -13, -22, -30, -37, -45, -53, -59, -64, -68, -70, -71, -71, -71, -70, -69, -68, -66, -61, -44, -16, 20, 0, 0, 0, 0, 0, 0, 0, 0, 0, 0, 0, 0, 0, 0, 0, 0, 0, 0, 0, 0, 0, 0, 0, 0, 0, 0, 0, 0, 0, 0, 0, 0, 0, 0, 0, 0, 0, 0, 0, 0, 0, 0, 0, 0, 0, 0, 0, 0, 0, 0, 0, 0, 0, 0, 0, 0, 0, 0, 0, 0, 0, 0, 0, 0, 0, 0, 0, 0, 0, 0, 0, 0, 0, 0, 0, 0, 0, 0, 0, 0, 0, 0, 0, 0, 0, 0, 0, 0, 0, 0, 0, 0, 0, 0, 0, 0, 0, 0, 0, 0, 0, 0, 0, 0, 0, 0, 0, 0, 0, 0, 0, 0, 0, 0, 0, 0, 0, 0, 0, 0, 0, 0, 0, 0, 0, 0, 0, 0, 0, 0, 0, 0, 0, 0, 0, 0, 0, 0, 0, 0, 0, 0, 0, 0, 0, 0, 0, 0, 0, 0, 0, 0, 0, 0, 0, 0, 0, 0, 0, 0, 0, 0, 0, 0, 0, 0, 0, 0, 0, 0, 0, 0, 0, 0, 0, 0, 0, 0, 0, 0, 0, 0, 0, 0, 0, 0, 0, 0, 0, 0, 0, 0, 0, 0, 0, 0, 0, 0, 0, 0, 0
66, 94, 113, 121, 120, 114, 104, 92, 78, 64, 50, 38, 28, 19, 12, 6, 0, -5, -12, -20, -28, -35, -41, -47, -52, -55, -59, -61, -63, -64, -65, -66, -66, -67, -67, -67, -66, -62, -49, -26, 5, 42, 74, 96, 107, 107, 101, 92, 81, 69, 57, 46, 37, 29, 23, 19, 14, 9, 2, -5, -14, -24, -34, -43, -50, -56, -60, -64, -66, -68, -69, -69, -70, -69, -69, -68, -65, -56, -38, -9, 26, 62, 91, 109, 115, 111, 103, 92, 80, 68, 56, 45, 35, 27, 21, 16, 11, 4, -2, -9, -17, -24, -31, -37, -42, -47, -52, -55, -59, -62, -64, -66, -67, -67, -67, -66, -66, -64, -56, -38, -9, 0, 0, 0, 0, 0, 0, 0, 0, 0, 0, 0, 0, 0, 0, 0, 0, 0, 0, 0, 0, 0, 0, 0, 0, 0, 0, 0, 0, 0, 0, 0, 0, 0, 0, 0, 0, 0, 0, 0, 0, 0, 0, 0, 0, 0, 0, 0, 0, 0, 0, 0, 0, 0, 0, 0, 0, 0, 0, 0, 0, 0, 0, 0, 0, 0, 0, 0, 0, 0, 0, 0, 0, 0, 0, 0, 0, 0, 0, 0, 0, 0, 0, 0, 0, 0, 0, 0, 0, 0, 0, 0, 0, 0, 0, 0, 0, 0, 0, 0, 0, 0, 0, 0, 0, 0, 0, 0, 0, 0, 0, 0, 0, 0, 0, 0, 0, 0, 0, 0, 0, 0, 0, 0, 0, 0, 0, 0, 0, 0, 0, 0, 0, 0, 0, 0, 0, 0, 0, 0, 0, 0, 0, 0, 0, 0, 0, 0, 0, 0, 0, 0, 0, 0, 0, 0, 0, 0, 0, 0, 0, 0, 0, 0, 0, 0, 0, 0, 0, 0, 0, 0, 0, 0, 0, 0, 0, 0, 0, 0
35, 26, 18, 11, 4, -3, -12, -21, -30, -38, -45, -51, -57, -62, -66, -70, -72, -74, -75, -76, -76, -75, -73, -72, -70, -68, -62, -49, -24, 9, 47, 82, 107, 120, 122, 116, 107, 96, 85, 73, 60, 48, 38, 30, 25, 21, 17, 12, 5, -2, -11, -20, -29, -37, -43, -50, -55, -59, -62, -64, -65, -65, -66, -66, -67, -67, -65, -57, -39, -10, 25, 60, 89, 106, 112, 108, 100, 89, 77, 64, 52, 39, 29, 20, 14, 9, 4, 0, -6, -14, -22, -30, -38, -44, -49, -54, -57, -59, -61, -62, -63, -64, -65, -65, -64, -64, -63, -63, -62, -56, -43, -18, 14, 0, 0, 0, 0, 0, 0, 0, 0, 0, 0, 0, 0, 0, 0, 0, 0, 0, 0, 0, 0, 0, 0, 0, 0, 0, 0, 0, 0, 0, 0, 0, 0, 0, 0, 0, 0, 0, 0, 0, 0, 0, 0, 0, 0, 0, 0, 0, 0, 0, 0, 0, 0, 0, 0, 0, 0, 0, 0, 0, 0, 0, 0, 0, 0, 0, 0, 0, 0, 0, 0, 0, 0, 0, 0, 0, 0, 0, 0, 0, 0, 0, 0, 0, 0, 0, 0, 0, 0, 0, 0, 0, 0, 0, 0, 0, 0, 0, 0, 0, 0, 0, 0, 0, 0, 0, 0, 0, 0, 0, 0, 0, 0, 0, 0, 0, 0, 0, 0, 0, 0, 0, 0, 0, 0, 0, 0, 0, 0, 0, 0, 0, 0, 0, 0, 0, 0, 0, 0, 0, 0, 0, 0, 0, 0, 0, 0, 0, 0, 0, 0, 0, 0, 0, 0, 0, 0, 0, 0, 0, 0, 0, 0, 0, 0, 0, 0, 0, 0, 0, 0, 0, 0, 0, 0, 0, 0, 0, 0, 0, 0, 0, 0, 0, 0, 0, 0, 0
-90, -91, -91, -91, -90, -89, -88, -86, -84, -83, -82, -79, -70, -50, -19, 19, 59, 92, 114, 124, 125, 120, 112, 102, 91, 77, 63, 49, 36, 26, 18, 10, 3, -4, -13, -23, -33, -43, -52, -60, -67, -73, -77, -81, -83, -85, -86, -86, -86, -85, -84, -83, -82, -80, -77, -71, -57, -31, 4, 43, 79, 105, 118, 120, 116, 109, 100, 91, 81, 70, 59, 50, 42, 36, 30, 25, 18, 10, 0, -9, -19, -29, -37, -45, -51, -56, -59, -62, -63, -63, -63, -63, -62, -62, -62, -61, -55, -41, -15, 17, 0, 0, 0, 0, 0, 0, 0, 0, 0, 0, 0, 0, 0, 0, 0, 0, 0, 0, 0, 0, 0, 0, 0, 0, 0, 0, 0, 0, 0, 0, 0, 0, 0, 0, 0, 0, 0, 0, 0, 0, 0, 0, 0, 0, 0, 0, 0, 0, 0, 0, 0, 0, 0, 0, 0, 0, 0, 0, 0, 0, 0, 0, 0, 0, 0, 0, 0, 0, 0, 0, 0, 0, 0, 0, 0, 0, 0, 0, 0, 0, 0, 0, 0, 0, 0, 0, 0, 0, 0, 0, 0, 0, 0, 0, 0, 0, 0, 0, 0, 0, 0, 0, 0, 0, 0, 0, 0, 0, 0, 0, 0, 0, 0, 0, 0, 0, 0, 0, 0, 0, 0, 0, 0, 0, 0, 0, 0, 0, 0, 0, 0, 0, 0, 0, 0, 0, 0, 0, 0, 0, 0, 0, 0, 0, 0, 0, 0, 0, 0, 0, 0, 0, 0, 0, 0, 0, 0, 0, 0, 0, 0, 0, 0, 0, 0, 0, 0, 0, 0, 0, 0, 0, 0, 0, 0, 0, 0, 0, 0, 0, 0, 0, 0, 0, 0, 0, 0, 0, 0, 0, 0, 0, 0, 0, 0, 0, 0, 0, 0, 0
64, 53, 43, 35, 28, 22, 17, 13, 10, 9, 8, 6, 4, 1, 0, 3, 19, 50, 87, 119, 138, 140, 130, 112, 92, 73, 57, 43, 32, 24, 19, 15, 13, 11, 7, 0, -9, -19, -31, -41, -50, -56, -61, -63, -64, -64, -63, -62, -61, -60, -58, -57, -56, -55, -53, -45, -24, 12, 56, 95, 118, 125, 119, 105, 88, 73, 59, 47, 36, 26, 18, 12, 8, 5, 2, -2, -9, -18, -28, -38, -46, -53, -58, -62, -65, -68, -69, -68, -67, -65, -62, -59, -56, -53, -50, -48, -41, -22, 12, 0, 0, 0, 0, 0, 0, 0, 0, 0, 0, 0, 0, 0, 0, 0, 0, 0, 0, 0, 0, 0, 0, 0, 0, 0, 0, 0, 0, 0, 0, 0, 0, 0, 0, 0, 0, 0, 0, 0, 0, 0, 0, 0, 0, 0, 0, 0, 0, 0, 0, 0, 0, 0, 0, 0, 0, 0, 0, 0, 0, 0, 0, 0, 0, 0, 0, 0, 0, 0, 0, 0, 0, 0, 0, 0, 0, 0, 0, 0, 0, 0, 0, 0, 0, 0, 0, 0, 0, 0, 0, 0, 0, 0, 0, 0, 0, 0, 0, 0, 0, 0, 0, 0, 0, 0, 0, 0, 0, 0, 0, 0, 0, 0, 0, 0, 0, 0, 0, 0, 0, 0, 0, 0, 0, 0, 0, 0, 0, 0, 0, 0, 0, 0, 0, 0, 0, 0, 0, 0, 0, 0, 0, 0, 0, 0, 0, 0, 0, 0, 0, 0, 0, 0, 0, 0, 0, 0, 0, 0, 0, 0, 0, 0, 0, 0, 0, 0, 0, 0, 0, 0, 0, 0, 0, 0, 0, 0, 0, 0, 0, 0, 0, 0, 0, 0, 0, 0, 0, 0, 0, 0, 0, 0, 0, 0, 0, 0, 0, 0, 0, 0
64, 50, 38, 28, 19, 11, 6, 4, 3, 2, 0, -4, -11, -19, -27, -34, -41, -45, -49, -51, -53, -54, -54, -53, -53, -53, -53, -53, -53, -52, -51, -51, -51, -49, -40, -16, 21, 63, 97, 118, 124, 118, 106, 92, 79, 69, 58, 48, 39, 30, 24, 19, 15, 12, 7, 1, -5, -12, -20, -26, -32, -37, -41, -44, -46, -48, -49, -50, -51, -51, -52, -52, -53, -54, -56, -58, -59, -58, -46, -19, 19, 59, 90, 108, 111, 105, 93, 81, 70, 60, 51, 41, 32, 25, 19, 15, 12, 8, 3, -2, -8, -15, -22, -28, -33, -36, -39, -40, -41, -41, -41, -41, -41, -42, -43, -44, -45, -47, -50, -52, -48, -29, 1, 0, 0, 0, 0, 0, 0, 0, 0, 0, 0, 0, 0, 0, 0, 0, 0, 0, 0, 0, 0, 0, 0, 0, 0, 0, 0, 0, 0, 0, 0, 0, 0, 0, 0, 0, 0, 0, 0, 0, 0, 0, 0, 0, 0, 0, 0, 0, 0, 0, 0, 0, 0, 0, 0, 0, 0, 0, 0, 0, 0, 0, 0, 0, 0, 0, 0, 0, 0, 0, 0, 0, 0, 0, 0, 0, 0, 0, 0, 0, 0, 0, 0, 0, 0, 0, 0, 0, 0, 0, 0, 0, 0, 0, 0, 0, 0, 0, 0, 0, 0, 0, 0, 0, 0, 0, 0, 0, 0, 0, 0, 0, 0, 0, 0, 0, 0, 0, 0, 0, 0, 0, 0, 0, 0, 0, 0, 0, 0, 0, 0, 0, 0, 0, 0, 0, 0, 0, 0, 0, 0, 0, 0, 0, 0, 0, 0, 0, 0, 0, 0, 0, 0, 0, 0, 0, 0, 0, 0, 0, 0, 0, 0, 0, 0, 0, 0, 0, 0, 0, 0, 0, 0, 0, 0, 0, 0, 0
128, 120, 107, 93, 81, 69, 58, 47, 37, 28, 22, 18, 15, 11, 7, 1, -5, -12, -18, -24, -27, -31, -34, -36, -38, -39, -40, -40, -40, -40, -39, -39, -40, -40, -33, -15, 10, 40, 64, 79, 83, 77, 66, 54, 44, 34, 25, 17, 10, 5, 2, 0, -2, -4, -8, -12, -17, -23, -28, -33, -36, -39, -41, -42, -43, -43, -43, -42, -42, -41, -41, -41, -41, -42, -42, -38, -23, 2, 34, 62, 82, 90, 88, 80, 70, 61, 52, 44, 36, 28, 20, 14, 9, 6, 4, 1, -2, -7, -12, -18, -24, -28, -32, -35, -38, -40, -42, -43, -45, -47, -48, -50, -51, -52, -53, -53, -52, -47, -32, -5, 0, 0, 0, 0, 0, 0, 0, 0, 0, 0, 0, 0, 0, 0, 0, 0, 0, 0, 0, 0, 0, 0, 0, 0, 0, 0, 0, 0, 0, 0, 0, 0, 0, 0, 0, 0, 0, 0, 0, 0, 0, 0, 0, 0, 0, 0, 0, 0, 0, 0, 0, 0, 0, 0, 0, 0, 0, 0, 0, 0, 0, 0, 0, 0, 0, 0, 0, 0, 0, 0, 0, 0, 0, 0, 0, 0, 0, 0, 0, 0, 0, 0, 0, 0, 0, 0, 0, 0, 0, 0, 0, 0, 0, 0, 0, 0, 0, 0, 0, 0, 0, 0, 0, 0, 0, 0, 0, 0, 0, 0, 0, 0, 0, 0, 0, 0, 0, 0, 0, 0, 0, 0, 0, 0, 0, 0, 0, 0, 0, 0, 0, 0, 0, 0, 0, 0, 0, 0, 0, 0, 0, 0, 0, 0, 0, 0, 0, 0, 0, 0, 0, 0, 0, 0, 0, 0, 0, 0, 0, 0, 0, 0, 0, 0, 0, 0, 0, 0, 0, 0, 0, 0, 0, 0, 0, 0, 0, 0, 0, 0
52, 44, 36, 30, 26, 22, 17, 12, 5, -1, -9, -17, -24, -31, -36, -41, -44, -47, -48, -49, -50, -50, -50, -50, -49, -49, -50, -50, -43, -27, -1, 30, 59, 81, 91, 90, 83, 73, 62, 52, 42, 33, 25, 18, 13, 9, 6, 1, -4, -11, -19, -28, -35, -41, -46, -50, -53, -56, -58, -59, -61, -62, -64, -65, -65, -64, -63, -62, -63, -63, -60, -48, -24, 9, 47, 80, 103, 112, 111, 102, 91, 81, 71, 62, 52, 41, 32, 24, 17, 12, 7, 2, -4, -11, -18, -25, -32, -37, -41, -44, -46, -48, -49, -52, -54, -56, -57, -59, -60, -60, -61, -61, -62, -61, -52, -30, 3, 0, 0, 0, 0, 0, 0, 0, 0, 0, 0, 0, 0, 0, 0, 0, 0, 0, 0, 0, 0, 0, 0, 0, 0, 0, 0, 0, 0, 0, 0, 0, 0, 0, 0, 0, 0, 0, 0, 0, 0, 0, 0, 0, 0, 0, 0, 0, 0, 0, 0, 0, 0, 0, 0, 0, 0, 0, 0, 0, 0, 0, 0, 0, 0, 0, 0, 0, 0, 0, 0, 0, 0, 0, 0, 0, 0, 0, 0, 0, 0, 0, 0, 0, 0, 0, 0, 0, 0, 0, 0, 0, 0, 0, 0, 0, 0, 0, 0, 0, 0, 0, 0, 0, 0, 0, 0, 0, 0, 0, 0, 0, 0, 0, 0, 0, 0, 0, 0, 0, 0, 0, 0, 0, 0, 0, 0, 0, 0, 0, 0, 0, 0, 0, 0, 0, 0, 0, 0, 0, 0, 0, 0, 0, 0, 0, 0, 0, 0, 0, 0, 0, 0, 0, 0, 0, 0, 0, 0, 0, 0, 0, 0, 0, 0, 0, 0, 0, 0, 0, 0, 0, 0, 0, 0, 0, 0, 0, 0, 0, 0, 0, 0, 0
-54, -56, -58, -59, -60, -61, -61, -62, -63, -63, -63, -63, -63, -63, -60, -48, -22, 13, 49, 78, 95, 100, 96, 88, 79, 70, 62, 53, 43, 33, 24, 17, 12, 9, 5, 1, -3, -10, -17, -24, -30, -35, -39, -43, -45, -47, -49, -50, -51, -52, -54, -55, -57, -58, -60, -61, -63, -61, -50, -26, 7, 43, 73, 91, 96, 92, 83, 73, 64, 55, 47, 37, 28, 21, 16, 12, 10, 7, 4, 0, -6, -13, -20, -26, -31, -35, -38, -40, -41, -42, -41, -41, -40, -40, -41, -43, -45, -46, -41, -26, -3, 0, 0, 0, 0, 0, 0, 0, 0, 0, 0, 0, 0, 0, 0, 0, 0, 0, 0, 0, 0, 0, 0, 0, 0, 0, 0, 0, 0, 0, 0, 0, 0, 0, 0, 0, 0, 0, 0, 0, 0, 0, 0, 0, 0, 0, 0, 0, 0, 0, 0, 0, 0, 0, 0, 0, 0, 0, 0, 0, 0, 0, 0, 0, 0, 0, 0, 0, 0, 0, 0, 0, 0, 0, 0, 0, 0, 0, 0, 0, 0, 0, 0, 0, 0, 0, 0, 0, 0, 0, 0, 0, 0, 0, 0, 0, 0, 0, 0, 0, 0, 0, 0, 0, 0, 0, 0, 0, 0, 0, 0, 0, 0, 0, 0, 0, 0, 0, 0, 0, 0, 0, 0, 0, 0, 0, 0, 0, 0, 0, 0, 0, 0, 0, 0, 0, 0, 0, 0, 0, 0, 0, 0, 0, 0, 0, 0, 0, 0, 0, 0, 0, 0, 0, 0, 0, 0, 0, 0, 0, 0, 0, 0, 0, 0, 0, 0, 0, 0, 0, 0, 0, 0, 0, 0, 0, 0, 0, 0, 0, 0, 0, 0, 0, 0, 0, 0, 0, 0, 0, 0, 0, 0, 0, 0, 0, 0, 0, 0, 0
77, 70, 63, 55, 45, 34, 22, 9, -4, -18, -32, -45, -57, -67, -76, -84, -91, -95, -98, -99, -99, -98, -96, -95, -93, -89, -77, -54, -22, 13, 45, 67, 76, 75, 69, 60, 52, 45, 38, 31, 23, 17, 13, 9, 6, 3, 0, -5, -10, -16, -22, -27, -32, -36, -40, -44, -47, -49, -50, -51, -52, -52, -53, -54, -54, -55, -56, -55, -49, -33, -8, 22, 52, 73, 83, 83, 76, 68, 60, 52, 44, 37, 29, 22, 17, 14, 11, 8, 4, -1, -7, -14, -20, -26, -31, -35, -39, -41, -43, -44, -45, -45, -45, -44, -43, -43, -43, -43, -39, -27, -6, 22, 0, 0, 0, 0, 0, 0, 0, 0, 0, 0, 0, 0, 0, 0, 0, 0, 0, 0, 0, 0, 0, 0, 0, 0, 0, 0, 0, 0, 0, 0, 0, 0, 0, 0, 0, 0, 0, 0, 0, 0, 0, 0, 0, 0, 0, 0, 0, 0, 0, 0, 0, 0, 0, 0, 0, 0, 0, 0, 0, 0, 0, 0, 0, 0, 0, 0, 0, 0, 0, 0, 0, 0, 0, 0, 0, 0, 0, 0, 0, 0, 0, 0, 0, 0, 0, 0, 0, 0, 0, 0, 0, 0, 0, 0, 0, 0, 0, 0, 0, 0, 0, 0, 0, 0, 0, 0, 0, 0, 0, 0, 0, 0, 0, 0, 0, 0, 0, 0, 0, 0, 0, 0, 0, 0, 0, 0, 0, 0, 0, 0, 0, 0, 0, 0, 0, 0, 0, 0, 0, 0, 0, 0, 0, 0, 0, 0, 0, 0, 0, 0, 0, 0, 0, 0, 0, 0, 0, 0, 0, 0, 0, 0, 0, 0, 0, 0, 0, 0, 0, 0, 0, 0, 0, 0, 0, 0, 0, 0, 0, 0, 0, 0, 0, 0, 0, 0, 0, 0
12, 44, 68, 81, 84, 80, 72, 63, 55, 47, 38, 29, 19, 11, 5, 1, -2, -6, -11, -16, -22, -29, -36, -42, -47, -51, -54, -56, -58, -60, -60, -60, -60, -59, -58, -56, -55, -55, -54, -48, -33, -7, 24, 55, 78, 90, 92, 86, 77, 68, 60, 51, 43, 34, 27, 22, 18, 15, 12, 8, 3, -3, -10, -17, -24, -30, -35, -39, -41, -43, -44, -44, -44, -44, -44, -44, -44, -44, -43, -38, -23, 0, 30, 57, 77, 86, 86, 80, 72, 63, 55, 46, 37, 29, 21, 16, 12, 9, 5, 1, -3, -8, -14, -20, -25, -30, -34, -38, -41, -43, -45, -47, -48, -49, -49, -48, -48, -47, -47, -47, -42, -30, -8, 0, 0, 0, 0, 0, 0, 0, 0, 0, 0, 0, 0, 0, 0, 0, 0, 0, 0, 0, 0, 0, 0, 0, 0, 0, 0, 0, 0, 0, 0, 0, 0, 0, 0, 0, 0, 0, 0, 0, 0, 0, 0, 0, 0, 0, 0, 0, 0, 0, 0, 0, 0, 0, 0, 0, 0, 0, 0, 0, 0, 0, 0, 0, 0, 0, 0, 0, 0, 0, 0, 0, 0, 0, 0, 0, 0, 0, 0, 0, 0, 0, 0, 0, 0, 0, 0, 0, 0, 0, 0, 0, 0, 0, 0, 0, 0, 0, 0, 0, 0, 0, 0, 0, 0, 0, 0, 0, 0, 0, 0, 0, 0, 0, 0, 0, 0, 0, 0, 0, 0, 0, 0, 0, 0, 0, 0, 0, 0, 0, 0, 0, 0, 0, 0, 0, 0, 0, 0, 0, 0, 0, 0, 0, 0, 0, 0, 0, 0, 0, 0, 0, 0, 0, 0, 0, 0, 0, 0, 0, 0, 0, 0, 0, 0, 0, 0, 0, 0, 0, 0, 0, 0, 0, 0, 0, 0, 0
54, 91, 117, 129, 128, 117, 101, 84, 66, 51, 38, 28, 21, 16, 14, 13, 13, 12, 12, 11, 10, 8, 5, 0, -7, -16, -26, -35, -43, -48, -51, -52, -50, -45, -39, -31, -25, -15, 1, 28, 62, 93, 117, 130, 132, 126, 115, 102, 88, 75, 62, 51, 41, 33, 28, 24, 20, 16, 11, 3, -6, -18, -31, -43, -53, -60, -66, -70, -74, -78, -82, -85, -87, -87, -86, -84, -82, -82, -82, -73, -49, -10, 31, 65, 86, 95, 93, 86, 77, 69, 62, 56, 48, 41, 34, 28, 23, 19, 15, 10, 3, -4, -13, -22, -30, -37, -44, -51, -58, -65, -71, -74, -75, -73, -68, -62, -55, -49, -43, -30, -5, 0, 0, 0, 0, 0, 0, 0, 0, 0, 0, 0, 0, 0, 0, 0, 0, 0, 0, 0, 0, 0, 0, 0, 0, 0, 0, 0, 0, 0, 0, 0, 0, 0, 0, 0, 0, 0, 0, 0, 0, 0, 0, 0, 0, 0, 0, 0, 0, 0, 0, 0, 0, 0, 0, 0, 0, 0, 0, 0, 0, 0, 0, 0, 0, 0, 0, 0, 0, 0, 0, 0, 0, 0, 0, 0, 0, 0, 0, 0, 0, 0, 0, 0, 0, 0, 0, 0, 0, 0, 0, 0, 0, 0, 0, 0, 0, 0, 0, 0, 0, 0, 0, 0, 0, 0, 0, 0, 0, 0, 0, 0, 0, 0, 0, 0, 0, 0, 0, 0, 0, 0, 0, 0, 0, 0, 0, 0, 0, 0, 0, 0, 0, 0, 0, 0, 0, 0, 0, 0, 0, 0, 0, 0, 0, 0, 0, 0, 0, 0, 0, 0, 0, 0, 0, 0, 0, 0, 0, 0, 0, 0, 0, 0, 0, 0, 0, 0, 0, 0, 0, 0, 0, 0, 0, 0, 0, 0, 0, 0
-31, -40, -48, -55, -61, -65, -68, -71, -73, -74, -75, -74, -73, -72, -70, -68, -67, -66, -63, -54, -35, -6, 29, 64, 90, 105, 108, 104, 95, 84, 74, 64, 54, 44, 36, 29, 24, 19, 15, 10, 4, -2, -9, -17, -24, -31, -37, -43, -47, -51, -54, -55, -57, -57, -58, -58, -58, -58, -58, -57, -55, -47, -29, -3, 28, 56, 77, 89, 91, 88, 81, 75, 67, 60, 51, 43, 35, 29, 24, 19, 14, 8, 1, -6, -15, -23, -30, -36, -42, -47, -51, -55, -59, -61, -63, -65, -65, -66, -66, -66, -66, -63, -53, -35, -9, 0, 0, 0, 0, 0, 0, 0, 0, 0, 0, 0, 0, 0, 0, 0, 0, 0, 0, 0, 0, 0, 0, 0, 0, 0, 0, 0, 0, 0, 0, 0, 0, 0, 0, 0, 0, 0, 0, 0, 0, 0, 0, 0, 0, 0, 0, 0, 0, 0, 0, 0, 0, 0, 0, 0, 0, 0, 0, 0, 0, 0, 0, 0, 0, 0, 0, 0, 0, 0, 0, 0, 0, 0, 0, 0, 0, 0, 0, 0, 0, 0, 0, 0, 0, 0, 0, 0, 0, 0, 0, 0, 0, 0, 0, 0, 0, 0, 0, 0, 0, 0, 0, 0, 0, 0, 0, 0, 0, 0, 0, 0, 0, 0, 0, 0, 0, 0, 0, 0, 0, 0, 0, 0, 0, 0, 0, 0, 0, 0, 0, 0, 0, 0, 0, 0, 0, 0, 0, 0, 0, 0, 0, 0, 0, 0, 0, 0, 0, 0, 0, 0, 0, 0, 0, 0, 0, 0, 0, 0, 0, 0, 0, 0, 0, 0, 0, 0, 0, 0, 0, 0, 0, 0, 0, 0, 0, 0, 0, 0, 0, 0, 0, 0, 0, 0, 0, 0, 0, 0, 0, 0, 0, 0, 0, 0
98, 92, 86, 79, 70, 61, 51, 42, 35, 28, 21, 14, 6, -2, -13, -23, -34, -44, -52, -59, -64, -67, -70, -72, -73, -74, -75, -76, -77, -78, -77, -77, -76, -71, -60, -39, -10, 21, 49, 69, 80, 82, 79, 73, 67, 61, 54, 46, 39, 33, 29, 26, 24, 21, 17, 12, 6, 0, -6, -11, -16, -20, -23, -26, -29, -32, -35, -37, -39, -41, -42, -44, -45, -43, -35, -17, 9, 39, 67, 86, 95, 94, 88, 78, 68, 58, 47, 37, 27, 20, 15, 12, 9, 5, 0, -5, -12, -19, -26, -33, -38, -43, -47, -50, -53, -55, -57, -59, -61, -63, -65, -66, -66, -67, -68, -67, -60, -45, -18, 0, 0, 0, 0, 0, 0, 0, 0, 0, 0, 0, 0, 0, 0, 0, 0, 0, 0, 0, 0, 0, 0, 0, 0, 0, 0, 0, 0, 0, 0, 0, 0, 0, 0, 0, 0, 0, 0, 0, 0, 0, 0, 0, 0, 0, 0, 0, 0, 0, 0, 0, 0, 0, 0, 0, 0, 0, 0, 0, 0, 0, 0, 0, 0, 0, 0, 0, 0, 0, 0, 0, 0, 0, 0, 0, 0, 0, 0, 0, 0, 0, 0, 0, 0, 0, 0, 0, 0, 0, 0, 0, 0, 0, 0, 0, 0, 0, 0, 0, 0, 0, 0, 0, 0, 0, 0, 0, 0, 0, 0, 0, 0, 0, 0, 0, 0, 0, 0, 0, 0, 0, 0, 0, 0, 0, 0, 0, 0, 0, 0, 0, 0, 0, 0, 0, 0, 0, 0, 0, 0, 0, 0, 0, 0, 0, 0, 0, 0, 0, 0, 0, 0, 0, 0, 0, 0, 0, 0, 0, 0, 0, 0, 0, 0, 0, 0, 0, 0, 0, 0, 0, 0, 0, 0, 0, 0, 0, 0, 0, 0, 0
0, -5, -11, -16, -21, -24, -28, -30, -33, -36, -38, -40, -41, -42, -42, -43, -42, -38, -27, -7, 16, 42, 63, 77, 85, 87, 87, 85, 82, 77, 70, 62, 53, 44, 38, 32, 27, 22, 16, 9, 2, -4, -11, -18, -24, -29, -34, -38, -41, -44, -46, -48, -49, -51, -52, -53, -54, -56, -56, -55, -48, -32, -10, 13, 35, 50, 58, 59, 57, 54, 51, 46, 40, 32, 24, 17, 11, 6, 2, -1, -5, -11, -16, -22, -28, -33, -37, -40, -43, -45, -46, -47, -47, -48, -48, -48, -48, -48, -48, -48, -45, -36, -19, 2, 0, 0, 0, 0, 0, 0, 0, 0, 0, 0, 0, 0, 0, 0, 0, 0, 0, 0, 0, 0, 0, 0, 0, 0, 0, 0, 0, 0, 0, 0, 0, 0, 0, 0, 0, 0, 0, 0, 0, 0, 0, 0, 0, 0, 0, 0, 0, 0, 0, 0, 0, 0, 0, 0, 0, 0, 0, 0, 0, 0, 0, 0, 0, 0, 0, 0, 0, 0, 0, 0, 0, 0, 0, 0, 0, 0, 0, 0, 0, 0, 0, 0, 0, 0, 0, 0, 0, 0, 0, 0, 0, 0, 0, 0, 0, 0, 0, 0, 0, 0, 0, 0, 0, 0, 0, 0, 0, 0, 0, 0, 0, 0, 0, 0, 0, 0, 0, 0, 0, 0, 0, 0, 0, 0, 0, 0, 0, 0, 0, 0, 0, 0, 0, 0, 0, 0, 0, 0, 0, 0, 0, 0, 0, 0, 0, 0, 0, 0, 0, 0, 0, 0, 0, 0, 0, 0, 0, 0, 0, 0, 0, 0, 0, 0, 0, 0, 0, 0, 0, 0, 0, 0, 0, 0, 0, 0, 0, 0, 0, 0, 0, 0, 0, 0, 0, 0, 0, 0, 0, 0, 0, 0, 0, 0, 0, 0
39, 63, 80, 88, 89, 85, 78, 71, 63, 53, 44, 34, 27, 21, 16, 12, 7, 2, -3, -10, -17, -24, -31, -38, -43, -48, -51, -53, -55, -57, -58, -59, -60, -60, -60, -60, -60, -59, -54, -41, -19, 9, 37, 61, 76, 84, 85, 82, 78, 74, 68, 60, 52, 43, 35, 29, 23, 18, 13, 8, 1, -5, -12, -19, -25, -31, -35, -39, -43, -46, -48, -50, -52, -53, -54, -55, -56, -57, -53, -43, -23, 3, 32, 57, 74, 83, 84, 82, 77, 72, 65, 57, 48, 40, 32, 26, 20, 16, 11, 6, 0, -5, -12, -19, -26, -32, -37, -42, -47, -51, -54, -57, -60, -62, -63, -65, -66, -65, -59, -44, -22, 2, 0, 0, 0, 0, 0, 0, 0, 0, 0, 0, 0, 0, 0, 0, 0, 0, 0, 0, 0, 0, 0, 0, 0, 0, 0, 0, 0, 0, 0, 0, 0, 0, 0, 0, 0, 0, 0, 0, 0, 0, 0, 0, 0, 0, 0, 0, 0, 0, 0, 0, 0, 0, 0, 0, 0, 0, 0, 0, 0, 0, 0, 0, 0, 0, 0, 0, 0, 0, 0, 0, 0, 0, 0, 0, 0, 0, 0, 0, 0, 0, 0, 0, 0, 0, 0, 0, 0, 0, 0, 0, 0, 0, 0, 0, 0, 0, 0, 0, 0, 0, 0, 0, 0, 0, 0, 0, 0, 0, 0, 0, 0, 0, 0, 0, 0, 0, 0, 0, 0, 0, 0, 0, 0, 0, 0, 0, 0, 0, 0, 0, 0, 0, 0, 0, 0, 0, 0, 0, 0, 0, 0, 0, 0, 0, 0, 0, 0, 0, 0, 0, 0, 0, 0, 0, 0, 0, 0, 0, 0, 0, 0, 0, 0, 0, 0, 0, 0, 0, 0, 0, 0, 0, 0, 0, 0, 0, 0, 0
78, 97, 107, 108, 103, 97, 89, 82, 73, 63, 52, 43, 35, 29, 23, 18, 11, 5, -2, -9, -16, -23, -28, -33, -38, -41, -45, -48, -50, -53, -55, -57, -58, -60, -60, -61, -60, -53, -37, -12, 17, 47, 70, 84, 88, 87, 83, 77, 70, 62, 53, 44, 35, 28, 22, 18, 13, 8, 3, -3, -10, -17, -24, -30, -36, -41, -45, -49, -52, -55, -58, -61, -63, -65, -66, -68, -69, -70, -69, -61, -44, -20, 7, 33, 51, 61, 64, 61, 57, 51, 45, 38, 31, 23, 17, 13, 10, 7, 4, 0, -4, -10, -16, -22, -27, -31, -34, -37, -39, -40, -41, -41, -42, -42, -42, -42, -42, -42, -42, -40, -31, -14, 8, 0, 0, 0, 0, 0, 0, 0, 0, 0, 0, 0, 0, 0, 0, 0, 0, 0, 0, 0, 0, 0, 0, 0, 0, 0, 0, 0, 0, 0, 0, 0, 0, 0, 0, 0, 0, 0, 0, 0, 0, 0, 0, 0, 0, 0, 0, 0, 0, 0, 0, 0, 0, 0, 0, 0, 0, 0, 0, 0, 0, 0, 0, 0, 0, 0, 0, 0, 0, 0, 0, 0, 0, 0, 0, 0, 0, 0, 0, 0, 0, 0, 0, 0, 0, 0, 0, 0, 0, 0, 0, 0, 0, 0, 0, 0, 0, 0, 0, 0, 0, 0, 0, 0, 0, 0, 0, 0, 0, 0, 0, 0, 0, 0, 0, 0, 0, 0, 0, 0, 0, 0, 0, 0, 0, 0, 0, 0, 0, 0, 0, 0, 0, 0, 0, 0, 0, 0, 0, 0, 0, 0, 0, 0, 0, 0, 0, 0, 0, 0, 0, 0, 0, 0, 0, 0, 0, 0, 0, 0, 0, 0, 0, 0, 0, 0, 0, 0, 0, 0, 0, 0, 0, 0, 0, 0, 0, 0
-5, -6, -8, -10, -14, -19, -24, -29, -34, -39, -42, -45, -47, -48, -49, -49, -50, -50, -49, -49, -49, -48, -48, -48, -46, -41, -27, -7, 17, 40, 56, 63, 63, 57, 50, 42, 34, 28, 22, 17, 13, 10, 9, 7, 5, 2, -1, -6, -11, -15, -19, -23, -25, -27, -29, -30, -31, -33, -34, -34, -35, -34, -34, -34, -34, -34, -33, -33, -31, -25, -10, 12, 39, 64, 81, 89, 90, 86, 79, 72, 65, 58, 50, 42, 35, 30, 25, 21, 17, 13, 8, 2, -3, -10, -16, -21, -26, -30, -33, -36, -38, -40, -42, -44, -45, -46, -46, -46, -46, -46, -46, -46, -46, -45, -41, -29, -7, 0, 0, 0, 0, 0, 0, 0, 0, 0, 0, 0, 0, 0, 0, 0, 0, 0, 0, 0, 0, 0, 0, 0, 0, 0, 0, 0, 0, 0, 0, 0, 0, 0, 0, 0, 0, 0, 0, 0, 0, 0, 0, 0, 0, 0, 0, 0, 0, 0, 0, 0, 0, 0, 0, 0, 0, 0, 0, 0, 0, 0, 0, 0, 0, 0, 0, 0, 0, 0, 0, 0, 0, 0, 0, 0, 0, 0, 0, 0, 0, 0, 0, 0, 0, 0, 0, 0, 0, 0, 0, 0, 0, 0, 0, 0, 0, 0, 0, 0, 0, 0, 0, 0, 0, 0, 0, 0, 0, 0, 0, 0, 0, 0, 0, 0, 0, 0, 0, 0, 0, 0, 0, 0, 0, 0, 0, 0, 0, 0, 0, 0, 0, 0, 0, 0, 0, 0, 0, 0, 0, 0, 0, 0, 0, 0, 0, 0, 0, 0, 0, 0, 0, 0, 0, 0, 0, 0, 0, 0, 0, 0, 0, 0, 0, 0, 0, 0, 0, 0, 0, 0, 0, 0, 0, 0, 0, 0, 0, 0, 0, 0, 0, 0
10, 42, 67, 83, 89, 89, 84, 79, 72, 66, 58, 49, 41, 33, 26, 21, 16, 12, 7, 1, -5, -11, -18, -24, -29, -34, -37, -40, -43, -45, -46, -48, -48, -49, -49, -49, -49, -49, -48, -48, -47, -43, -32, -11, 17, 46, 70, 86, 92, 91, 86, 80, 73, 66, 58, 49, 40, 32, 25, 19, 14, 9, 3, -2, -8, -15, -22, -28, -33, -38, -41, -44, -47, -48, -49, -50, -50, -50, -50, -50, -49, -49, -49, -49, -47, -39, -22, 3, 31, 55, 72, 81, 81, 77, 71, 64, 58, 51, 44, 37, 31, 27, 24, 21, 18, 13, 8, 2, -4, -11, -17, -23, -28, -32, -35, -38, -40, -41, -42, -43, -44, -44, -44, -44, -44, -42, -34, -19, 3, 0, 0, 0, 0, 0, 0, 0, 0, 0, 0, 0, 0, 0, 0, 0, 0, 0, 0, 0, 0, 0, 0, 0, 0, 0, 0, 0, 0, 0, 0, 0, 0, 0, 0, 0, 0, 0, 0, 0, 0, 0, 0, 0, 0, 0, 0, 0, 0, 0, 0, 0, 0, 0, 0, 0, 0, 0, 0, 0, 0, 0, 0, 0, 0, 0, 0, 0, 0, 0, 0, 0, 0, 0, 0, 0, 0, 0, 0, 0, 0, 0, 0, 0, 0, 0, 0, 0, 0, 0, 0, 0, 0, 0, 0, 0, 0, 0, 0, 0, 0, 0, 0, 0, 0, 0, 0, 0, 0, 0, 0, 0, 0, 0, 0, 0, 0, 0, 0, 0, 0, 0, 0, 0, 0, 0, 0, 0, 0, 0, 0, 0, 0, 0, 0, 0, 0, 0, 0, 0, 0, 0, 0, 0, 0, 0, 0, 0, 0, 0, 0, 0, 0, 0, 0, 0, 0, 0, 0, 0, 0, 0, 0, 0, 0, 0, 0, 0, 0, 0, 0, 0
69, 82, 87, 87, 83, 78, 70, 61, 50, 38, 27, 18, 11, 6, 1, -2, -8, -13, -19, -25, -31, -36, -41, -46, -49, -52, -54, -55, -55, -55, -55, -54, -53, -52, -51, -51, -50, -47, -37, -19, 6, 34, 59, 77, 86, 88, 86, 81, 75, 68, 59, 50, 41, 34, 28, 23, 20, 16, 11, 5, -1, -7, -14, -20, -25, -29, -33, -36, -38, -40, -41, -41, -42, -42, -42, -43, -43, -42, -36, -22, 0, 25, 49, 67, 78, 81, 80, 75, 70, 62, 54, 44, 35, 26, 20, 14, 10, 6, 1, -4, -10, -17, -23, -29, -34, -38, -41, -43, -45, -46, -46, -46, -45, -45, -44, -44, -43, -43, -42, -40, -33, -18, 4, 0, 0, 0, 0, 0, 0, 0, 0, 0, 0, 0, 0, 0, 0, 0, 0, 0, 0, 0, 0, 0, 0, 0, 0, 0, 0, 0, 0, 0, 0, 0, 0, 0, 0, 0, 0, 0, 0, 0, 0, 0, 0, 0, 0, 0, 0, 0, 0, 0, 0, 0, 0, 0, 0, 0, 0, 0, 0, 0, 0, 0, 0, 0, 0, 0, 0, 0, 0, 0, 0, 0, 0, 0, 0, 0, 0, 0, 0, 0, 0, 0, 0, 0, 0, 0, 0, 0, 0, 0, 0, 0, 0, 0, 0, 0, 0, 0, 0, 0, 0, 0, 0, 0, 0, 0, 0, 0, 0, 0, 0, 0, 0, 0, 0, 0, 0, 0, 0, 0, 0, 0, 0, 0, 0, 0, 0, 0, 0, 0, 0, 0, 0, 0, 0, 0, 0, 0, 0, 0, 0, 0, 0, 0, 0, 0, 0, 0, 0, 0, 0, 0, 0, 0, 0, 0, 0, 0, 0, 0, 0, 0, 0, 0, 0, 0, 0, 0, 0, 0, 0, 0, 0, 0, 0, 0, 0, 0
224, 212, 198, 185, 172, 159, 148, 139, 130, 120, 110, 100, 89, 78, 67, 57, 48, 40, 32, 24, 17, 10, 4, 0, -4, -8, -11, -15, -17, -18, -13, 0, 18, 39, 57, 68, 72, 70, 64, 56, 48, 39, 30, 21, 14, 8, 4, 1, -1, -4, -7, -12, -18, -23, -28, -33, -37, -41, -43, -45, -47, -47, -48, -49, -49, -50, -50, -50, -46, -36, -18, 4, 27, 45, 55, 58, 55, 49, 42, 34, 26, 18, 11, 6, 2, 0, -2, -4, -6, -10, -14, -19, -24, -28, -32, -36, -39, -41, -43, -45, -46, -46, -46, -46, -45, -44, -43, -42, -39, -31, -15, 9, 36, 60, 77, 85, 86, 82, 75, 68, 61, 52, 44, 36, 28, 22, 17, 13, 9, 5, 0, -5, -11, -16, -22, -27, -31, -35, -38, -40, -42, -43, -44, -45, -45, -45, -44, -44, -43, -41, -33, -17, 5, 0, 0, 0, 0, 0, 0, 0, 0, 0, 0, 0, 0, 0, 0, 0, 0, 0, 0, 0, 0, 0, 0, 0, 0, 0, 0, 0, 0, 0, 0, 0, 0, 0, 0, 0, 0, 0, 0, 0, 0, 0, 0, 0, 0, 0, 0, 0, 0, 0, 0, 0, 0, 0, 0, 0, 0, 0, 0, 0, 0, 0, 0, 0, 0, 0, 0, 0, 0, 0, 0, 0, 0, 0, 0, 0, 0, 0, 0, 0, 0, 0, 0, 0, 0, 0, 0, 0, 0, 0, 0, 0, 0, 0, 0, 0, 0, 0, 0, 0, 0, 0, 0, 0, 0, 0, 0, 0, 0, 0, 0, 0, 0, 0, 0, 0, 0, 0, 0, 0, 0, 0, 0, 0, 0, 0, 0, 0, 0, 0, 0, 0, 0, 0, 0, 0, 0, 0, 0, 0, 0, 0, 0, 0, 0, 0, 0, 0
15, 43, 63, 73, 74, 69, 60, 51, 43, 34, 26, 18, 12, 7, 4, 1, -1, -5, -10, -16, -22, -27, -32, -37, -40, -43, -45, -48, -49, -51, -52, -52, -51, -50, -49, -47, -45, -43, -37, -22, 2, 33, 64, 88, 101, 105, 102, 95, 87, 79, 70, 59, 48, 38, 29, 22, 17, 12, 7, 1, -5, -12, -19, -26, -32, -37, -42, -45, -48, -50, -51, -52, -53, -53, -52, -51, -50, -49, -49, -47, -41, -27, -2, 28, 58, 82, 96, 101, 98, 92, 85, 77, 68, 58, 47, 36, 26, 19, 13, 8, 2, -2, -8, -15, -22, -29, -35, -40, -45, -49, -52, -55, -56, -57, -58, -58, -58, -57, -56, -55, -54, -54, -51, -42, -23, 3, 0, 0, 0, 0, 0, 0, 0, 0, 0, 0, 0, 0, 0, 0, 0, 0, 0, 0, 0, 0, 0, 0, 0, 0, 0, 0, 0, 0, 0, 0, 0, 0, 0, 0, 0, 0, 0, 0, 0, 0, 0, 0, 0, 0, 0, 0, 0, 0, 0, 0, 0, 0, 0, 0, 0, 0, 0, 0, 0, 0, 0, 0, 0, 0, 0, 0, 0, 0, 0, 0, 0, 0, 0, 0, 0, 0, 0, 0, 0, 0, 0, 0, 0, 0, 0, 0, 0, 0, 0, 0, 0, 0, 0, 0, 0, 0, 0, 0, 0, 0, 0, 0, 0, 0, 0, 0, 0, 0, 0, 0, 0, 0, 0, 0, 0, 0, 0, 0, 0, 0, 0, 0, 0, 0, 0, 0, 0, 0, 0, 0, 0, 0, 0, 0, 0, 0, 0, 0, 0, 0, 0, 0, 0, 0, 0, 0, 0, 0, 0, 0, 0, 0, 0, 0, 0, 0, 0, 0, 0, 0, 0, 0, 0, 0, 0, 0, 0, 0, 0, 0, 0, 0, 0, 0